article_count,has_video,author_count,is_editorial,content_quality_score,read_time_minutes,article_age_days,distance_from_main_topic,external_links_count,daily_page_views,comment_count,user_engagement_score,social_shares
34.0,1.0,9.0,1.0,0.2964640464866374,9.118026906579491,6.0,17.94387584279733,4.0,711.0,1.6610105731044515,0.31249102489325986,54.47179798017356
38.0,0.0,28.0,1.0,0.7046144795182541,6.987061778200381,36.0,0.7792187965112873,4.0,731.0,6.262419916375265,0.4684392625918587,66.07496334884716
35.0,0.0,4.0,1.0,0.08355801007301727,7.388847990139035,9.0,15.593622886713785,1.0,211.0,5.866047162781788,0.06979440829930794,55.35567457895179
49.0,1.0,21.0,0.0,0.48099979765137374,3.752699428460851,26.0,15.962027635766544,10.0,974.0,9.786609431463084,0.9336074741186493,0.9363928458284292
37.0,0.0,29.0,0.0,0.5822119434284001,1.5555852968418353,22.0,3.562060604824432,8.0,890.0,9.826148300818609,0.7226839557265943,6.263801101198638
24.0,0.0,16.0,1.0,0.6221378759612747,8.960487613781417,14.0,14.427687241002427,0.0,204.0,0.9509666279833953,0.35501705018913965,84.42316467351245
29.0,0.0,1.0,1.0,0.028901670319096795,7.018026469467333,1.0,17.766288670711585,0.0,143.0,2.5748041448699257,0.0968173949051665,66.08425054639484
39.0,1.0,2.0,1.0,0.1995369632475142,9.942989849047194,4.0,10.244105776749425,1.0,357.0,5.386128453943358,0.021546638531416917,94.29187796123162
41.0,0.0,10.0,1.0,0.3140009879549539,3.870317836406631,39.0,3.4005460964110146,1.0,163.0,6.11735287775428,0.8604089238323901,64.986438897937
36.0,0.0,20.0,0.0,0.7318379671694901,1.8408837459260856,28.0,6.349648031319112,1.0,340.0,2.0059280038121443,0.3766703500463054,61.5312930776893
33.0,0.0,7.0,0.0,0.25835884383234387,4.658949983982891,7.0,8.564057859101705,3.0,682.0,9.140701853913866,0.1885061926605032,62.101251258879984
38.0,0.0,5.0,0.0,0.09105594046166499,4.507553691619374,2.0,9.732200916053056,0.0,135.0,1.5563833733909442,0.3856884609033148,76.49183443599904
42.0,0.0,22.0,0.0,0.6571269552438258,1.3105542808263904,23.0,7.721920777273141,2.0,457.0,7.39128340480233,0.5394102069969078,15.96101325312381
30.0,0.0,4.0,0.0,0.10998079493642343,3.0758342784614046,3.0,10.224292467293413,1.0,162.0,2.5582231977035716,0.36491313570567163,57.632291496347555
44.0,1.0,7.0,1.0,0.43821247435048255,3.5450064589785906,5.0,9.964619341675174,2.0,535.0,4.764229174798983,0.627317508017316,41.927110699738954
36.0,1.0,15.0,1.0,0.41452451513538285,9.441761984218125,24.0,7.074750215303753,4.0,556.0,6.760269235334668,0.13942819782469162,74.80960045635717
33.0,0.0,4.0,0.0,0.0677336847984017,3.9944566027177224,16.0,15.102495491956061,0.0,128.0,6.835091197183707,0.32499295023860036,47.91899789876043
32.0,1.0,6.0,0.0,0.3668524411330325,7.417835127044131,21.0,8.379969395229704,3.0,526.0,3.6917405450858922,0.1861549597876136,91.661375695483
36.0,0.0,17.0,0.0,0.4482373360880113,4.565325278524604,41.0,6.3854104633484905,5.0,777.0,4.622195064366102,0.5312740379968802,76.01847897545004
43.0,1.0,15.0,0.0,0.5480397046948758,1.4271474356041827,34.0,5.864615009813059,9.0,961.0,7.305603916142251,0.8180102737344643,6.838186906409199
42.0,0.0,26.0,0.0,0.7572386246686105,0.020416451581724004,27.0,9.966152460315726,10.0,873.0,8.519029005209369,0.9963155522527427,9.162586777024622
29.0,1.0,0.0,1.0,0.003957726470096068,7.26151320357889,1.0,19.660026278844256,0.0,215.0,1.899428909335645,0.10919414261349963,88.04524171727371
29.0,0.0,13.0,0.0,0.644243831916361,9.270304334567477,44.0,1.697009767892033,3.0,546.0,7.17955857579337,0.1400591859322866,95.60992746402738
38.0,0.0,8.0,0.0,0.4264992171583176,5.94945115303473,14.0,8.910277546619122,1.0,375.0,1.6194084040999757,0.20519844157806416,54.37458396084001
49.0,1.0,24.0,0.0,0.7196361714104592,2.3327931855802637,23.0,14.381013311925702,5.0,845.0,3.823756364984134,0.8284481471606551,8.347286345582027
29.0,0.0,15.0,0.0,0.5157251045221022,9.128387662546707,19.0,4.734017152988471,1.0,300.0,4.533522374052522,0.04131219695795707,96.37231568660647
35.0,1.0,6.0,0.0,0.04764992555119141,6.196131904595909,0.0,17.184599848630107,0.0,200.0,4.626404914174646,0.3059838041763115,39.70956867667437
31.0,1.0,0.0,0.0,0.047233788510230634,4.672906935420662,15.0,19.799677887083867,0.0,108.0,2.5096322960875024,0.5242051347989152,63.037159045752084
30.0,0.0,16.0,1.0,0.23091468888361688,7.581333132442222,6.0,10.762787283481222,2.0,547.0,1.7531254590517409,0.03341994000066395,99.92377560771075
27.0,1.0,13.0,0.0,0.257142637195814,4.111357649146395,10.0,10.97602501402801,0.0,482.0,0.6253810358376075,0.3605375766378504,85.95804503640727
30.0,0.0,18.0,0.0,0.6962197373821879,0.9070632073143061,33.0,7.6782119443366055,1.0,470.0,3.2066172479910366,0.7689290945365722,4.99553570870151
41.0,0.0,30.0,1.0,0.8341378834119337,4.491608472613385,44.0,1.7761511253587905,9.0,935.0,8.412704750836614,0.8994611856507758,36.40970226836908
31.0,1.0,9.0,0.0,0.16150609816337547,1.8724219083375973,0.0,19.361432000893814,3.0,430.0,2.092011420221703,0.5182053473915859,29.20621470199191
29.0,1.0,14.0,0.0,0.19287539157432843,3.953301336973777,20.0,19.210789230335095,0.0,243.0,5.228726397280222,0.5175345333991934,15.760545081146553
39.0,0.0,20.0,0.0,0.7575877741178609,7.24719153335371,26.0,6.360326051672259,5.0,578.0,6.356864088781046,0.37609777897132773,56.997319354430736
41.0,0.0,24.0,1.0,0.7806683391680677,4.98970989425356,20.0,2.0883557131219037,4.0,755.0,7.164918762023242,0.2604517697183837,82.33763908607575
46.0,1.0,10.0,1.0,0.28015477493540064,3.9449248034786217,3.0,9.749911858960372,6.0,642.0,8.230632073716762,0.590646335729337,61.16704990704733
50.0,0.0,30.0,0.0,0.8337366030116717,4.097930384731868,40.0,0.4818731664224867,10.0,962.0,9.711069184289537,0.9200091242873708,11.46905666679347
38.0,0.0,14.0,1.0,0.5963862915793366,7.590092981797449,30.0,11.864589001317903,5.0,729.0,6.673318477179889,0.49293312461305194,54.7084309913658
40.0,0.0,12.0,1.0,0.7124052766957228,4.389942627753616,43.0,10.688158247355545,6.0,580.0,3.2050450843595377,0.39910217406968307,60.84600763078707
28.0,0.0,3.0,0.0,0.5258190064056358,3.1382085507763557,8.0,11.8978134452839,1.0,297.0,3.973784351671557,0.660190195658708,49.646926521036384
33.0,1.0,4.0,1.0,0.4910811947683048,3.870263924629133,2.0,16.429393085042477,1.0,338.0,4.511071930309631,0.17017297713109053,62.17824453725176
34.0,0.0,27.0,1.0,0.6841728617267385,7.189603822979445,33.0,3.0107101615650658,2.0,690.0,2.5750296768845935,0.2192822441308049,94.60143738587125
36.0,0.0,10.0,0.0,0.673881903292929,5.17147524809799,32.0,2.185963978582489,7.0,859.0,7.564227257896014,0.52104212784661,28.350865962978038
32.0,0.0,7.0,0.0,0.3231289103370134,5.721356290633082,32.0,14.226309299945052,1.0,228.0,3.060000368377593,0.21115479909410276,79.75200456753011
42.0,0.0,20.0,0.0,0.903945587018249,0.41387141458130117,28.0,5.172059976654831,4.0,648.0,2.8587323469370576,0.9867850668882568,1.4115366793883268
41.0,1.0,27.0,0.0,0.53718782788267,5.149519624063307,14.0,5.043576182250522,9.0,983.0,9.53664355789323,0.24587949946449836,45.76547602683574
41.0,0.0,17.0,0.0,0.3198486550590799,4.76954226190338,6.0,5.0622643975478585,6.0,725.0,4.851751166962035,0.31573573523795784,70.23980038728314
30.0,0.0,25.0,0.0,0.9156140521255205,2.5146286483747486,39.0,3.6149164329049563,1.0,324.0,6.104422676249015,0.8619367076646373,9.952498067322665
37.0,0.0,13.0,0.0,0.40552226289462984,6.6610316953139215,28.0,6.97295439983859,7.0,689.0,9.499684478279697,0.7293900233140937,16.23948091114454
28.0,0.0,6.0,0.0,0.07641922067693291,9.422358571234675,26.0,12.799971584237838,0.0,113.0,5.020106831651824,0.12129219597624308,97.28797494672341
49.0,1.0,20.0,1.0,0.9094060531648563,3.1415803474138793,39.0,9.430574399609627,9.0,792.0,6.526304500213922,0.9237394095168066,3.5492026676675437
28.0,0.0,8.0,0.0,0.60097686531758,7.753959073173315,21.0,13.78064914583581,3.0,664.0,8.066033399377062,0.1698608701371886,61.74245266004168
39.0,1.0,24.0,0.0,0.9170304445821567,6.2567814733232,46.0,5.661885129479198,10.0,990.0,2.8949957286652914,0.7762173572206568,23.65878902974566
45.0,0.0,25.0,1.0,0.793716404514452,5.926408258268773,48.0,0.866815746412871,5.0,696.0,3.4569842723904483,0.7583814480459419,66.2731451961115
36.0,1.0,19.0,0.0,0.5172539576415557,8.89361358420366,23.0,8.17732132423799,5.0,794.0,1.211986967124099,0.1728003178899183,92.75896532850292
29.0,0.0,15.0,0.0,0.6855453741163526,3.9325426980559275,38.0,12.872979557337652,4.0,772.0,7.022761049693071,0.3770380378907751,19.63463524206441
35.0,0.0,21.0,0.0,0.32418440386435654,0.7235282305872879,23.0,5.010333861880266,0.0,405.0,3.4747582831130592,0.3570007708050846,48.73992855447153
25.0,0.0,3.0,0.0,0.22762197057700206,3.2378149273294174,5.0,10.302665312829308,2.0,386.0,2.460031218347326,0.1348490183116577,51.56768243488134
36.0,0.0,16.0,0.0,0.8665834651224007,8.727049882935471,43.0,0.763068627659564,1.0,464.0,5.877965114947269,0.7472303600014816,42.553824401835556
25.0,0.0,4.0,1.0,0.3443091434726143,3.096135015743287,34.0,16.492954473539836,0.0,180.0,1.7919344170699905,0.3308970962608657,28.849283410519476
37.0,0.0,8.0,0.0,0.761137760427878,4.037102653463401,16.0,11.235323177731035,6.0,520.0,2.1623114251009317,0.33992671255005313,43.85018658080652
47.0,1.0,11.0,0.0,0.4230137642941179,7.567262651411289,10.0,14.50440705802129,8.0,913.0,6.058832434111089,0.18565955386418898,45.839794275493034
36.0,1.0,1.0,0.0,0.2156654460498834,4.2524458788652195,13.0,15.909651256516364,1.0,458.0,8.105663694960164,0.5565100125107316,18.944875501617652
35.0,1.0,2.0,1.0,0.05446719284187462,8.55699703950231,12.0,17.925931750958107,3.0,275.0,4.990413651610295,0.09752798183205313,83.98339009478387
33.0,1.0,1.0,1.0,0.0761144031933581,9.400690864333857,8.0,18.58695101696361,1.0,147.0,3.037710073187763,0.2261487620179357,86.25017844327527
44.0,0.0,26.0,0.0,0.6165326413772656,3.3285788789196324,27.0,4.112376334081921,6.0,870.0,9.611256557599111,0.617853437250675,6.998112432901294
37.0,0.0,29.0,0.0,0.9035429727973363,3.23538809571303,46.0,2.0418907270936186,9.0,991.0,5.3470540752871445,0.9417871182345532,3.20903975058949
41.0,0.0,30.0,1.0,0.9632243565684226,5.573187805291025,47.0,0.44915766342783847,7.0,846.0,2.686263907798994,0.8188028869195463,40.21578369397001
31.0,0.0,13.0,0.0,0.7840900597934823,2.3839923345901175,13.0,9.391077319409534,1.0,322.0,0.9597507757764108,0.5181381015547886,49.489092378011776
31.0,0.0,8.0,0.0,0.7103598961584587,5.934173610934581,17.0,12.475083020312693,1.0,177.0,3.7235942048685287,0.4198957244098527,75.64493311501705
31.0,0.0,5.0,0.0,0.23301769326373267,4.401657165170975,12.0,7.5129296257255085,1.0,183.0,6.327348888162434,0.20141948242468768,78.62150774900115
33.0,0.0,14.0,1.0,0.25253683757880374,3.888354256696708,20.0,15.351384551647858,1.0,515.0,3.564679091900433,0.32953023741614157,44.10098999474454
36.0,0.0,19.0,0.0,0.8608229142273928,8.98886104463104,49.0,3.7924345553319636,1.0,276.0,4.533010143445985,0.8040937763838683,24.849621398345946
38.0,0.0,29.0,0.0,0.988985322581482,0.01911535821417587,37.0,3.045628865983982,6.0,738.0,2.405944514846629,0.8905150196651516,33.99066058823176
37.0,0.0,24.0,0.0,0.8790656201475167,4.905352431023152,49.0,5.009426250633039,2.0,649.0,4.372182552668843,0.8725113149006369,8.434215571553402
39.0,0.0,30.0,0.0,0.707809133436195,6.698005901180992,33.0,3.938227412379005,6.0,851.0,4.761801692089471,0.5211007574370093,56.783963204114116
42.0,0.0,11.0,0.0,0.2364177196008787,2.4169178812553986,7.0,7.6974454655111595,3.0,573.0,5.6078135071338275,0.8026484406355728,39.903335617271644
25.0,0.0,16.0,0.0,0.5268869189598214,2.7941093158034653,7.0,11.791837285896392,1.0,489.0,1.4945772000615625,0.5039754367119161,24.61311530032338
29.0,0.0,5.0,1.0,0.08658434003057414,7.160369264619469,1.0,17.011776153188052,3.0,292.0,8.442391818739523,0.1625258102622168,51.057642129829105
37.0,0.0,22.0,0.0,0.3608996896911758,7.684734566950221,38.0,2.1079779846915843,1.0,333.0,7.222706004120436,0.7124990145218894,77.60240406296488
41.0,0.0,19.0,1.0,0.3691047461468945,6.256385114714185,44.0,5.358908771563632,8.0,905.0,9.648503725515095,0.7691069406017164,25.37602311588667
26.0,0.0,17.0,0.0,0.29686848973795554,2.084965099124965,11.0,15.91527616590799,1.0,261.0,9.30627578690589,0.24898690781618318,15.243193298023101
39.0,0.0,17.0,1.0,0.49116335118219506,5.508746770164917,37.0,7.711699852662316,8.0,917.0,8.930999719029568,0.8893012306478625,28.069215883989802
29.0,0.0,20.0,0.0,0.6749456342239537,0.829979933660411,38.0,12.028851348792315,0.0,236.0,6.423622215152006,0.7035616576377286,5.0784054166486285
36.0,0.0,12.0,1.0,0.7743988243063499,6.495263213213775,45.0,1.9622584691536966,2.0,337.0,0.2878507530053165,0.7859938865568561,65.60875112187088
33.0,1.0,2.0,0.0,0.31101485598515544,6.684961858735786,3.0,16.82881389379066,0.0,121.0,1.034544168877904,0.366095642524314,68.54575863785587
41.0,0.0,28.0,0.0,0.9614251827672775,5.863606256431989,43.0,2.502129350661871,5.0,929.0,8.402496844798236,0.9258373721306923,33.308723470362324
42.0,0.0,28.0,0.0,0.9876571583192837,0.3562249258272656,48.0,4.219040709644614,7.0,882.0,4.805786445056861,0.9518843327913811,23.15750680743877
34.0,0.0,3.0,0.0,0.21489995449617671,8.896246387034745,32.0,12.604575866067457,1.0,181.0,7.413173443159286,0.44731028775535786,38.27497190969067
38.0,0.0,30.0,0.0,0.9509551743899733,0.24603495349511295,40.0,2.4754902630717455,4.0,719.0,3.5064101579884754,0.6755954293232524,10.057121701960824
29.0,0.0,19.0,0.0,0.36001623304734426,7.840334632886259,29.0,6.048022593104474,4.0,763.0,9.401249550706972,0.1494522123144068,91.7913431481426
34.0,0.0,27.0,0.0,0.8761541478364829,0.26590492575703273,18.0,7.5248642863729716,7.0,756.0,9.376481726922833,0.9014095606306112,3.5492449413424367
42.0,1.0,3.0,0.0,0.1699129895011653,8.825653038641024,22.0,14.3789247953407,1.0,426.0,2.6321152779115713,0.08616397256628777,91.6546081495639
38.0,0.0,6.0,1.0,0.4336565123722559,8.05363410933777,11.0,7.411753999858978,3.0,603.0,2.4458965205590304,0.15339120577275278,85.32068674810019
53.0,0.0,29.0,0.0,0.9590377864938027,4.881399326290315,42.0,2.964894929758896,10.0,979.0,6.482127204010856,0.8130757748435562,30.752534311525007
41.0,0.0,9.0,0.0,0.4544562934253851,4.296295450697723,41.0,11.0261597357518,2.0,330.0,4.166887224540432,0.8505737734080798,38.723838479277994
24.0,0.0,23.0,1.0,0.2649249868038427,4.525200838175015,13.0,11.18496731671878,3.0,559.0,7.516963303867785,0.4298070404426916,83.36046261976597
30.0,1.0,13.0,0.0,0.37561874500010656,5.680389611428639,5.0,19.069238304596556,0.0,256.0,0.35188700948363216,0.4106037904650423,57.689445781184375
37.0,1.0,1.0,0.0,0.1796255060720105,5.75701536217934,24.0,18.924264527054923,0.0,134.0,0.32596715712873614,0.1657855045222334,82.6905112976651
43.0,1.0,27.0,0.0,0.6222970245070906,6.8390462017735905,25.0,13.565643511267293,8.0,900.0,7.7437259907447515,0.8793467842887838,12.753962917613691
43.0,1.0,25.0,0.0,0.9306553838559422,0.546767117935941,38.0,7.49967809409377,7.0,897.0,6.589519052759016,0.8168550234284293,4.239321109110293
35.0,0.0,25.0,0.0,0.7476531014770676,2.2222409785610386,31.0,10.137134391472033,5.0,829.0,6.253896084418806,0.8317881221713812,20.257051045668423
41.0,1.0,3.0,0.0,0.07990972644193695,9.596291037425726,10.0,17.89397984773602,5.0,622.0,2.5377677893862556,0.05251378002970564,93.04515082471295
41.0,0.0,30.0,0.0,0.9822498624764622,6.9025274282377485,46.0,1.4380562692244707,10.0,999.0,9.646934628543276,0.6251901176112988,12.300581843509647
33.0,0.0,5.0,0.0,0.6643060678946391,6.754263961990565,30.0,4.573440412808738,1.0,269.0,2.054842156263261,0.40985309122367286,67.07196960426926
27.0,0.0,15.0,1.0,0.7112858784889112,4.835958029748039,28.0,5.877516563594996,2.0,550.0,6.7480443935595735,0.5536423972081734,69.52216086942785
32.0,1.0,20.0,0.0,0.27863092937372114,8.954171159767169,7.0,14.93716709781354,0.0,280.0,3.303298046662739,0.14876504180375277,72.13223777744207
38.0,0.0,18.0,1.0,0.7444663421466863,5.730313065800109,25.0,1.743411827082947,5.0,618.0,3.9494591509351924,0.25147289574214954,89.06164391262075
36.0,1.0,19.0,1.0,0.39975343576598327,3.5026828265276624,7.0,17.280553152177667,1.0,600.0,0.8309036363919624,0.5320048088327722,60.315871856865755
33.0,0.0,28.0,1.0,0.9266339421485628,7.035624602187175,50.0,0.0237125371210265,4.0,745.0,0.9018627391106575,0.8648385788508606,76.90202573007025
42.0,0.0,27.0,0.0,0.9868149444872045,3.6238116189503033,50.0,0.026764012403228676,10.0,993.0,8.670429303400589,0.9684392413202871,26.587127685833305
41.0,0.0,30.0,0.0,0.8647102691467987,4.844814145169731,50.0,5.424508254909295,4.0,674.0,2.9998792546959305,0.9745732457518832,36.834434272825746
37.0,1.0,19.0,1.0,0.5840864097185923,4.926071455064018,23.0,9.984885464131336,4.0,678.0,6.684121813266298,0.5333940230011093,30.451992218143705
42.0,1.0,22.0,0.0,0.6620966398296767,4.492272527741654,18.0,12.658832632503152,4.0,673.0,4.965000728326414,0.5254412790915742,47.89876676511187
40.0,0.0,21.0,0.0,0.3343989878601263,7.860336465039849,13.0,10.237420235081736,8.0,924.0,9.646048629027456,0.6096341235894178,46.000737440372184
37.0,1.0,24.0,0.0,0.46271846636378416,6.2197670994323335,7.0,12.197170778034275,9.0,977.0,9.578274511404615,0.6330043421182816,45.52905137971022
33.0,0.0,6.0,0.0,0.09297596426822669,1.1962876554767936,3.0,11.731128590533471,3.0,640.0,8.511990017838345,0.6684714231927383,32.846427827397626
46.0,1.0,20.0,0.0,0.8186685059329505,5.0455817140828705,43.0,6.503795459215276,7.0,862.0,8.127524787512206,0.6543451730998687,55.882960243020555
39.0,0.0,11.0,0.0,0.33997041465866873,7.363623069577271,42.0,2.0812402077198175,2.0,312.0,8.973171429168449,0.20092717233703558,93.71600690924346
35.0,1.0,21.0,1.0,0.6751265953742673,9.341094284317453,8.0,14.0230647186906,2.0,646.0,5.689380649332432,0.36809312009425416,80.18022288516761
36.0,0.0,26.0,0.0,0.8840608536906918,0.49880913377168135,33.0,9.49946340842893,3.0,778.0,8.626641218022069,0.6385682655659392,21.664921691928697
40.0,0.0,27.0,0.0,0.6364894642545805,4.8357255528641065,34.0,9.72383549399037,2.0,625.0,9.007202907019103,0.4694524680363924,18.70302614846412
29.0,0.0,3.0,1.0,0.24348274703413786,9.897312715679988,21.0,15.513229755233258,0.0,103.0,3.075606114587855,0.05918523053917385,91.91637463156576
45.0,0.0,30.0,0.0,0.987220617767478,6.590341118539144,50.0,1.0232427332566685,5.0,787.0,6.101639623645466,0.9854277025496789,45.22365228995375
35.0,0.0,26.0,1.0,0.7435743770645304,0.6614124757767863,47.0,5.565602436421585,1.0,349.0,7.220228473221881,0.5619265406460887,25.780226295880464
41.0,0.0,8.0,0.0,0.16772284316475422,0.9896577597192051,24.0,9.772678134409285,4.0,679.0,9.668593269224349,0.6378442152464503,5.4092120220621425
35.0,0.0,23.0,1.0,0.34468338220431183,6.233928105427015,11.0,6.3805680816844,3.0,397.0,5.316433270298023,0.5441374750594107,61.5158715013483
38.0,0.0,17.0,0.0,0.35650916825791257,5.4556001214157135,8.0,8.434770566130238,4.0,747.0,4.897508249702833,0.3117742283977438,78.98949949487522
27.0,0.0,12.0,0.0,0.19526563418239662,4.551190964734794,24.0,12.914968974274519,2.0,353.0,9.582523532174815,0.17724812835859594,42.00472445900352
38.0,0.0,23.0,1.0,0.9583717433001668,4.952646410831803,48.0,0.27370088827910877,10.0,940.0,4.103263593016666,0.6692143127837857,31.658235136228367
31.0,1.0,16.0,1.0,0.12553905984359215,7.394924036701747,12.0,16.133343070849754,1.0,493.0,0.6684475458717882,0.11848689519019584,66.41400038977339
32.0,1.0,1.0,0.0,0.039757302376101755,7.437236331660305,2.0,19.27000094338274,0.0,124.0,2.9418928392917363,0.27880418099981386,67.99749268952314
38.0,1.0,25.0,1.0,0.3820081883194372,4.383702719258986,30.0,6.801052493229531,8.0,942.0,9.297224762863868,0.7313434974918525,26.75542865971211
37.0,1.0,9.0,1.0,0.6263437398064748,9.799696445253108,9.0,7.318131177920898,1.0,232.0,1.3052711235907477,0.11313991843013177,99.45279076765982
40.0,1.0,24.0,1.0,0.7381827721208776,6.14887162869983,42.0,2.4868157985136055,5.0,694.0,2.627889923643331,0.6866084757491677,44.77541480793988
35.0,1.0,22.0,0.0,0.3220285409498299,1.82373566798057,12.0,12.335063757729639,0.0,305.0,2.527515366827484,0.3221037932732208,49.49246555927803
36.0,0.0,25.0,0.0,0.38882617502699796,1.0993277807680335,33.0,11.884758295526016,3.0,553.0,8.311250954083366,0.5567776057252031,49.91749361643495
33.0,0.0,11.0,1.0,0.5804081194034693,4.1315846649412205,42.0,10.6173963990726,1.0,354.0,4.323716812043889,0.4168944810841222,31.250545396507494
43.0,1.0,18.0,0.0,0.3127859068516434,5.560517691934161,10.0,17.861658512194023,4.0,749.0,2.726716926221054,0.19417252313556185,61.11631972175765
35.0,0.0,9.0,0.0,0.7223257578381973,9.340878737770742,47.0,1.524894625348681,7.0,809.0,7.1649659267368015,0.37611520469882076,66.11286663492359
37.0,0.0,17.0,1.0,0.6691202589407459,0.7021427640076832,32.0,7.479644755342756,3.0,416.0,7.906650805430473,0.6681073310453154,21.948607211209964
42.0,1.0,10.0,1.0,0.3756424587858346,5.720455269008811,6.0,16.58919177885739,6.0,762.0,8.379563298341177,0.6685807699932291,55.679423194199956
32.0,0.0,7.0,1.0,0.5166932297728521,3.806349629679585,41.0,5.73985566015989,1.0,253.0,7.472770719962211,0.3844376813402684,53.465980305832076
50.0,0.0,24.0,1.0,0.8920652362658752,3.634532560669463,41.0,0.3306375487498521,8.0,945.0,7.142566749702924,0.8603471547817165,28.509335258468607
36.0,0.0,28.0,0.0,0.5615114039205205,5.770078882608121,43.0,8.85367091613897,7.0,864.0,9.711318470567658,0.8257812940706641,24.649834671368172
34.0,0.0,12.0,0.0,0.1516782959914335,4.499584538801491,5.0,17.326382017784645,2.0,442.0,9.322255384055833,0.6630812757415445,50.065599039346175
33.0,0.0,22.0,0.0,0.8641271402727285,5.117779356043113,47.0,7.270436472478375,8.0,957.0,7.107262719931562,0.37862911212661554,44.736453276105465
39.0,1.0,26.0,0.0,0.34165205125455805,3.607229569959859,18.0,13.399688094264151,7.0,815.0,4.932309966000732,0.7739064577181861,50.02987507670205
31.0,0.0,14.0,1.0,0.24769205796170451,7.48960480125249,8.0,8.081872238623433,0.0,167.0,0.3390630325585846,0.2908528584446831,60.685197317953936
40.0,0.0,26.0,1.0,0.5747707015101324,4.305021818255944,39.0,4.297729195993758,9.0,886.0,9.905331494872094,0.4165276882012967,63.792282856831726
41.0,0.0,30.0,1.0,0.9004477726543432,2.163023412352944,36.0,3.0064286211741598,10.0,981.0,9.046763795627115,0.7908949419022845,32.52804160944072
43.0,1.0,3.0,1.0,0.5773407496366677,8.308652595607722,12.0,10.416004114544299,8.0,632.0,4.824360874243384,0.3448434408928751,47.339037280776836
35.0,0.0,28.0,1.0,0.9354818650798475,8.242724360929888,29.0,0.8273704136621225,4.0,570.0,6.39825125481551,0.5849628760354375,65.01987676656968
31.0,0.0,9.0,1.0,0.7224970130372239,3.5993581915145274,30.0,8.775725633471213,3.0,306.0,1.70626644610104,0.7516666078726434,23.629910611948755
24.0,1.0,8.0,1.0,0.25621814878478877,5.313993880189624,6.0,18.83351443974923,3.0,671.0,5.827176659756291,0.24278746682298635,32.04344561438872
45.0,0.0,27.0,0.0,0.8761105877074304,2.3071975944378833,48.0,4.621596114780649,5.0,652.0,4.852979487078092,0.7193906085402867,7.311004287796088
31.0,0.0,16.0,0.0,0.5736074571009895,0.48454632917534735,39.0,9.05592999288775,2.0,595.0,4.9202335147807155,0.8020196147830356,48.881624649701884
42.0,1.0,15.0,1.0,0.24741719670233203,6.667908167488335,18.0,14.391764598292852,1.0,411.0,4.9035347463573995,0.23411074231667328,76.33694612886231
34.0,1.0,21.0,0.0,0.21173858905614457,2.6939274440768104,2.0,19.239783752530066,1.0,558.0,2.9359464724039848,0.6809487552321654,18.571663866963707
31.0,1.0,10.0,0.0,0.2311991631347981,6.082762009028029,7.0,14.685939200730598,1.0,246.0,3.8496636436221383,0.2179195187131104,76.7141557683763
34.0,0.0,19.0,0.0,0.5095616414374581,4.417374287815173,17.0,13.209767639183125,7.0,776.0,5.82313144432114,0.7458403660904716,40.097759979550446
31.0,0.0,6.0,0.0,0.08142109773174178,8.54427925481232,25.0,15.8725584649709,1.0,205.0,2.609478666243047,0.26259774795245916,85.07914709568541
35.0,0.0,4.0,0.0,0.2733593130657538,7.46515356017793,17.0,10.789778620715436,0.0,152.0,2.47927675430482,0.15531477021650203,71.55840936260404
42.0,1.0,4.0,1.0,0.07366575585984764,9.742981600471945,1.0,16.408441041596447,2.0,434.0,2.6367199578238427,0.31276651249134846,83.43518887681356
33.0,1.0,2.0,1.0,0.4037344824372926,9.372945182760521,7.0,11.446549255339157,3.0,510.0,3.725378564783003,0.16063532401826097,86.70731176044782
43.0,0.0,30.0,0.0,0.9955307241657974,6.807897382512886,37.0,3.2446754212939606,8.0,861.0,5.354146639940797,0.9040952991476489,6.964069811856639
24.0,0.0,8.0,0.0,0.1792555131959347,2.372421678472839,1.0,18.41709396098662,2.0,270.0,4.555257200684739,0.14406430542567894,32.98068424150973
37.0,1.0,2.0,1.0,0.15234982017184562,9.298000606591652,9.0,14.914260446893202,3.0,304.0,1.222599842428545,0.08499475038804,96.7995998206616
40.0,0.0,17.0,0.0,0.4086197784638066,8.290564074492195,29.0,10.378211064598798,1.0,431.0,1.90420918128595,0.3442450160351834,86.84760331200391
40.0,1.0,11.0,1.0,0.3908284008151044,7.1960134423004085,21.0,10.375627000282158,2.0,385.0,2.5521986497755806,0.6133364543135049,58.731833959508506
39.0,0.0,28.0,0.0,0.7452527527719234,1.987039011079303,21.0,5.030389310860748,4.0,717.0,9.472621711237059,0.5763544387534523,18.28730471028842
40.0,1.0,16.0,0.0,0.48433030255277876,1.075135495890696,11.0,17.825707131641067,3.0,685.0,3.0226685574307184,0.934048474660264,7.564044833134851
43.0,0.0,25.0,0.0,0.8607095111716991,1.8299223227334855,33.0,2.149935796962751,10.0,968.0,9.782386625683493,0.5496588737254929,6.634229389359099
34.0,0.0,10.0,0.0,0.5834565584745417,3.1384984460656735,41.0,6.164095934583457,4.0,651.0,5.069197309349053,0.4119794948010672,63.85104156291338
39.0,0.0,19.0,1.0,0.6065238184474651,8.40784593483132,28.0,2.243640695135908,8.0,695.0,8.247341349114329,0.25153438386300253,87.21008815566407
33.0,0.0,2.0,0.0,0.03370123978770834,4.6484204171776975,2.0,16.165689405097133,0.0,154.0,9.080960834300926,0.14683554032230967,82.40941936607612
39.0,0.0,27.0,0.0,0.5741155961162646,7.556592712605934,47.0,5.018750597992081,4.0,842.0,5.880971136864355,0.323761023486125,55.980060425444684
41.0,1.0,13.0,0.0,0.7778713183993631,8.907842505446098,46.0,3.8516190041931972,2.0,444.0,0.1831306323471651,0.6243198396609142,56.92458060360046
32.0,0.0,24.0,0.0,0.8245748319628763,8.90402745448516,18.0,5.6133539468737315,4.0,568.0,6.0411265818472435,0.5921869677918326,38.493824227390604
31.0,1.0,0.0,0.0,0.024202718345397667,4.903192975907091,1.0,18.752360829871414,0.0,145.0,6.050293919337527,0.15074110991039713,84.9207276613315
39.0,0.0,21.0,0.0,0.8311464915479938,8.500849950780957,43.0,1.0591053290772505,5.0,641.0,6.126100891364846,0.7218402799182293,63.665502612383335
30.0,0.0,26.0,0.0,0.608898037911581,6.893664699247415,46.0,2.9873198958371763,1.0,371.0,3.1354447203431235,0.43832384962093046,56.853487382266245
39.0,0.0,7.0,0.0,0.3284482818774398,7.854742669373,20.0,13.390378605388282,5.0,597.0,5.540329688845801,0.19171633983979122,83.48256369851575
35.0,0.0,4.0,0.0,0.4621833151670519,1.4919919806334434,32.0,13.63560223553389,2.0,403.0,7.4763289615501325,0.869145598266625,18.936964474695415
40.0,0.0,8.0,1.0,0.8303771420047459,8.038563872894507,29.0,5.76825054850408,8.0,594.0,5.160480854554675,0.34086620358453,65.88663828978471
42.0,0.0,18.0,0.0,0.7548752252638032,2.332373963610225,21.0,7.121564872038606,8.0,941.0,7.109119969902101,0.5301446283256229,5.39289944494282
49.0,1.0,19.0,0.0,0.2627857950932522,3.758483589192521,36.0,6.1341399308217035,6.0,888.0,4.753074771227273,0.4153995555792694,62.18924851393665
34.0,0.0,5.0,1.0,0.7121071748937675,3.1129255666891025,41.0,2.1788999322367886,3.0,517.0,0.8368122232858557,0.6279895375655293,62.83790211137045
28.0,0.0,23.0,0.0,0.3557339519869518,4.784663851891732,39.0,4.343877794075415,0.0,148.0,0.736599914194179,0.5701807475508154,58.670089269925455
37.0,0.0,18.0,0.0,0.46509640293438453,5.984952592639283,9.0,3.71382972374212,1.0,331.0,4.596539363283072,0.32970735323899114,86.14389543683265
36.0,0.0,13.0,0.0,0.6889154276769796,4.1951854527784675,43.0,8.536461596835347,2.0,317.0,8.897131734688621,0.7789521788660384,17.560299726755687
29.0,1.0,0.0,1.0,0.017576943214562712,8.580213967402605,0.0,18.50280957711808,1.0,231.0,2.3781767562028384,0.028494439456356102,96.47779972518065
30.0,0.0,3.0,1.0,0.2748606149784144,9.005472352826928,28.0,8.993824991191913,1.0,254.0,1.4029169059691626,0.07374709393064988,99.48534515071154
33.0,1.0,19.0,1.0,0.6365833678373833,5.621905240762722,29.0,5.5355129229564835,3.0,723.0,4.893530246256852,0.784277432846904,71.43550662752799
34.0,0.0,10.0,1.0,0.7118768947064946,1.5713462522690036,43.0,2.112663015637147,1.0,197.0,7.1011981757511276,0.6526188914142372,21.565899014492345
41.0,1.0,16.0,0.0,0.7683794959766269,5.660586434000526,20.0,8.458097628882749,2.0,355.0,0.25918831669733855,0.5191312748265592,80.93015569975955
42.0,1.0,16.0,1.0,0.47339939340464005,7.389639756139449,5.0,16.915874237330407,8.0,868.0,8.699376921115094,0.27445288696943626,74.57598987162689
43.0,1.0,20.0,0.0,0.5106941770952287,3.69584278160207,36.0,13.483284360522745,3.0,708.0,2.1820231130677836,0.895201394850756,7.775866322790833
43.0,0.0,30.0,0.0,0.8257777492771421,0.20918484984712116,25.0,8.774773717169424,7.0,895.0,8.550632394324637,0.9421123333597918,12.843073710012504
36.0,0.0,8.0,0.0,0.20405386770724887,7.630108337379001,6.0,15.41805927967594,5.0,658.0,9.5703243331193,0.5321091087987828,22.533311027535746
50.0,0.0,21.0,1.0,0.8165497502633268,4.014533546748155,37.0,4.636922054789696,9.0,925.0,6.584529409540343,0.6091924598153018,59.38995396552313
29.0,0.0,3.0,0.0,0.36886919114002026,5.868501632272463,21.0,6.725952429731105,0.0,104.0,0.2279977743052779,0.12053780439268597,75.21733522694265
36.0,0.0,7.0,1.0,0.46219041603028765,3.135099066206892,28.0,5.040194050603523,2.0,455.0,1.6265084608331182,0.5918032655412825,63.43078547220323
45.0,0.0,28.0,0.0,0.8678065282417902,2.1266115909328667,24.0,1.1985476374801882,10.0,994.0,8.922093429016401,0.8025878672699012,9.684879428641949
38.0,1.0,14.0,1.0,0.7596046208601948,5.518785285606078,37.0,6.0103175367114705,5.0,610.0,1.790582188808869,0.5562010272374619,50.30939243679009
25.0,0.0,12.0,0.0,0.47720874381675743,9.000993268849275,26.0,3.277135760297316,0.0,168.0,3.0013487652706603,0.45147374001520246,58.65552540818979
34.0,0.0,9.0,0.0,0.5942719781507901,6.164239683708435,44.0,10.295846970352269,6.0,712.0,6.930747764573641,0.4603870491855988,41.18720304677653
37.0,0.0,29.0,1.0,0.6609580927128349,1.5094327187907868,44.0,5.454150405610409,9.0,965.0,9.9830980172081,0.6994476012554971,6.615957928205503
38.0,0.0,15.0,0.0,0.2673706917818086,5.016514014050775,19.0,5.395732293286457,0.0,242.0,6.116734057560074,0.150842904821819,49.43049112829842
40.0,0.0,27.0,1.0,0.7495621398801958,1.0120382111576527,18.0,3.4459306141711368,8.0,823.0,4.454412037608371,0.5457723751327218,35.271798805962455
36.0,1.0,0.0,0.0,0.32069412993002994,4.819452466993883,9.0,14.336445517683654,3.0,320.0,5.1896394879577885,0.563369032858196,59.7387354708221
38.0,1.0,3.0,0.0,0.2530361907641636,6.855978025356459,3.0,16.938918349361764,3.0,374.0,6.847054847948818,0.0886946250005381,85.42335446113232
33.0,0.0,23.0,0.0,0.8128794297490569,1.419957065135225,37.0,11.366498801282576,1.0,647.0,4.275778636195951,0.6729710124602026,17.808207977838066
26.0,0.0,22.0,0.0,0.7250681201853388,8.4386688384222,36.0,4.345788876844622,2.0,475.0,5.801930358859848,0.5523021874029219,58.60577589361591
36.0,0.0,15.0,0.0,0.62881022699996,1.6955163358974175,24.0,4.797311117237601,0.0,406.0,2.0686093752708574,0.826451803498329,44.58866697380841
36.0,1.0,9.0,1.0,0.4717361387793413,4.51188802241109,36.0,11.200060567448187,5.0,621.0,6.841287642008746,0.501452853743935,78.26726965633681
34.0,1.0,9.0,0.0,0.5215470763004206,2.5820087762508313,15.0,10.833131343088734,1.0,182.0,0.6513885986747345,0.6337196026843308,72.73682029445702
43.0,0.0,29.0,0.0,0.9871696229878584,5.2695902891201625,50.0,2.673071116962774,7.0,932.0,3.7196086628532408,0.9867363232588494,5.0562616033735495
35.0,0.0,27.0,0.0,0.861469394285785,1.6072014251433249,48.0,4.400866694359488,7.0,781.0,5.412941206583638,0.7932932783139139,18.588016255888927
29.0,1.0,0.0,1.0,0.1472925458566856,9.903401836622685,22.0,14.98800137549189,0.0,105.0,3.61730797050454,0.08651219703840562,89.76822749548754
24.0,0.0,1.0,0.0,0.07090249722198988,5.099205061536252,18.0,10.985083238356282,0.0,127.0,3.058959132347611,0.44231018576178,39.96024551870745
37.0,1.0,1.0,0.0,0.04236538287999714,8.80035669485767,6.0,14.570750115858498,0.0,129.0,6.5517284135066856,0.0857264513158128,70.45148712719165
35.0,1.0,1.0,1.0,0.2896925634710579,9.744800439655894,29.0,15.062577930533267,3.0,443.0,2.094736367919806,0.0642159162707786,94.35972784940694
30.0,0.0,17.0,0.0,0.23547348372335297,8.04992226607973,35.0,11.753458122406126,0.0,365.0,5.711092518418357,0.3645163892002102,50.06714933393937
47.0,1.0,25.0,0.0,0.9488028696981383,7.73832583265864,24.0,1.622877304914021,10.0,971.0,2.637656567405421,0.7364276199415158,74.20900776631638
29.0,1.0,0.0,0.0,0.19430563300122555,8.199031226848476,0.0,19.9347122800037,0.0,117.0,0.48230843824716363,0.1401772431558751,65.58795383107697
24.0,0.0,3.0,0.0,0.45660727545022606,2.554525471555719,37.0,14.363341843356334,1.0,315.0,8.930873741573038,0.48737881031078606,49.75458605695545
33.0,0.0,22.0,0.0,0.5161526117511407,3.1104086442444028,36.0,9.782693822180615,6.0,688.0,4.414754376936819,0.724214254687578,35.19367381275341
39.0,0.0,11.0,1.0,0.5500443878523549,3.4006860816240403,35.0,2.5196198055433285,5.0,552.0,9.411991767636836,0.3853607167107323,60.28848334760684
36.0,1.0,3.0,0.0,0.29720365971510015,3.403723715957253,9.0,17.81267817467129,2.0,459.0,4.776001009291426,0.485801010257936,35.167853389052055
38.0,0.0,9.0,0.0,0.1837709626457169,3.4979218862311843,10.0,6.986772752351652,1.0,247.0,6.400932163841984,0.27375005937791197,35.738110867444654
51.0,1.0,10.0,0.0,0.6705229557437377,4.239328003485219,19.0,7.42689253536486,9.0,814.0,7.496019314510234,0.3848455730116387,37.663044856813855
32.0,0.0,3.0,1.0,0.10103281293403388,8.886230565422007,24.0,15.659569612427294,0.0,142.0,7.07786131646007,0.07669087977211725,85.04341440209103
40.0,0.0,24.0,0.0,0.40631833678688817,6.6372875319977656,10.0,6.769878584836615,5.0,813.0,5.323693574035226,0.5791111084444949,42.60447252364714
43.0,0.0,27.0,1.0,0.9661911945505437,6.254378002082928,49.0,0.37544887070046684,7.0,798.0,1.8642718905905973,0.5945795040443461,49.25167889852615
36.0,0.0,23.0,0.0,0.9195899704165051,5.283030594311692,44.0,0.6621884421919608,1.0,339.0,5.546938534426743,0.8125215548516868,68.44608680015972
41.0,0.0,12.0,1.0,0.865895484814747,5.392379646672367,48.0,1.1074148265061021,3.0,319.0,4.813403465230663,0.7531728992330251,53.72278288926438
45.0,1.0,13.0,1.0,0.6291454335374912,3.4920310969227057,43.0,4.278668744023974,7.0,894.0,6.196808332769969,0.5428776393730771,75.40894208028638
29.0,0.0,3.0,1.0,0.12174187719231783,7.5377333258358945,17.0,12.67768941242974,0.0,138.0,1.03544648437311,0.45841455375114787,66.94020262082148
35.0,1.0,5.0,0.0,0.3503396777818395,9.674838481029388,5.0,9.048543954032796,1.0,422.0,3.143724322067478,0.07908459200531015,98.88261531168298
34.0,1.0,21.0,0.0,0.6189563594069352,7.115791257270695,31.0,6.891485003873807,1.0,511.0,2.8322130921603472,0.45457683219253486,78.0803724578814
32.0,0.0,2.0,1.0,0.03486812703599668,6.163897720420266,15.0,17.287222510906297,2.0,216.0,8.347770954182593,0.49246477629205354,79.24983373960143
46.0,0.0,20.0,1.0,0.9558655787689436,7.515928571630104,31.0,1.670718373998744,4.0,469.0,5.16769656601366,0.7407495370355424,41.369318580896916
32.0,0.0,24.0,1.0,0.5616930764296666,7.607864635600089,38.0,10.21539788753253,2.0,659.0,8.104513521198609,0.46474854264251775,69.20853958458743
36.0,0.0,13.0,1.0,0.22066904849443936,3.458297030248482,3.0,13.56094297090836,3.0,364.0,8.833505429854869,0.40124858737599495,55.40037655270091
51.0,1.0,27.0,1.0,0.625821714899671,0.4312611960535815,33.0,8.802618726863724,3.0,736.0,3.8498597895156896,0.8949107766236097,18.367024310611423
37.0,0.0,13.0,1.0,0.7937049646002614,7.582270887471762,23.0,7.874776307423458,3.0,619.0,4.305616732051617,0.1538221638555889,80.720570926547
44.0,0.0,21.0,1.0,0.8381193962502378,0.3752880073092495,49.0,5.0962985238325675,6.0,742.0,6.784249278134604,0.8445215191925299,19.520101597194994
28.0,0.0,3.0,0.0,0.27880744730713625,9.116884593552742,7.0,12.899359029066883,1.0,257.0,7.059708499484751,0.3635717026994796,85.06506969853558
43.0,1.0,25.0,0.0,0.44810653767643766,8.191460455898959,18.0,5.7452998603277345,4.0,565.0,0.9200791892419105,0.5100857686100421,65.1353266498423
33.0,1.0,7.0,0.0,0.3369082603734212,8.30255024282583,4.0,16.799448370737245,5.0,709.0,7.838434597210374,0.06558118385721795,94.61048191874553
38.0,1.0,24.0,1.0,0.7638354145998412,2.6841170899942486,26.0,6.909750449613332,5.0,872.0,8.454031297346807,0.8390241651371132,16.714972559672567
40.0,1.0,5.0,0.0,0.10974479115531044,6.862153671534588,20.0,12.354491149467385,2.0,539.0,5.279274879354386,0.34382500217483436,76.53384946438474
32.0,0.0,16.0,0.0,0.2677994322339249,5.013133912528586,28.0,7.612811510036789,0.0,298.0,1.7954420654635763,0.6175379092099955,36.16695880224805
32.0,1.0,1.0,0.0,0.025017427455541974,5.250611461678275,1.0,18.03951083211196,0.0,115.0,4.859698292556555,0.055897067196611694,65.10840354449904
24.0,1.0,11.0,1.0,0.4282440734843641,5.572177519836224,7.0,14.704690656710934,0.0,299.0,0.028448460369646433,0.08303421568047215,99.21681136820888
39.0,0.0,6.0,1.0,0.40427594766822633,8.86953608484026,31.0,7.228579521107202,1.0,332.0,2.763376778198963,0.2937533218785152,89.69225842439869
34.0,0.0,22.0,1.0,0.9196423190676982,1.6386771077513123,48.0,4.3927711127740325,6.0,785.0,7.540370977464725,0.7897173521052536,19.5973923162171
35.0,1.0,6.0,0.0,0.13160400705048858,8.127730617694734,10.0,12.783310564644992,0.0,144.0,2.182148861041589,0.21432659868634374,92.9372624062902
38.0,0.0,23.0,1.0,0.8950210882165701,2.71753654194852,49.0,3.460148250327581,9.0,819.0,4.731871517892389,0.5777724974598868,44.093075683169275
41.0,0.0,26.0,0.0,0.7504094266110741,4.429848158914567,46.0,3.099502518028621,6.0,790.0,8.658650146830865,0.659301743970015,12.210234701530474
31.0,0.0,6.0,1.0,0.4982716924147942,9.36151207220049,30.0,3.322594676313561,1.0,283.0,1.4906913178512275,0.4430963696303452,93.19926911022289
35.0,0.0,4.0,0.0,0.7067635005545589,3.836881255042514,8.0,15.62377993268821,2.0,301.0,1.2887152302966367,0.145793843793315,71.14880793141036
32.0,1.0,0.0,1.0,0.0008342485122426191,3.491998512257188,0.0,18.994693181427955,0.0,102.0,4.540201043014478,0.2998989798701354,32.7246639849182
40.0,0.0,14.0,1.0,0.88678101088566,6.75130448241751,41.0,4.382919164403999,9.0,675.0,4.508917547214059,0.8077808724468574,75.77352231531609
34.0,0.0,14.0,0.0,0.2647208018524743,1.3035843601599435,5.0,15.616949308467474,4.0,669.0,8.061730606935852,0.31829923485094525,47.7910713318273
24.0,1.0,3.0,1.0,0.3290982559791268,9.692333047829447,2.0,12.415955058941371,0.0,155.0,0.19513197250653214,0.03326037559442152,86.72833822072559
50.0,0.0,20.0,1.0,0.3924878635474776,6.902881880993341,15.0,9.579492122325485,3.0,441.0,2.1461377188925472,0.3724201709930695,67.15197764737438
34.0,1.0,17.0,0.0,0.3916188015135721,6.390875217519154,30.0,16.10185858277127,0.0,427.0,4.503620891160111,0.37915339266405595,44.690758025128716
39.0,1.0,23.0,0.0,0.8482342557821523,4.366768029476441,24.0,4.765004587458021,5.0,740.0,0.9844411428296516,0.8275986742725605,63.89255227268677
40.0,0.0,16.0,0.0,0.7803733825115133,3.61061803072091,42.0,5.167618086820556,4.0,474.0,2.88176807963431,0.9168212935454181,32.41629441329222
35.0,1.0,2.0,0.0,0.06841566690195555,3.633115984170721,4.0,14.65192422540455,0.0,173.0,3.1781326846523013,0.5013524402468897,70.38688006515693
38.0,0.0,21.0,1.0,0.4924894110565244,3.809281029255242,43.0,4.044379121861441,1.0,617.0,2.7780166905624877,0.40638223788051997,78.66400445480787
32.0,0.0,26.0,0.0,0.4323780160302529,0.1841565528787168,27.0,12.35531623008043,1.0,478.0,4.591168016754771,0.8340590963793073,20.446383342072917
32.0,1.0,19.0,0.0,0.2118229984723239,6.785915256612681,4.0,14.015715960848167,3.0,407.0,5.224012795373426,0.06725808770814085,98.64136461371379
28.0,0.0,4.0,0.0,0.5786835393658312,5.197946877267526,35.0,7.3438055806778095,0.0,160.0,3.934775310318849,0.5710644942465499,46.83697682768845
35.0,0.0,5.0,0.0,0.576240758042041,7.819551571399807,31.0,12.232447166246843,5.0,453.0,3.646567508557254,0.5075830646965463,76.74983081561714
40.0,0.0,25.0,0.0,0.8853801202099718,1.1844686963209283,49.0,0.1905699092617592,2.0,480.0,8.377293949315613,0.9382328110699573,10.537532637257534
41.0,0.0,28.0,0.0,0.673314121835187,3.294160021880714,47.0,7.2414309643962325,10.0,953.0,6.968792812759561,0.5881305671002808,55.82395510744402
37.0,0.0,11.0,0.0,0.7229887850547212,7.642885725038985,44.0,4.493477512470744,3.0,472.0,2.2404774548327024,0.628860209888884,68.9376730963071
51.0,1.0,28.0,0.0,0.9233802521758938,5.525464323203744,35.0,1.4623409339371714,10.0,997.0,5.643373393506384,0.9411557577311922,18.58615065237078
31.0,0.0,18.0,0.0,0.41913665205159256,7.453624122546486,38.0,5.023245459760616,4.0,691.0,9.48429220341854,0.5464707106121901,27.854940808838226
31.0,0.0,13.0,0.0,0.38706915508011175,8.694051611867398,33.0,5.296807553332014,4.0,486.0,7.50966640101433,0.165464604257181,89.86948666924874
42.0,0.0,11.0,0.0,0.524024232324739,7.201624122931716,27.0,7.27571810391853,5.0,665.0,2.545772109550471,0.46089995035422426,84.15291120657602
52.0,0.0,12.0,0.0,0.7313562920736756,4.913536345019573,16.0,2.013323426437597,10.0,939.0,5.724180259717142,0.730944724128936,48.732747626511426
41.0,0.0,7.0,0.0,0.1734251446425683,3.4756920716737483,19.0,10.270789406542878,1.0,351.0,4.150850088684021,0.6305721236864118,10.88369015091655
39.0,0.0,10.0,1.0,0.4128655956136327,2.245787126507075,14.0,9.040781898402146,3.0,463.0,5.495974397459735,0.7606124612179135,58.46905905771229
38.0,0.0,26.0,0.0,0.9227876489036138,1.617898515882052,46.0,6.741730109083079,3.0,644.0,6.949857715273,0.9579817294885082,9.01806884087442
32.0,0.0,8.0,1.0,0.3447336460782818,2.812065226025534,5.0,11.333094945578939,2.0,522.0,2.0100265119529643,0.14412781767930488,40.26389120366055
33.0,1.0,1.0,0.0,0.09282789070717634,3.197868360491248,2.0,19.640084600592868,0.0,272.0,1.8457693686631087,0.4704420895624138,57.911662383158834
40.0,0.0,29.0,1.0,0.7938557616253727,0.24517265687378131,38.0,1.5349718161816401,4.0,564.0,3.839438580705595,0.5804188604935192,16.847927007790055
23.0,1.0,2.0,1.0,0.3247051006990645,9.781865294043794,1.0,12.041857720253496,1.0,440.0,0.48322862962586566,0.23303657005994993,83.3175149722532
42.0,1.0,13.0,0.0,0.4855477509888803,5.866147670116243,8.0,7.876732869909703,1.0,383.0,0.5964181257611019,0.24267403301627652,89.07616345574513
42.0,0.0,29.0,0.0,0.9152031648724044,1.3508904485083875,49.0,0.4201100200534542,3.0,639.0,7.387387224393966,0.7713907730495136,9.98716421060469
33.0,1.0,17.0,1.0,0.5218047875035234,1.8115689445570688,27.0,11.823950946178492,1.0,291.0,1.2958008335641216,0.9227852125603195,20.998268338220154
34.0,0.0,4.0,0.0,0.6343029743416417,3.6416105635677276,36.0,14.45296270652753,0.0,156.0,5.2568751962677505,0.35433086275243847,17.326664381974552
31.0,0.0,19.0,0.0,0.4671850925196179,1.5648410335631775,35.0,11.30574521113074,1.0,567.0,7.056785871959123,0.9041903096231138,23.755651228991333
36.0,0.0,19.0,1.0,0.4876556159040091,8.502545698038611,40.0,6.638340301116772,4.0,523.0,8.65149052466101,0.17446797565471706,91.8298419739823
33.0,0.0,24.0,0.0,0.48614226603983834,4.5232032616774935,20.0,11.974487717404513,2.0,429.0,9.100546322700444,0.743889835431232,18.074532096853563
34.0,0.0,9.0,1.0,0.7336906720864962,2.9118842683519213,17.0,3.849228607258609,1.0,249.0,5.381998650872773,0.5140495058590875,45.679502662626234
40.0,1.0,15.0,0.0,0.7051415723527532,2.935218364808923,12.0,8.665872683932125,3.0,643.0,1.7843776526635997,0.7858665190621886,55.064624687773446
31.0,0.0,17.0,0.0,0.23033012057628438,5.310259106769882,3.0,16.01928557498922,3.0,436.0,6.859883236418541,0.5283071222814775,23.826593734656303
31.0,0.0,6.0,1.0,0.27943772043375553,9.257527719227731,13.0,11.11101179748394,4.0,495.0,8.581209383511233,0.23575187000870926,87.80115827932826
34.0,0.0,3.0,1.0,0.572563262842436,6.09601627255225,15.0,15.211897008873489,1.0,174.0,1.724664684118788,0.20439426193975554,52.945442613261456
41.0,0.0,20.0,0.0,0.8743942414307639,0.315143072330601,45.0,7.3721655425964485,3.0,575.0,2.6719148499023033,0.7970909445067873,0.6630506185845775
42.0,1.0,2.0,0.0,0.10643921297685399,5.261104327707488,16.0,16.680241136432354,3.0,544.0,7.44719499570083,0.3771028653006039,70.75767237600962
40.0,0.0,7.0,1.0,0.3466768698942978,6.976305719998885,29.0,6.249272787941878,2.0,360.0,2.505922014973853,0.5533087662881218,64.47721152412547
36.0,0.0,20.0,1.0,0.6873306550418847,4.584011037775871,38.0,2.3346275123936433,7.0,878.0,3.131038671662479,0.5761679414362564,80.84850566191062
36.0,0.0,5.0,0.0,0.24963708293448145,3.4718301654038903,37.0,10.683604149146433,0.0,225.0,6.577164522088822,0.6264447985611876,48.377753161736784
37.0,1.0,18.0,0.0,0.7828283361660124,6.2206401843390395,28.0,9.70159183308476,6.0,834.0,0.8925633179911374,0.3208621002066225,89.9343192497409
39.0,1.0,17.0,0.0,0.5618357010986225,4.96680497189721,16.0,14.106642183648054,3.0,765.0,6.546253040958772,0.651840222808738,45.91837235234173
29.0,0.0,8.0,1.0,0.5107827943095427,2.6245679793743952,19.0,10.537236166047126,0.0,376.0,3.5566100086896446,0.3849156206481523,32.17910542121143
32.0,1.0,5.0,1.0,0.14796284733927068,9.957863191691013,0.0,12.407333000313415,0.0,234.0,0.08430111093767945,0.18667032161103214,86.13408091180322
39.0,0.0,30.0,1.0,0.8989355029414658,4.800292333646525,50.0,2.9363306239273195,3.0,557.0,3.1749263219828787,0.7811638342658624,53.86466080160656
43.0,1.0,13.0,0.0,0.5672110410570845,1.570875368464519,39.0,15.137217998253231,6.0,730.0,5.205663062966837,0.9905567341527379,27.344477151320817
31.0,0.0,22.0,1.0,0.29940708751228773,2.460064517788645,24.0,5.807956402465662,1.0,635.0,4.734387686275142,0.6205964971376503,54.33485311357676
36.0,0.0,6.0,1.0,0.2189326905691834,8.497153048273024,8.0,15.143796002222755,3.0,494.0,6.713816661560168,0.13569061621030515,60.38439863117851
35.0,0.0,29.0,1.0,0.8188425390133234,2.411599769833799,37.0,9.474244943601644,4.0,830.0,9.593944065773309,0.4992236816954254,4.3646046399448934
40.0,0.0,10.0,1.0,0.23473774928201974,3.9045243766681113,21.0,15.745975188389036,1.0,274.0,5.876816422078167,0.28332218783226254,17.18870513388635
31.0,0.0,1.0,0.0,0.03315695526031376,7.768136261247026,13.0,18.732046015424963,0.0,106.0,4.182600525758962,0.0828093833608674,89.26467509102663
33.0,1.0,1.0,0.0,0.007277057481201277,6.907857049676179,11.0,17.039333449069304,2.0,450.0,3.9870465589772426,0.24259228824934378,62.67147768074421
39.0,0.0,11.0,1.0,0.7138104870440063,5.452827707255166,45.0,4.258139897561482,2.0,310.0,4.881301164565972,0.6854273511241233,64.15860154147407
32.0,1.0,6.0,0.0,0.08267269140442807,2.619270048259473,4.0,16.096101299273897,0.0,125.0,0.40083059419811917,0.2726270799193078,57.88922861806338
35.0,1.0,18.0,0.0,0.6328392539789784,6.718428122057044,5.0,14.508143965963402,3.0,496.0,3.2962438053564873,0.11048220998253544,73.58619803674414
39.0,1.0,23.0,1.0,0.8995091542718643,9.209275565377013,26.0,5.361667803733306,8.0,811.0,3.919916890152443,0.6500088172792113,66.89234180942817
34.0,1.0,10.0,1.0,0.7134192399264626,7.570241591029208,17.0,8.974556552026167,2.0,393.0,4.393019561504918,0.3315700859150764,48.99243932422371
41.0,1.0,21.0,0.0,0.8774944260442902,8.941258764866234,20.0,5.976596764790165,3.0,504.0,3.6145530004682276,0.3117383316100686,59.179394900013634
37.0,0.0,23.0,0.0,0.7294207402709292,0.1961130344476656,29.0,4.452307059759461,2.0,656.0,6.402457399091931,0.8098603936016572,2.7090480593662107
41.0,1.0,14.0,0.0,0.7737189907513988,4.046229730031456,21.0,8.61808129906271,2.0,500.0,0.6937742849130135,0.6053320206521804,55.472530506763675
29.0,1.0,0.0,0.0,0.05265421149215416,8.718169566544912,0.0,19.683326918176572,0.0,100.0,1.0476880897896024,0.12414595091108171,65.49287046328645
30.0,1.0,8.0,1.0,0.44995203523556343,9.747965497327332,22.0,15.845533006769308,0.0,361.0,1.2144749470520915,0.34737402921823635,79.43125050470708
43.0,0.0,17.0,0.0,0.7178156306727743,3.750655626601784,46.0,8.65488927929528,7.0,891.0,5.083426523775627,0.5698398517526801,24.19829278548396
43.0,1.0,26.0,1.0,0.8556313756731297,3.3405958071955113,42.0,9.917194856677277,8.0,914.0,7.805876033908017,0.8838184367438827,32.18386183361328
37.0,0.0,6.0,0.0,0.5626970120570709,9.012056719164985,39.0,9.546841016368724,1.0,260.0,5.830074754380969,0.22277598093025835,72.56386789291741
36.0,0.0,29.0,1.0,0.9245241486634327,1.682348063015509,34.0,5.390027712473776,7.0,958.0,9.496948639934637,0.922174659815866,1.884211348271414
31.0,0.0,22.0,1.0,0.779352378811805,7.02954113346844,45.0,0.9915391169338807,3.0,423.0,5.094702499826406,0.3804748934289156,91.02036075077245
29.0,0.0,9.0,1.0,0.11564140686780378,3.013731072373006,9.0,15.048076085642027,0.0,122.0,2.039495762875937,0.43283305366677133,83.35492123687854
31.0,1.0,0.0,0.0,0.06240626328314569,5.583176356860919,6.0,17.62743070568628,0.0,245.0,5.406201519785332,0.4209575145060937,63.29686455883804
42.0,0.0,29.0,0.0,0.990649435197454,6.455808836648593,48.0,0.09396626821354914,8.0,954.0,6.3601363965804865,0.9683753295017683,54.067816374488295
27.0,0.0,21.0,0.0,0.8303670885468274,3.5590488728724203,26.0,12.892013426701482,5.0,795.0,3.1092287604383104,0.5752452627646102,26.848969680141334
31.0,0.0,5.0,0.0,0.43636293214234434,5.050719141410189,14.0,16.425012805468903,2.0,549.0,8.288823279844765,0.582577797923122,54.38714650191356
37.0,0.0,24.0,0.0,0.8339132333545278,6.213963573180717,41.0,3.3700033307049555,4.0,590.0,8.363057351737938,0.2884545257939083,45.16080140315938
32.0,1.0,0.0,1.0,0.34575491355386534,7.330513657603181,26.0,16.805967838919656,1.0,341.0,5.061936879087706,0.4257461990275813,35.452829448282586
33.0,1.0,5.0,0.0,0.09995889828421961,6.061773709993092,0.0,18.84754099473264,4.0,490.0,7.658058113587289,0.46796769724775156,57.18902583709521
48.0,0.0,25.0,0.0,0.6295242798258534,6.807162854015663,35.0,9.032430628870616,10.0,860.0,9.551480378963685,0.5067436513970903,28.98104209509596
36.0,0.0,14.0,1.0,0.3028336049554502,9.41517279628787,40.0,4.794828472548734,1.0,282.0,4.421966312197016,0.20157252869612677,66.32899635149049
29.0,0.0,15.0,0.0,0.5589322676824172,8.020115193686344,41.0,5.4093121297256195,1.0,498.0,2.5251996716527176,0.23750295779255098,58.80470325408876
20.0,0.0,15.0,0.0,0.34597592107570396,5.932676034544201,12.0,9.265673665140802,0.0,116.0,2.9208477388873995,0.3506821084807796,79.02704085965057
29.0,0.0,21.0,1.0,0.6976253609381563,2.5154301354334714,23.0,5.3011354054673125,2.0,654.0,8.159646480601399,0.7596177903039472,20.859853199488427
38.0,1.0,23.0,0.0,0.8730269548755393,7.76539581734762,23.0,11.71291570705144,9.0,978.0,5.113513093197051,0.7709474941628827,50.19275242360487
30.0,0.0,25.0,1.0,0.6498107731169576,2.876312092311237,38.0,3.0082519403195853,2.0,512.0,3.3455525007246525,0.9062843302943666,48.642249200698174
30.0,1.0,13.0,1.0,0.10537334558033207,3.0170447014604433,0.0,18.93736645463465,1.0,329.0,1.0667010103011232,0.12358264754296144,60.08254170922609
29.0,0.0,8.0,0.0,0.48715329372869953,4.143284781610211,40.0,5.2728910163629825,0.0,389.0,7.880986446514129,0.42779531548937055,44.20603122406984
49.0,0.0,23.0,0.0,0.9465411575561007,5.554428598173992,43.0,0.7989897122891465,10.0,847.0,6.19565553410622,0.5949966102127543,48.70151283771538
25.0,1.0,7.0,0.0,0.25160804889637534,9.721025177069928,10.0,16.998105078876435,0.0,169.0,1.5958327649059934,0.01171234129968568,99.46196481980101
36.0,1.0,0.0,1.0,0.3585538664434913,7.61205265372963,8.0,14.383668574149738,1.0,241.0,0.6477521555975594,0.35686658857999554,83.8900492624832
25.0,1.0,10.0,0.0,0.5153698284611961,6.594318884022465,35.0,17.03650637872912,4.0,684.0,8.599453022595542,0.21439069188404838,39.991980907326166
36.0,0.0,12.0,0.0,0.2885210380096036,1.0782430772495148,27.0,12.413679545528323,4.0,704.0,8.787490474215003,0.8029538451309972,22.895361774218415
33.0,0.0,14.0,0.0,0.7745947610743538,7.7608330294319785,41.0,1.3913973369031822,3.0,727.0,2.568667001127762,0.573550396274325,84.40294830346778
36.0,0.0,27.0,0.0,0.518033824820166,0.029588752216277214,9.0,9.00555544307433,2.0,503.0,5.5541133280233135,0.3734828945923615,9.155944660760298
39.0,0.0,28.0,1.0,0.6871414902044113,7.11993700862809,17.0,1.8911489969616664,3.0,748.0,3.344362521868533,0.5575241990479372,42.584598173645766
30.0,0.0,11.0,0.0,0.6256444579270913,7.205810448511381,40.0,3.901348899062314,0.0,239.0,2.5227209056238684,0.5126623694116557,60.832450978337924
40.0,0.0,25.0,0.0,0.8919602151754166,3.741202851906258,23.0,6.276981907172361,5.0,884.0,5.435798286273136,0.7312624634774126,43.54777627512416
38.0,0.0,20.0,1.0,0.3664066934816181,6.226493895587528,22.0,9.338839018117724,6.0,796.0,7.433055115763199,0.30093941393246504,40.22748892146691
31.0,0.0,26.0,0.0,0.6245940404073655,5.67148394188151,20.0,3.3130553203877273,4.0,672.0,8.750401111582415,0.236989197482881,55.75808581745403
36.0,1.0,4.0,1.0,0.045691737964880186,7.096583985295458,0.0,19.24064971869852,2.0,466.0,4.363543978347537,0.06730034531167511,58.20738581898658
28.0,0.0,16.0,0.0,0.5333362279365021,6.642627765836772,18.0,14.452220952560278,0.0,188.0,3.052631137810189,0.2127448523598032,59.97395366328732
39.0,0.0,18.0,1.0,0.4654493321577947,5.120297152674418,40.0,5.543227128913321,1.0,191.0,3.590563523890761,0.339517610682507,66.06478326677329
35.0,1.0,16.0,1.0,0.5102621553760622,4.8874936059967515,25.0,9.082080578941484,1.0,323.0,1.853056438929341,0.7058645781726666,35.1788930036093
39.0,0.0,22.0,0.0,0.8330273659447909,2.0315057308446405,47.0,1.076765168481515,1.0,589.0,4.085004389301354,0.6772012566472752,55.88416048888743
30.0,1.0,2.0,0.0,0.41974913610021086,4.1614855669545605,3.0,18.957400273536205,0.0,112.0,0.3080238912931792,0.1843445511378878,55.4334632874137
47.0,1.0,22.0,1.0,0.6907470132158481,1.330257145772209,11.0,15.371492096211735,4.0,783.0,4.159039312237649,0.4354025010907805,53.720159983313394
32.0,1.0,20.0,1.0,0.36504870008390666,5.96065824443587,4.0,18.48132199209686,2.0,370.0,0.4174794305115821,0.11856992190056842,72.81414934709808
31.0,0.0,22.0,1.0,0.46390898668556657,7.193165501638508,37.0,12.675250947755583,1.0,468.0,4.2553918865170495,0.7130183707755161,48.61175912737195
32.0,0.0,5.0,0.0,0.5554157635326693,3.3664365479381715,6.0,9.939743797473351,3.0,395.0,2.259571790388291,0.37545261703702315,33.07738364605281
38.0,0.0,21.0,1.0,0.5506762648262233,0.4595018480114774,12.0,8.630844877198198,2.0,402.0,6.841117760357404,0.6188720935000652,47.650536736611755
44.0,1.0,15.0,1.0,0.488487178371993,3.5508122133297455,22.0,12.264899892574059,10.0,964.0,8.213418011842043,0.9184871098066347,5.604982748100227
41.0,0.0,14.0,1.0,0.28915357664274377,3.463394545889675,6.0,14.936060357353107,2.0,505.0,4.711635342552565,0.6127257990989179,22.473094645235246
36.0,0.0,17.0,0.0,0.37062301702891687,0.7779991366152501,33.0,10.865588843156727,4.0,775.0,9.903889810573114,0.6633548618217833,19.007097964839602
31.0,0.0,4.0,0.0,0.34636959665742084,7.871019167303916,22.0,14.019205482923942,0.0,358.0,0.8637130990433937,0.16488569047271368,85.51878571822263
33.0,0.0,23.0,1.0,0.4088553248907806,7.827816671033947,27.0,12.290009753432765,4.0,491.0,4.315468880264892,0.5900792069285343,84.12983378028773
36.0,0.0,6.0,0.0,0.08708799637361592,5.196347057748957,15.0,11.318691511981555,0.0,171.0,8.890503937318252,0.39189766968617634,67.42675803905409
36.0,0.0,10.0,0.0,0.2797188855732592,6.625698356392834,35.0,7.022257349770753,0.0,294.0,1.0379960248636588,0.6310083346448049,29.37933932213249
41.0,0.0,26.0,0.0,0.9669880329505631,0.5968979813803719,34.0,7.375766943598139,9.0,980.0,7.338052490529163,0.9502804267203832,0.12821640811049662
37.0,1.0,7.0,1.0,0.5484414102827796,8.289929754136502,30.0,7.118410553407386,1.0,240.0,2.075526838787416,0.4864231279021012,65.56709104580099
40.0,1.0,23.0,0.0,0.7741899590256737,5.389837202889532,19.0,13.31193300346752,5.0,806.0,3.6058760912440833,0.3516857760823005,26.755248020830212
25.0,0.0,22.0,0.0,0.8782054961012151,4.076302000988877,27.0,11.564129442541613,4.0,716.0,3.527004765590799,0.27395961751661235,56.36954705409433
45.0,0.0,23.0,0.0,0.9171273418462261,2.156456274207261,50.0,0.12767076697807234,4.0,721.0,8.420579506335965,0.7977626354808227,19.00683166631179
45.0,0.0,15.0,0.0,0.8854161953262555,0.5321965546607892,44.0,2.248424529796888,3.0,467.0,8.25560197853272,0.9132729348388302,14.2445718953742
40.0,1.0,19.0,0.0,0.7800809374815307,3.854434323563229,32.0,8.212083369213193,9.0,970.0,6.128175132792699,0.5034132710166055,13.102694205440066
39.0,1.0,25.0,0.0,0.5790454485132167,2.9798295923765084,9.0,15.072306851368307,9.0,972.0,9.639748544607695,0.45229782995195567,45.2137884430077
39.0,0.0,17.0,0.0,0.3843085958383633,3.417327761979256,36.0,5.3619103729518525,4.0,616.0,5.171430494562642,0.5340977395827399,71.91255679550346
51.0,0.0,30.0,1.0,0.9793267093269693,2.877710029874093,50.0,1.7285986626744272,9.0,984.0,5.333508141591821,0.999156702353444,2.0829957239795007
38.0,0.0,6.0,0.0,0.7618278600751942,2.858949173706046,31.0,7.3252095326567,7.0,724.0,3.0354748226379167,0.43784417907214446,32.067827497038586
45.0,1.0,10.0,0.0,0.7231740240152871,1.2866460078765023,8.0,7.610538886307673,5.0,824.0,2.032786085765066,0.6778477891251117,31.775886872528126
34.0,1.0,2.0,0.0,0.25165567814181844,8.617876565958627,5.0,16.806782179284507,0.0,207.0,2.9425518126038823,0.20661324296046318,64.43419051654797
44.0,0.0,15.0,0.0,0.8572098583996172,7.999684272053439,49.0,0.9468060650855978,8.0,826.0,4.660208095085962,0.611688353268596,59.34222556633675
40.0,0.0,26.0,0.0,0.5507045348846433,6.313818865185473,46.0,1.0397669503222726,4.0,800.0,8.673261705698497,0.5850309067828099,71.6211069363977
27.0,1.0,8.0,0.0,0.49416979928124366,7.952688662856707,15.0,15.439619304267257,4.0,485.0,6.971352261723824,0.13513572331197388,50.41730699426668
46.0,0.0,10.0,0.0,0.7730480891056156,1.699165915323761,19.0,9.561372870132967,4.0,586.0,2.756082851499852,0.5120093188155825,11.12972446493444
41.0,0.0,27.0,0.0,0.9637627151497157,0.2520592695206103,41.0,3.7919707991357674,8.0,946.0,5.862727096470773,0.996454691003443,0.2662618668311012
43.0,0.0,14.0,1.0,0.6759251868958452,8.85352107252653,16.0,7.456838925793669,8.0,808.0,3.350361461933114,0.5109754938942969,38.69310121879904
37.0,0.0,26.0,0.0,0.5565867921204033,1.7784509386145713,13.0,4.205377265163838,6.0,820.0,7.808167117088971,0.6371525795074056,34.439375608964305
38.0,0.0,7.0,1.0,0.7836742229155562,3.4061501592039045,25.0,10.36764147298286,8.0,726.0,5.121085382786241,0.46918990693184354,52.33349662661565
38.0,0.0,18.0,0.0,0.624046075274551,7.520736512802045,19.0,10.937599897386132,7.0,650.0,6.9172006446579966,0.335450984744821,50.78740592798449
54.0,1.0,11.0,0.0,0.41666301479358103,6.412789111215925,16.0,14.949016253451077,2.0,601.0,7.365082540827634,0.6913976835492674,28.826461840067655
30.0,0.0,20.0,1.0,0.5311634370476649,5.484243917628753,12.0,5.949457535551449,0.0,308.0,3.0079156490183183,0.123579993803407,91.80764205767107
36.0,1.0,19.0,1.0,0.28242112458537133,3.130176450954182,27.0,16.289497219020813,0.0,484.0,7.393427551677354,0.5592446723265252,17.15238790154993
34.0,0.0,16.0,0.0,0.6221859746829058,6.1062818760205895,40.0,3.562972097757992,4.0,634.0,5.773357689705777,0.27551751927686235,53.4233436774446
39.0,1.0,11.0,0.0,0.2443207515166661,6.676237861016116,2.0,18.00451838538202,5.0,751.0,9.17139678006421,0.11857052642511379,45.063354548887794
37.0,0.0,19.0,0.0,0.2528688131242299,2.921121828609174,18.0,11.751978423488485,3.0,631.0,8.152971960994694,0.5162456724533705,16.329672949281843
46.0,0.0,15.0,0.0,0.8791221858333683,0.9652407683934818,36.0,3.9738286207400026,10.0,789.0,6.448376689331957,0.7161523126831699,14.26816686850799
45.0,0.0,29.0,1.0,0.9672075954945267,0.11787501595270289,37.0,0.314231918494162,6.0,904.0,2.6871326200023256,0.7581728400549153,10.925168336597089
35.0,0.0,23.0,0.0,0.7385491632481872,7.259599769405974,34.0,4.615516234264419,8.0,908.0,5.849713811314328,0.1894732306796781,85.3295644061333
37.0,0.0,7.0,1.0,0.39853715676151746,4.804011663008298,19.0,5.828581747028437,1.0,172.0,4.849296179450678,0.6338969172202147,38.80922170327201
27.0,1.0,1.0,1.0,0.03409040737034791,7.249198098319771,1.0,18.47420497477926,0.0,199.0,3.305685291511935,0.28435487808459015,57.9117254334134
40.0,0.0,21.0,0.0,0.7774117329208594,1.4561598743112474,45.0,1.9675975282572518,5.0,779.0,6.87819837542771,0.9908503152144907,6.639945070448093
45.0,0.0,9.0,1.0,0.540029299782709,6.120781201938391,32.0,5.644638521988094,7.0,804.0,6.1935344297618915,0.8242706461337741,58.86949578494703
39.0,0.0,13.0,0.0,0.8156097366538014,3.889703813885542,25.0,12.197527388237695,1.0,284.0,1.9064117047091544,0.28754557611921266,35.8485741164564
29.0,1.0,0.0,1.0,0.3162524677932076,7.318063563238573,1.0,18.379228582546922,1.0,396.0,2.8516958997501813,0.07753820702821096,94.49885037762793
35.0,0.0,11.0,0.0,0.323527462626123,5.883472969442684,14.0,6.099217314869895,2.0,446.0,1.6334874013939675,0.39011392243733123,64.22572899017538
36.0,0.0,25.0,0.0,0.8897058418388091,3.2828511596042302,27.0,2.917847831661269,5.0,880.0,7.563661359193844,0.6339799877083039,52.749335684431905
51.0,0.0,12.0,1.0,0.8175218613679456,2.596504893720083,19.0,2.2917494394659057,3.0,571.0,0.5751440163383634,0.5719832305722374,26.577739624691485
31.0,0.0,15.0,0.0,0.6968285187492916,4.471784451755379,27.0,3.9722963521708703,0.0,362.0,4.162764780211662,0.267262027955045,36.55484497159014
40.0,0.0,29.0,1.0,0.5748930237120233,1.3491587227117057,17.0,6.176180262953483,7.0,909.0,7.6479111899794665,0.6344039347943551,47.94347936950128
37.0,0.0,14.0,1.0,0.6708544578354722,8.934147464855082,47.0,5.0320468888100205,1.0,368.0,2.205203603635188,0.23010523407360775,75.60094970562761
35.0,1.0,0.0,1.0,0.10059460800123221,9.122072074323684,11.0,14.35717032926231,1.0,273.0,4.956879712947684,0.0671431624770289,99.26978479150566
33.0,0.0,17.0,0.0,0.6508992202229573,5.736838811122297,31.0,11.691838773523187,4.0,623.0,2.429186827847894,0.2469418264363355,55.68922562968872
38.0,0.0,28.0,1.0,0.7909917915068014,5.642831536137728,48.0,1.2397328115080608,6.0,741.0,9.421505273396354,0.4341337127407928,58.44141507352799
21.0,0.0,15.0,0.0,0.14018790923217983,1.2304303302006558,2.0,13.059236701526304,3.0,465.0,6.674562285569874,0.427530154486371,50.10710460035066
40.0,0.0,30.0,1.0,0.8457209782873724,6.870931819000066,45.0,0.4719444544646283,3.0,502.0,3.0894438245527462,0.7243066146596321,38.87030611531705
37.0,1.0,14.0,1.0,0.5020064815988089,3.3730070434967265,22.0,7.9968176139305855,6.0,705.0,3.122049425064874,0.5148202197651071,79.71023311719247
39.0,0.0,7.0,1.0,0.2800248547629174,4.0652472644818864,34.0,3.745230109551126,2.0,344.0,3.801359742853883,0.6766913282721699,60.03790379953048
38.0,0.0,14.0,0.0,0.21445518958791276,3.977634400831512,23.0,13.400274666764247,4.0,543.0,9.835677418329873,0.6195468489402364,36.8163092154757
45.0,1.0,28.0,1.0,0.5947589684664416,3.1714182233597565,33.0,12.952190466137154,5.0,697.0,6.528456409075991,0.7775927562534752,36.2241491201505
38.0,1.0,14.0,0.0,0.446760884443235,3.358726438546241,11.0,13.57094448772588,6.0,769.0,7.124230260028206,0.5110143831907216,34.73073464888316
38.0,1.0,18.0,1.0,0.8096994745476179,6.230231105541069,14.0,6.18459960568371,4.0,471.0,5.446624926066633,0.20342021806623606,71.31408097612615
37.0,0.0,11.0,1.0,0.7832059662658759,7.592492319984565,42.0,6.324229855553118,2.0,399.0,6.54284267264406,0.5571100694000829,36.831000250729346
41.0,1.0,2.0,0.0,0.1966549321423618,9.885874600399536,8.0,18.470532603573147,5.0,596.0,3.615794830829633,0.06521959623667295,92.46330717721504
53.0,0.0,28.0,1.0,0.9035174249351926,1.2868968158071588,47.0,4.9744012070146555,10.0,892.0,6.226255598112209,0.9239489864411321,23.255227768287508
36.0,1.0,20.0,0.0,0.7669783892011882,8.376382804229475,42.0,12.463313881581005,3.0,572.0,6.797148925712922,0.6969882986857481,45.70103176912268
38.0,1.0,11.0,1.0,0.22932382269349594,2.9369487024553407,10.0,16.286103210692403,0.0,267.0,2.08441037655564,0.33490789427785644,29.01923411772181
33.0,0.0,25.0,0.0,0.9109835699708078,8.053386111452498,38.0,2.0267022037705633,9.0,966.0,9.188206106567009,0.4513797144275311,71.41254401519127
29.0,0.0,9.0,1.0,0.35676363468096467,4.370979038230337,39.0,6.380206627147323,0.0,179.0,2.6805275797037296,0.3189883230085153,80.61918810301077
32.0,0.0,27.0,0.0,0.8740325542657779,1.7140006344110232,45.0,1.2374628690963494,4.0,737.0,5.7735767264830375,0.520902451007887,27.358506940017698
46.0,0.0,12.0,0.0,0.5869381744100981,0.33212074708175354,28.0,14.064384286140049,6.0,583.0,9.696509518427089,0.8660857147626814,8.873114854959503
41.0,1.0,26.0,1.0,0.8878648271275996,7.591305135448162,40.0,8.53354584755644,3.0,606.0,1.0604898211541034,0.3358726623929711,68.70123019952007
30.0,0.0,2.0,0.0,0.1078066686891967,8.424181845809025,22.0,12.036410309576523,2.0,186.0,8.974982513711277,0.05690345888186066,95.78393844733931
31.0,0.0,5.0,1.0,0.1452526473062669,1.9330554347730278,32.0,12.85450424018984,1.0,202.0,4.640363127783501,0.4997080469109337,40.76597009971706
40.0,0.0,29.0,1.0,0.7794866094517138,1.4434936861067031,29.0,6.774569560931091,5.0,867.0,7.010832220470513,0.49653304260101383,33.69673224494558
35.0,0.0,28.0,1.0,0.7356847106230852,1.088461889944894,26.0,11.181189703900957,8.0,833.0,9.621805707951754,0.9833709575920486,0.40372729978768973
44.0,0.0,29.0,0.0,0.5845018117451245,3.587103830805214,16.0,4.894684042651327,10.0,967.0,9.739417598845886,0.7823678213436254,39.95801048930612
39.0,0.0,22.0,0.0,0.4459378399431034,4.0212350382860365,12.0,3.769639667697506,8.0,936.0,6.838213748067725,0.6099373207071515,47.3941144106725
53.0,0.0,21.0,0.0,0.9092540408694537,5.28009610954535,24.0,7.712786011979718,4.0,614.0,3.9139701275214223,0.833767182985366,12.858917159677993
40.0,0.0,18.0,0.0,0.4611708708690306,3.3372656480609555,32.0,13.06331844703433,8.0,915.0,6.0185357322272335,0.9262175359637418,15.189473408279476
30.0,0.0,4.0,1.0,0.5225522524820919,6.103961525362091,9.0,15.4440258394127,1.0,435.0,2.483678463158604,0.2976541022482988,63.99337672565873
35.0,0.0,9.0,0.0,0.18443793821395543,5.232626531075492,17.0,17.601183923622933,0.0,307.0,8.638528617045642,0.37188856242849155,63.51866765642273
41.0,1.0,10.0,1.0,0.7756197944163128,3.301117269795815,35.0,4.210115349551266,1.0,598.0,5.277415871659554,0.6269791347942069,34.15809856343368
33.0,0.0,27.0,0.0,0.7841843008747569,0.4947373381244198,44.0,6.246168058805832,4.0,899.0,7.8977073726798315,0.9040740701004957,0.48950085685878264
29.0,0.0,5.0,0.0,0.20710969014925867,6.380945102632209,9.0,8.998835716829621,2.0,313.0,5.350207333588373,0.18956283864769624,80.16357343687675
37.0,0.0,8.0,0.0,0.7464245383296912,6.331848577024079,29.0,8.959100414785915,8.0,855.0,5.842487607278559,0.3280822904438134,55.22420890682716
38.0,0.0,23.0,1.0,0.563221237633546,3.4368590643911805,39.0,6.597657092273087,1.0,401.0,8.95802042109122,0.4759622790075622,18.78632645983444
41.0,0.0,20.0,0.0,0.4306860258725906,0.7141611266967915,31.0,12.653474335105535,4.0,519.0,4.565373830169021,0.7064568498953017,4.320385198855604
35.0,1.0,2.0,0.0,0.02423620267258636,9.852519606280794,1.0,19.917381786052495,2.0,279.0,1.1596673058930067,0.08283049428034628,95.00313341181096
36.0,0.0,28.0,1.0,0.5817353076203603,6.177065472656007,31.0,7.458471299450945,2.0,454.0,4.296589101614893,0.6214792843421877,75.03419415127001
37.0,1.0,17.0,0.0,0.470143333012251,9.118984716395236,11.0,8.880788486050829,2.0,314.0,4.663109341682742,0.2769706820084168,71.57018381373202
39.0,0.0,7.0,0.0,0.12738037915687128,6.767069071822704,4.0,9.202069506369407,0.0,266.0,1.8352511669018479,0.4886111931896921,60.290445913945405
38.0,1.0,1.0,0.0,0.23082504830172645,9.148290294184681,13.0,16.476384562269864,3.0,516.0,2.660020555691918,0.3847020595088136,87.53286779898562
35.0,0.0,18.0,0.0,0.7121170021513232,0.8308250446189138,45.0,6.584884299020035,0.0,438.0,4.5029945050988625,0.9194178684634818,2.6042737919569134
36.0,0.0,25.0,1.0,0.6513044820667069,5.531533856695212,16.0,13.067953132172274,5.0,653.0,6.048350347555957,0.19154726303092878,81.19738803266499
42.0,1.0,26.0,1.0,0.8636527258901756,9.091525508904212,47.0,2.8060379857490023,4.0,877.0,5.3474436029058,0.813229103570697,21.3703409240132
53.0,0.0,30.0,0.0,0.9165065155151033,4.984748995754854,42.0,0.5553351325824192,10.0,992.0,8.705804532703546,0.6579443056746902,24.495753357766255
33.0,0.0,17.0,1.0,0.865585511037442,9.44322191862118,26.0,2.1525775003662995,8.0,637.0,3.400840759280224,0.17795964253360635,99.11071265294765
52.0,0.0,24.0,0.0,0.634647323782873,7.569007230316354,21.0,1.1691825820946011,10.0,937.0,9.037617497505819,0.485612605175289,76.12785195351573
31.0,1.0,0.0,0.0,0.017316035175608258,8.648497850227312,4.0,19.273224015350714,0.0,126.0,1.9469163086536607,0.060015812211784425,99.27385916829022
37.0,1.0,2.0,0.0,0.048604384632137454,6.45108061351915,10.0,18.14781759325185,0.0,165.0,0.8498274530107128,0.08071753456203085,93.67425498758655
37.0,1.0,8.0,1.0,0.5068446237446871,5.912948695853151,29.0,8.530305368951561,2.0,359.0,3.7458176226006294,0.6774327428135036,75.6398864824891
44.0,0.0,30.0,0.0,0.9957325165076141,2.901792480584961,49.0,0.2065881698126546,8.0,922.0,5.380103948503325,0.9931833711333692,1.2408980267163088
27.0,0.0,7.0,0.0,0.4198450731831177,1.8825134264548637,34.0,15.973422613461834,1.0,384.0,8.527117795307406,0.7885609604227388,16.267932166855516
49.0,0.0,12.0,0.0,0.6009724074442595,7.410342554006902,14.0,9.547408777295017,3.0,415.0,2.8553342342866355,0.40088941184726345,50.18404969207148
29.0,1.0,0.0,1.0,0.1498514830807971,9.322126856396656,6.0,19.724122692833554,0.0,139.0,0.7589775385542943,0.05139088972380468,86.23385890643803
34.0,0.0,24.0,1.0,0.727068558995803,3.8346876469014175,21.0,5.625909964103547,3.0,545.0,6.412571615808584,0.5679901976057078,38.50292646858373
40.0,0.0,22.0,0.0,0.7407309362643055,4.491532372130206,42.0,5.158014267549721,9.0,753.0,4.999865131993518,0.6568331418585769,59.453401958309286
38.0,0.0,29.0,1.0,0.7833085775875355,7.770584805984537,38.0,4.5657023463710384,6.0,761.0,9.199998272862208,0.7215318359075147,18.082507521131202
40.0,0.0,24.0,0.0,0.5418230902568354,0.3369008517811132,18.0,13.444006626161233,5.0,668.0,5.387600389373585,0.9762281917288373,3.5255696102460305
36.0,0.0,13.0,1.0,0.6206881677373176,3.870926421743185,17.0,5.043611170776959,6.0,562.0,7.542534052692117,0.41468714436033377,82.66644805093746
37.0,0.0,6.0,1.0,0.20611830896467764,4.305284775721546,5.0,10.725520666752619,0.0,194.0,5.136210818362283,0.4174576559270371,82.31263185238831
48.0,1.0,12.0,0.0,0.43647810967674855,5.5415552088925395,15.0,10.448607140461169,8.0,856.0,8.7618387015531,0.6997170310720942,57.12779768214492
50.0,0.0,29.0,0.0,0.864537244270285,6.32439479475527,34.0,1.3455127834326417,4.0,889.0,3.4903591231829796,0.8884240636909617,39.70848163170032
39.0,1.0,2.0,0.0,0.5357011437327062,5.387626146251239,13.0,11.573757794804074,0.0,226.0,2.7937007278138664,0.6935656926692084,25.241851814170108
40.0,1.0,1.0,0.0,0.00969954354623398,2.399188872966195,17.0,18.018878815164406,0.0,114.0,6.480445939832409,0.6311146715582814,30.855644021891298
38.0,1.0,7.0,0.0,0.34910310688541746,8.004956941855673,15.0,11.232700099440695,4.0,609.0,0.6781285151757741,0.4398111093453602,49.973701668686985
33.0,1.0,15.0,0.0,0.31898294159190743,8.749248509654542,34.0,15.223135487589412,3.0,628.0,4.805788329777331,0.32214138162322475,87.2920113115243
35.0,1.0,9.0,0.0,0.4481104541986495,6.6841405596531605,31.0,17.162942767266102,1.0,277.0,6.054531179457456,0.2802831760823731,80.08670565712139
25.0,1.0,0.0,1.0,0.13460874075727786,5.563697644002464,14.0,19.519931600281048,0.0,220.0,0.31858170259487295,0.1329040438000762,79.07167397692831
30.0,0.0,11.0,0.0,0.15499196144687954,7.668189855586365,22.0,9.13265873173405,1.0,213.0,7.5301079760401475,0.27637132754171734,62.351089086587415
48.0,1.0,12.0,0.0,0.5563775745980492,5.070108389558971,31.0,15.241407596252799,7.0,666.0,7.617263076720517,0.34742106143593277,16.067365026985733
40.0,1.0,9.0,1.0,0.3581939495727202,9.229164991234132,28.0,5.253889932313183,3.0,506.0,5.025343004333633,0.3334280466013221,82.03210481819586
42.0,1.0,3.0,1.0,0.6126277536701602,6.455344923787741,35.0,10.222499264113276,4.0,612.0,2.61303450139516,0.7617915826519879,32.301344821540155
39.0,0.0,11.0,0.0,0.8151479133577963,0.7527700989553106,44.0,9.690285710586823,1.0,336.0,3.077754953861141,0.9102834097298096,30.22438958632221
28.0,0.0,18.0,0.0,0.24293650086279744,3.288606275359112,36.0,13.987265432871332,2.0,487.0,9.152007091146015,0.7003614639263274,14.674149460620654
33.0,0.0,18.0,1.0,0.23105798363725688,1.5988000739216641,15.0,6.40521406832574,0.0,166.0,7.726560992705271,0.8167614044778356,19.3547391300889
32.0,1.0,13.0,1.0,0.08511450185921254,2.578977171685946,13.0,14.017737314162627,1.0,451.0,8.945844430697013,0.7400740254419024,37.357364085292254
36.0,0.0,4.0,0.0,0.11873141949178256,4.943235049363243,2.0,15.696388174628506,3.0,527.0,8.722194913410927,0.3296777563352334,35.74389274109987
38.0,0.0,6.0,1.0,0.6188792478465717,4.368337037396798,32.0,2.6981588434560964,2.0,227.0,5.625285473230602,0.5915854017731079,77.72427625814755
