click_rate,avg_session_duration,bounce_rate,is_breaking_news,avg_page_views,avg_comments,days_since_publication,avg_shares,news_category,author_id,avg_likes,avg_dislikes,avg_rating
0.0,648.0,0.06781524926686218,0,32.16666666666667,577.5052692086607,234.18640576725028,2692.0313906646415,1,1,2872.3404255319156,896.7991169977927,2.111111111111111
0.00023592253917842758,0.0,0.2423020527859238,0,18.111111111111104,547.9977007089482,285.6848609680742,3489.6198019441845,2,2,5531.914893617022,2044.7019867549668,1.8444444444444446
0.00023569774400055386,0.0,0.2423020527859238,0,18.111111111111104,694.3858976815483,218.77445932028837,3489.6198019441845,2,2,5531.914893617022,634.6578366445916,3.3000000000000003
0.00029279571918046875,0.0,0.06304985337243403,0,15.870370370370372,658.5552787890402,161.2615859938208,4485.4458983895465,3,3,6489.36170212766,333.88520971302427,3.1555555555555554
0.0007050700754007985,0.0,0.06304985337243403,0,15.870370370370372,687.1048093504504,192.83728115345008,4485.4458983895465,3,3,6489.36170212766,993.3774834437086,3.466666666666667
0.000264471526768385,0.0,0.06304985337243403,0,15.870370370370372,549.7221689978923,209.7528321318229,4485.4458983895465,3,3,6489.36170212766,960.2649006622515,2.633333333333333
0.0009213230365152789,450.0,0.27162756598240473,0,29.314814814814817,469.6301973558153,239.44902162718847,4029.226418354264,4,4,2765.95744680851,2952.538631346578,1.9888888888888887
0.0015536718718739421,450.0,0.27162756598240473,0,29.314814814814817,500.2874113814907,350.3398558187435,4383.871818421555,4,4,2765.95744680851,4806.843267108166,2.4555555555555557
0.0023032513924937294,450.0,0.27162756598240473,0,29.314814814814817,396.6277064571758,365.0,4503.541907264775,4,4,2765.95744680851,7781.456953642384,1.2777777777777777
0.0018401733260739476,450.0,0.27162756598240473,0,29.314814814814817,468.0973366545315,311.9979402677652,4967.308968891233,4,4,2765.95744680851,4241.169977924945,1.5444444444444443
0.002456674101392516,450.0,0.27162756598240473,0,29.314814814814817,539.5669668518873,343.57363542739444,4744.155171002737,4,4,2765.95744680851,5165.562913907284,1.1111111111111112
0.0012492992010329788,450.0,0.27162756598240473,0,29.314814814814817,469.055374592834,300.7209062821833,4635.03350944357,4,4,2765.95744680851,3184.3267108167765,1.5444444444444443
0.0009830293128416042,450.0,0.27162756598240473,0,29.314814814814817,446.0624640735774,135.70030895983524,3929.5619674635577,4,4,2765.95744680851,3857.615894039735,1.8555555555555556
0.007007315284678365,0.0,0.28152492668621704,0,32.16666666666667,457.55891933320567,221.40576725025747,3253.55327410452,5,5,8936.170212765957,1801.876379690949,1.711111111111111
0.007099481307606573,0.0,0.28152492668621704,0,32.16666666666667,485.725234719295,306.73532440782697,3030.2176067800924,5,5,8936.170212765957,2353.752759381898,1.4666666666666668
0.006980677056100334,0.0,0.28152492668621704,0,32.16666666666667,435.52404675225137,201.48300720906283,3063.590648273604,5,5,8936.170212765957,1859.823399558499,1.6555555555555554
0.011774883814612315,0.0,0.28152492668621704,0,32.16666666666667,454.876413105959,99.2378990731205,3063.590648273604,5,5,8936.170212765957,1338.3002207505517,2.011111111111111
0.008743183648218925,0.0,0.28152492668621704,0,32.16666666666667,465.41483042728504,296.2100926879506,2844.7107821295094,5,5,8936.170212765957,3570.6401766004415,1.3888888888888888
0.008951231585341017,0.0,0.28152492668621704,0,32.16666666666667,363.0963786165933,126.67868177136974,2425.137993434513,5,5,8936.170212765957,2748.3443708609266,1.6888888888888889
0.008086781728827779,0.0,0.28152492668621704,0,32.16666666666667,415.02203487258106,250.3501544799176,2425.137993434513,5,5,8936.170212765957,2635.209713024282,1.4666666666666668
0.013998782509316634,0.0,0.28152492668621704,0,32.16666666666667,384.93964360988707,357.8578784757981,2426.411079486037,5,5,8936.170212765957,5322.847682119205,0.9555555555555555
0.009505688891566449,0.0,0.28152492668621704,0,32.16666666666667,460.6246407357732,324.40267765190526,2621.375114805081,5,5,8936.170212765957,3338.852097130243,1.6222222222222225
0.013781630367490659,0.0,0.28152492668621704,0,32.16666666666667,494.5391837516767,333.80020597322346,2589.1842246451274,5,5,8936.170212765957,4688.189845474613,1.1333333333333333
0.011038679607076012,0.0,0.28152492668621704,0,32.16666666666667,431.5002874113815,365.0,2696.7599959988725,5,5,8936.170212765957,5008.278145695364,1.0555555555555556
0.00836170623136729,0.0,0.28152492668621704,0,32.16666666666667,452.76872964169394,342.8218331616889,2973.5652774872924,5,5,8936.170212765957,4020.4194260485647,1.1777777777777778
0.009376431664289081,0.0,0.28152492668621704,0,32.16666666666667,390.4962636520407,311.24613800205975,3023.5793723685765,5,5,8936.170212765957,4078.366445916115,0.9888888888888889
0.007481071122047146,0.0,0.28152492668621704,0,32.16666666666667,431.5002874113815,328.53759011328526,3230.364921023198,5,5,8936.170212765957,3609.2715231788075,1.2888888888888892
0.010671589081608292,0.0,0.28152492668621704,0,32.16666666666667,476.3364629239318,322.89907312049434,3022.488155752985,5,5,8936.170212765957,4290.83885209713,1.088888888888889
0.008617185951020727,0.0,0.28152492668621704,0,32.16666666666667,562.176662195823,343.94953656024717,3023.6703070865424,5,5,8936.170212765957,3054.635761589404,1.4888888888888887
0.011196261026765464,0.0,0.28152492668621704,0,32.16666666666667,596.4744203870474,317.2605561277034,2827.52412043394,5,5,8936.170212765957,2828.3664459161146,1.777777777777778
0.012638996478358743,0.0,0.28152492668621704,0,32.16666666666667,412.3395286453344,342.8218331616889,2822.068037355982,5,5,8936.170212765957,5758.830022075055,0.8555555555555555
0.01515569089224353,0.0,0.28152492668621704,0,32.16666666666667,481.1266526154436,365.0,2769.325900935718,5,5,8936.170212765957,3120.8609271523173,1.0555555555555556
0.015529637670636398,0.0,0.28152492668621704,0,32.16666666666667,457.75052692086615,297.3377960865088,2601.09667269867,5,5,8936.170212765957,7168.87417218543,0.911111111111111
0.012874019836825675,0.0,0.28152492668621704,0,32.16666666666667,410.0402375934087,346.2049433573635,2416.681064663678,5,5,8936.170212765957,4586.092715231788,0.8999999999999999
0.018056672662703374,0.0,0.28152492668621704,0,32.16666666666667,485.725234719295,353.3470648815654,2391.7649519410015,5,5,8936.170212765957,5135.209713024283,0.9444444444444444
0.0006502200519996206,0.0,0.20161290322580647,0,24.22222222222222,454.4931979306381,245.46343975283213,2028.4807536669425,4,6,7021.27659574468,2193.7086092715226,1.5444444444444443
0.0010241668303924878,0.0,0.20161290322580647,0,24.22222222222222,436.8652998658748,219.90216271884657,2044.4852640289535,4,6,7021.27659574468,2671.081677704194,1.6666666666666665
0.0008297190015317542,0.0,0.20161290322580647,0,24.22222222222222,438.5897681548189,145.09783728115346,2550.3551000736575,4,6,7021.27659574468,1942.604856512141,1.777777777777778
0.0018964845181313047,0.0,0.20161290322580647,0,24.22222222222222,460.8162483234337,102.62100926879506,2471.3328301612273,4,6,7021.27659574468,2317.880794701987,2.1888888888888887
0.00023951926202440645,2700.0,0.09127565982404694,0,9.759259259259256,581.3374209618702,71.04531410916582,3884.2764779165036,3,7,6063.829787234043,714.6799116997793,2.8666666666666667
0.0003065082250307632,2700.0,0.09127565982404694,0,9.759259259259256,663.5370760682124,48.49124613800206,3884.2764779165036,3,7,6063.829787234043,68.98454746136865,3.322222222222222
0.0013613595972030083,0.0,0.2364369501466276,0,13.833333333333332,614.8687488024526,0.0,4175.085705971684,3,8,5638.297872340424,858.167770419426,2.4000000000000004
0.0015193906072482057,0.0,0.2364369501466276,0,13.833333333333332,499.71258861850924,13.908341915550977,4175.085705971684,3,8,5638.297872340424,1125.8278145695363,2.2555555555555555
0.0017201327010894023,0.0,0.2364369501466276,0,13.833333333333332,507.7601073002492,13.532440782698249,4175.085705971684,3,8,5638.297872340424,1575.6070640176604,2.1888888888888887
0.0013079707424580092,0.0,0.2364369501466276,0,13.833333333333332,480.5518298524622,139.45932028836253,4175.085705971684,3,8,5638.297872340424,2157.8366445916113,1.7999999999999998
0.0018556841933472315,0.0,0.2364369501466276,0,13.833333333333332,406.39969342785986,116.15345005149331,3610.8357809928248,3,8,5638.297872340424,2339.955849889625,1.5888888888888888
0.002046085709006239,0.0,0.2364369501466276,0,13.833333333333332,426.32688254454877,114.27394438722965,3610.8357809928248,3,8,5638.297872340424,3427.1523178807943,1.6666666666666665
0.0025059042453468524,0.0,0.2364369501466276,0,13.833333333333332,473.0791339337039,310.4943357363543,4146.4412698124015,3,8,5638.297872340424,4710.264900662251,1.2888888888888892
0.002782402314131479,0.0,0.2364369501466276,0,13.833333333333332,352.1747461199464,347.3326467559217,4310.669370458948,3,8,5638.297872340424,8024.282560706401,1.0444444444444445
0.002399126535856854,0.0,0.2364369501466276,0,13.833333333333332,391.07108641502214,222.15756951596296,4508.634251470869,3,8,5638.297872340424,3992.8256070640173,1.5999999999999996
0.0009262685304285,756.0,0.18988269794721407,0,12.0,460.2414255604523,160.8856848609681,5169.729651083488,5,9,4468.08510638298,3233.9955849889616,1.6333333333333333
0.0004164330670109929,756.0,0.18988269794721407,0,12.0,489.36577888484396,225.91658084449023,5169.729651083488,5,9,4468.08510638298,2124.724061810154,1.7222222222222223
0.0005314158004933805,756.0,0.18988269794721407,0,12.0,565.2423835983906,68.41400617919672,5169.729651083488,5,9,4468.08510638298,979.5805739514349,2.2222222222222223
0.000488817114286318,756.0,0.18988269794721407,0,12.0,466.9476911285688,69.5417095777549,5169.729651083488,5,9,4468.08510638298,1848.7858719646797,2.0444444444444443
8.182544474601964e-05,2700.0,0.12976539589442818,0,6.092592592592586,445.8708564859169,168.02780638516995,5628.949976811647,3,10,9042.553191489364,3606.512141280353,1.5444444444444443
7.631796288811449e-05,3240.0,0.027859237536656895,0,4.66666666666667,706.6487832918184,71.42121524201855,6881.030108485119,4,11,5638.297872340424,849.8896247240617,3.3777777777777778
0.0001599417690571236,3060.0,0.010263929618768328,0,6.092592592592586,540.7166123778502,123.29557157569518,7327.519573698041,2,12,5000.000000000001,1114.7902869757172,2.1888888888888887
8.991807114947215e-05,3600.0,0.031524926686217015,0,6.29629629629629,623.6826978348344,141.33882595262617,6542.9348270876335,4,13,2659.574468085106,612.5827814569536,2.9555555555555557
0.001664945484921414,900.0,0.1711876832844575,0,14.851851851851851,495.114006514658,98.86199794026777,6079.167765461175,6,14,7553.191489361701,1415.5629139072848,2.033333333333333
0.0010898070223316024,900.0,0.1711876832844575,0,14.851851851851851,453.3435524046752,166.52420185375905,5276.396075257573,6,14,7553.191489361701,2066.7770419426047,1.6222222222222225
0.001607285521796815,900.0,0.1711876832844575,0,14.851851851851851,417.7045410998275,237.9454170957776,5543.198537769735,6,14,7553.191489361701,3151.2141280353203,1.5222222222222221
0.0018589437234264,900.0,0.1711876832844575,0,14.851851851851851,460.8162483234337,340.1905252317199,5173.185170366195,6,14,7553.191489361701,3507.174392935982,1.222222222222222
0.0011683729369984539,900.0,0.1711876832844575,0,14.851851851851851,554.7039662770648,243.9598352214212,5543.2894724877015,6,14,7553.191489361701,1379.6909492273728,1.911111111111111
0.0013507942238429455,900.0,0.1711876832844575,0,14.851851851851851,613.3358881011688,152.23995880535531,6230.210332002656,6,14,7553.191489361701,2144.0397350993376,2.2222222222222223
0.00014825241980769222,630.0,0.03372434017595308,0,7.335185185185188,678.8656830810501,212.7600411946447,7359.61952914003,3,15,6382.978723404257,1743.9293598233996,3.111111111111111
0.00033179768254155224,2880.0,0.10667155425219943,0,3.6481481481481506,522.8971067254264,56.00926879505664,4984.950304176632,5,16,3723.4042553191503,811.2582781456954,2.0555555555555554
0.00042115376574634026,2880.0,0.10667155425219943,0,3.6481481481481506,426.51849013220925,106.00411946446962,4984.950304176632,5,16,3723.4042553191503,2348.233995584989,1.5999999999999996
0.0005796343661472849,450.0,0.20564516129032262,0,5.888888888888882,443.9547806093122,69.5417095777549,4881.739399285253,5,17,6702.1276595744675,1757.726269315673,1.8888888888888888
0.001452401644241849,450.0,0.20564516129032262,0,5.888888888888882,389.53822571373837,127.43048403707519,4881.739399285253,5,17,6702.1276595744675,3134.6578366445915,1.3777777777777775
0.0013694522236064608,450.0,0.20564516129032262,0,5.888888888888882,445.2960337229355,113.14624098867148,4881.739399285253,5,17,6702.1276595744675,1948.1236203090502,1.7666666666666664
0.0009209858437484686,0.0,0.37939882697947214,0,6.703703703703698,547.2312703583062,13.908341915550977,3780.7927688712275,5,18,7021.27659574468,1376.9315673289184,2.1333333333333333
0.0017133888457531922,0.0,0.37939882697947214,0,6.703703703703698,459.8582103851314,54.88156539649846,3780.7927688712275,5,18,7021.27659574468,2248.8962472406183,1.8555555555555556
0.0009589762288091205,0.0,0.37939882697947214,0,6.703703703703698,479.7853995018204,18.419155509783728,3780.7927688712275,5,18,7021.27659574468,1045.8057395143485,1.9777777777777779
0.0021251012140288375,0.0,0.37939882697947214,0,6.703703703703698,514.2747652807053,12.404737384140063,3780.7927688712275,5,18,7021.27659574468,1603.2008830022075,2.0444444444444443
0.0008164560860372071,0.0,0.4534457478005865,0,11.592592592592592,519.6397777351983,11.652935118434604,2838.8909601796868,4,19,6489.36170212766,1393.487858719647,2.1222222222222222
0.000998090589759141,0.0,0.4534457478005865,0,11.592592592592592,522.1306763747843,158.25437693099897,3067.2280369922432,4,19,6489.36170212766,1989.5143487858716,1.822222222222222
0.0010701374442676553,0.0,0.4534457478005865,0,11.592592592592592,520.7894232611612,269.1452111225541,2657.6580672735045,4,19,6489.36170212766,2825.60706401766,1.6666666666666665
0.0009076105306649844,0.0,0.4534457478005865,0,11.592592592592592,494.15596857635563,161.2615859938208,2692.4860642544713,4,19,6489.36170212766,2356.512141280353,1.7555555555555558
0.0005635615109293167,0.0,0.4534457478005865,0,11.592592592592592,511.78386664111906,190.95777548918642,3532.3591193881916,4,19,6489.36170212766,2927.7041942604856,1.7999999999999998
0.0008716433022051956,0.0,0.4534457478005865,0,11.592592592592592,443.18835025867025,126.67868177136974,3067.2280369922432,4,19,6489.36170212766,2033.6644591611475,1.7000000000000002
0.0003912560070891407,900.0,0.16129032258064518,0,9.351851851851848,606.6296225330524,115.02574665293514,3883.9127390446392,5,20,6808.510638297872,982.3399558498896,2.5555555555555554
0.00043048276562809796,900.0,0.16129032258064518,0,9.351851851851848,585.9360030657215,253.73326467559218,3883.9127390446392,5,20,6808.510638297872,1514.9006622516556,2.1
0.00034022750171181523,900.0,0.16129032258064518,0,9.351851851851848,525.196397777352,110.13903192584966,3883.9127390446392,5,20,6808.510638297872,1376.9315673289184,2.2
0.00032808856210663655,900.0,0.16129032258064518,0,9.351851851851848,499.3293734431884,164.6446961894954,3883.9127390446392,5,20,6808.510638297872,1594.9227373068431,1.9888888888888887
0.0004975841262233916,0.0,0.14772727272727276,0,14.037037037037038,541.8662579038131,169.53141091658085,3318.9353363220544,3,21,6276.595744680851,2177.1523178807943,2.1
0.0005735648963446954,0.0,0.14772727272727276,0,14.037037037037038,588.0436865299866,199.97940267765193,3008.2114050323275,3,21,6276.595744680851,1324.5033112582782,2.4000000000000004
0.000512083415196244,0.0,0.14772727272727276,0,14.037037037037038,470.2050201187967,158.6302780638517,2998.6632596459,3,21,6276.595744680851,3071.192052980132,1.9444444444444444
0.0007327198822792612,0.0,0.14772727272727276,0,14.037037037037038,490.5154244108068,202.61071060762103,2380.670916349153,3,21,6276.595744680851,1851.5452538631343,1.911111111111111
0.0005651350771744325,0.0,0.10813782991202348,0,22.185185185185183,660.2797470779843,313.5015447991761,2084.3146704980495,2,22,5531.914893617022,1040.2869757174392,2.066666666666667
0.0005248967403350437,0.0,0.10813782991202348,0,22.185185185185183,674.0754933895383,226.29248197734296,2077.7673708044995,2,22,5531.914893617022,1095.4746136865342,2.633333333333333
0.00045543503037207646,0.0,0.10813782991202348,0,22.185185185185183,547.2312703583062,237.5695159629248,1784.7757095181369,2,22,5531.914893617022,1953.6423841059602,1.9555555555555557
0.00037091204349157264,0.0,0.10813782991202348,0,22.185185185185183,544.9319793063806,266.88980432543775,1784.5938400822047,2,22,5531.914893617022,1785.3200883002205,1.8888888888888888
0.0004013717900934563,1008.0000000000001,0.5344574780058651,0,17.092592592592595,552.0214600498181,190.5818743563337,2306.377251770954,5,22,5957.446808510638,1774.2825607064017,1.9888888888888887
0.00025210779198533257,1008.0000000000001,0.5344574780058651,0,17.092592592592595,507.7601073002492,97.73429454170959,2306.377251770954,5,22,5957.446808510638,1236.2030905077263,2.2222222222222223
0.00041159997068670876,1008.0000000000001,0.5344574780058651,0,17.092592592592595,515.041195631347,279.6704428424305,2260.091480326274,5,22,5957.446808510638,2444.8123620309048,1.7333333333333334
0.0013006648991771147,0.0,0.08907624633431087,0,13.222222222222221,587.0856485916843,206.3697219361483,2151.151688203039,2,23,5744.68085106383,1357.6158940397352,2.6
0.0012219865869213266,0.0,0.08907624633431087,0,13.222222222222221,498.56294309254656,250.72605561277032,2151.151688203039,2,23,5744.68085106383,2651.766004415011,1.822222222222222
0.001287064790915757,0.0,0.08907624633431087,0,13.222222222222221,863.7670051734051,274.783728115345,2151.151688203039,2,23,5744.68085106383,684.3267108167771,3.7444444444444445
0.0008491637844178276,0.0,0.08907624633431087,0,13.222222222222221,816.0567158459477,127.80638516992792,2151.151688203039,2,23,5744.68085106383,507.7262693156732,4.311111111111111
0.0007000121838986406,0.0,0.08907624633431087,0,13.222222222222221,738.6472504311172,224.03707518022657,2151.151688203039,2,23,5744.68085106383,1230.684326710817,3.1333333333333337
0.0015998672809269833,0.0,0.2969208211143695,0,28.5,606.6296225330524,289.44387229660146,1498.7860215151543,4,24,8829.787234042553,2121.9646799116995,2.5
0.0012138939605178742,0.0,0.2969208211143695,0,28.5,616.9764322667178,257.1163748712667,1569.9879056825105,4,24,8829.787234042553,1639.072847682119,2.388888888888889
0.002500171968311073,0.0,0.2969208211143695,0,28.5,544.9319793063806,310.11843460350156,1441.406214478626,4,24,8829.787234042553,2455.8498896247243,1.5111111111111115
0.0023074101032843925,0.0,0.2969208211143695,0,28.5,493.5811458133742,317.63645726055614,1441.406214478626,4,24,8829.787234042553,3231.2362030905074,1.5888888888888888
0.0014980350653502061,0.0,0.2969208211143695,0,28.5,499.3293734431884,327.40988671472707,1174.3309478125652,4,24,8829.787234042553,2924.944812362031,1.677777777777778
0.0014195815482722916,0.0,0.2969208211143695,0,28.5,438.78137574247944,352.59526261585995,888.7049986814466,4,24,8829.787234042553,4067.328918322295,1.6111111111111112
0.001853211446390621,0.0,0.2969208211143695,0,28.5,435.90726192757245,334.552008238929,983.3680400840236,4,24,8829.787234042553,4671.6335540838845,1.6111111111111112
0.0014032838978764498,0.0,0.2969208211143695,0,28.5,491.6650699367695,309.3666323377961,902.7998799661723,4,24,8829.787234042553,3410.596026490066,1.711111111111111
0.001367878657361345,0.0,0.2969208211143695,0,28.5,558.1529028549531,354.0988671472708,1185.1521792505162,4,24,8829.787234042553,2908.388520971302,1.6444444444444444
0.002892102360933835,0.0,0.2969208211143695,0,28.5,511.2090438781377,331.92070030895985,1287.180932808337,4,24,8829.787234042553,3813.465783664459,1.5999999999999996
0.001142071901187233,0.0,0.2969208211143695,0,28.5,504.6943858976817,193.58908341915551,1498.7860215151543,4,24,8829.787234042553,3109.8233995584983,1.8555555555555556
0.0010623820106310134,0.0,0.35007331378299117,0,34.00000000000001,604.3303314811267,295.83419155509785,1407.5784993952846,7,25,5531.914893617022,2326.1589403973508,1.9777777777777779
0.0013147145977942195,0.0,0.35007331378299117,0,34.00000000000001,450.6610461774288,338.31101956745624,1112.8590784675685,7,25,5531.914893617022,3995.5849889624724,1.5333333333333334
0.0024255399692570115,0.0,0.35007331378299117,0,34.00000000000001,484.95880436865303,347.7085478887745,1289.81803962935,7,25,5531.914893617022,4238.41059602649,1.5222222222222221
0.0015284948119520898,0.0,0.35007331378299117,0,34.00000000000001,515.9992335696494,305.60762100926877,1024.743336758541,7,25,5531.914893617022,2406.1810154525383,1.5
0.001854785012635737,0.0,0.35007331378299117,0,34.00000000000001,453.5351599923357,320.64366632337794,1212.6144640762395,7,25,5531.914893617022,3871.412803532008,1.4777777777777779
0.0014078921990228605,0.0,0.35007331378299117,0,34.00000000000001,501.05384173213275,261.6271884654995,1455.4101610453856,7,25,5531.914893617022,2844.9227373068425,1.7999999999999998
0.0016259435215603304,0.0,0.35007331378299117,0,34.00000000000001,471.35466564475956,299.5932028836251,1471.1418672534987,7,25,5531.914893617022,2364.790286975717,1.5777777777777777
0.0013966524401291761,0.0,0.35007331378299117,0,34.00000000000001,442.80513508334934,263.88259526261584,1225.7090634633396,7,25,5531.914893617022,3763.796909492273,1.711111111111111
0.0015560322212416157,0.0,0.35007331378299117,0,34.00000000000001,415.7884652232229,234.18640576725028,1481.8721639734833,7,25,5531.914893617022,3278.145695364238,1.5888888888888888
0.0007043956898671774,0.0,0.9233870967741935,0,40.92592592592592,442.4219199080284,251.10195674562306,1025.8345533741326,2,26,6914.893617021278,3487.858719646799,1.8888888888888888
0.0007342934485243769,0.0,0.9233870967741935,0,40.92592592592592,468.0973366545315,305.23171987641604,971.0009184406515,2,26,6914.893617021278,3460.264900662251,1.7000000000000002
0.0009741499033155939,0.0,0.9233870967741935,0,40.92592592592592,459.8582103851314,338.31101956745624,870.5180550882521,2,26,6914.893617021278,4470.198675496688,1.7222222222222223
0.0016191996662241201,0.0,0.9233870967741935,0,40.92592592592592,439.7394136807818,353.7229660144181,740.9360819867417,2,26,6914.893617021278,6534.216335540839,1.366666666666667
0.001035968577230856,0.0,0.9233870967741935,0,40.92592592592592,444.14638819697257,349.21215242018536,797.2246724076786,2,26,6914.893617021278,4373.6203090507715,1.5333333333333334
0.00182870877200239,0.0,0.9233870967741935,0,40.92592592592592,464.64840007664304,321.3954685890834,785.0394202002383,2,26,6914.893617021278,3609.2715231788075,1.822222222222222
0.004282685331260422,0.0,0.9233870967741935,0,40.92592592592592,393.17876987928736,348.4603501544799,570.7062899544418,2,26,6914.893617021278,7044.701986754966,1.1888888888888887
0.0028417482410901308,0.0,0.7855571847507332,0,49.68518518518518,408.5073768921249,349.9639546858908,598.9869872418591,5,27,9148.936170212764,4266.004415011038,1.2444444444444445
0.0035867194605635074,0.0,0.7855571847507332,0,49.68518518518518,549.9137765855528,360.4891864057672,620.9931889896244,5,27,9148.936170212764,3769.315673289183,1.4444444444444442
0.009834002248850959,0.0,0.7855571847507332,0,49.68518518518518,397.77735198313854,345.07723995880536,773.2179068646619,5,27,9148.936170212764,4583.333333333333,1.0333333333333334
0.0037511571331781046,0.0,0.7855571847507332,0,49.68518518518518,555.0871814523857,360.86508753862,899.2534259654994,5,27,9148.936170212764,2999.4481236203087,1.5777777777777777
0.013337322698423328,0.0,0.7855571847507332,0,49.68518518518518,529.7949798812033,356.3542739443872,1037.928870863607,5,27,9148.936170212764,2905.6291390728475,1.6222222222222225
0.0065609844590101725,0.0,0.7855571847507332,0,49.68518518518518,538.608928913585,357.10607621009274,1089.2160517964153,5,27,9148.936170212764,2591.059602649006,2.0
0.0036360620021067803,0.0,0.7855571847507332,0,49.68518518518518,433.22475570032583,347.7085478887745,1218.7980248979259,5,27,9148.936170212764,3669.9779249448115,1.4888888888888887
0.010900880163039446,0.0,0.7855571847507332,0,49.68518518518518,420.7702625023951,358.98558187435634,1106.1299093380865,5,27,9148.936170212764,4299.116997792494,1.1777777777777778
0.00619827743951099,0.0,0.7855571847507332,0,49.68518518518518,531.5194481701476,358.2337796086509,892.1605179641535,5,27,9148.936170212764,4202.538631346579,1.4555555555555557
0.003555360533250129,0.0,0.7855571847507332,0,49.68518518518518,456.2176662195824,340.5664263645726,761.3963935290856,5,27,9148.936170212764,4185.982339955849,1.3777777777777775
0.0038890689748036075,0.0,0.7855571847507332,0,49.68518518518518,554.3207511017437,358.98558187435634,654.911838790932,5,27,9148.936170212764,3548.5651214128034,1.3444444444444446
0.002736656495434185,0.0,0.7855571847507332,0,49.68518518518518,439.93102126844235,358.2337796086509,490.13812983659045,5,27,9148.936170212764,5405.6291390728475,0.9222222222222223
0.0060492382365807396,0.0,0.7855571847507332,0,49.68518518518518,496.26365204062085,357.10607621009274,490.22906455455643,5,27,9148.936170212764,4616.445916114791,1.4222222222222223
0.003198610585964598,0.0,0.7855571847507332,0,49.68518518518518,500.67062655681184,340.9423274974253,438.5781447498842,5,27,9148.936170212764,6189.293598233995,1.0
0.01823448564840146,0.0,0.7855571847507332,0,49.68518518518518,279.3638628089673,365.0,281.715756258582,5,27,9148.936170212764,9017.66004415011,1.0444444444444445
0.03725676599766123,0.0,0.7008797653958944,1,100.0,352.9411764705882,365.0,174.59465849466685,4,28,2234.042553191489,6923.289183222958,0.9333333333333333
0.04598275281477283,0.0,0.7008797653958944,0,100.0,365.39566966851896,365.0,256.61777409997364,4,28,2234.042553191489,6812.913907284767,1.1777777777777778
0.03117257211092113,0.0,0.7008797653958944,0,100.0,257.13738264035254,356.73017507723995,196.69179496039808,4,28,2234.042553191489,7604.856512141279,0.7555555555555558
0.02667217264989005,0.0,0.7008797653958944,0,100.0,492.23989269975095,365.0,263.2560085114897,4,28,2234.042553191489,7193.708609271523,0.9777777777777779
0.024151207127625664,0.0,0.7008797653958944,0,100.0,396.0528836941944,365.0,351.9173585283125,4,28,2234.042553191489,4116.997792494481,1.1777777777777778
0.026551682434549757,0.0,0.7008797653958944,0,100.0,261.54435715654347,348.83625128733263,301.17578590330015,4,28,2234.042553191489,7671.081677704195,1.0666666666666667
0.026128730307380426,0.0,0.7008797653958944,0,100.0,311.36232994826594,341.6941297631308,363.7388718638891,4,28,2234.042553191489,7337.19646799117,1.4222222222222223
0.030658128346357214,0.0,0.7008797653958944,0,100.0,390.11304847671977,345.82904222451083,360.1924178632161,4,28,2234.042553191489,5441.501103752758,1.1555555555555557
0.018548749307068863,0.0,0.7008797653958944,0,100.0,490.70703199846713,354.8506694129763,444.1251625458085,4,28,2234.042553191489,3413.3554083885206,1.8333333333333333
0.01674724075158919,0.0,0.7008797653958944,0,100.0,353.1327840582487,365.0,420.11839700279165,4,28,2234.042553191489,3187.086092715231,1.6222222222222225
0.012591452298238458,0.0,0.7008797653958944,1,100.0,278.0226096953439,319.8918640576725,437.03225454446266,4,28,2234.042553191489,2866.9977924944806,1.1444444444444444
0.024085229742919736,0.0,0.7008797653958944,0,100.0,411.57309829469244,359.3614830072091,448.85376788003896,4,28,2234.042553191489,3879.690949227372,1.5999999999999996
0.015820297835627068,0.0,0.7008797653958944,1,100.0,492.0482851120904,349.9639546858908,563.613381953096,4,28,2234.042553191489,3694.8123620309048,1.3333333333333333
0.03966162481055387,0.0,0.7008797653958944,1,100.0,496.45525962828134,299.5932028836251,560.066927952423,4,28,2234.042553191489,3667.2185430463574,1.1777777777777778
0.027429058013790735,0.0,0.7008797653958944,0,100.0,327.8405824870666,342.44593202883624,551.7918686175194,4,28,2234.042553191489,3976.2693156732894,0.8999999999999999
0.013681708910925808,0.0,0.7008797653958944,0,45.81481481481481,648.0168614677141,355.2265705458291,679.9188862315744,4,28,2234.042553191489,789.1832229580573,4.033333333333333
0.015022162556586565,0.0,0.7008797653958944,0,45.81481481481481,479.97700708948076,365.0,570.7972246724078,4,28,2234.042553191489,1296.9094922737304,2.144444444444445
0.015945845942469516,0.0,0.7008797653958944,0,100.0,565.05077601073,365.0,578.6176104174814,4,28,2234.042553191489,1561.8101545253862,2.033333333333333
0.014242348084542767,0.0,0.7008797653958944,1,45.81481481481481,515.2328032190076,337.183316168898,608.1713937564223,4,28,2234.042553191489,1040.2869757174392,2.444444444444444
0.01637677829845336,0.0,0.7008797653958944,0,45.81481481481481,752.6346043303316,330.41709577754887,765.0337822477245,4,28,2234.042553191489,0.0,5.0
0.02054009739026286,0.0,0.7008797653958944,1,45.81481481481481,812.6077792680591,358.2337796086509,828.5062153879733,4,28,2234.042553191489,52.42825607064016,5.0
0.017002383278475815,0.0,0.7008797653958944,1,45.81481481481481,922.3989269975093,342.07003089598356,938.8100282806973,4,28,2234.042553191489,438.7417218543046,5.0
0.025132550476633216,0.0,0.7008797653958944,0,45.81481481481481,439.3561985054609,334.1761071060762,1175.2402949922252,4,28,2234.042553191489,2734.5474613686533,1.9666666666666666
0.032794019728923984,0.0,0.7008797653958944,0,45.81481481481481,486.6832726575973,338.6869207003089,1049.2047758913875,4,28,2234.042553191489,2229.580573951435,2.2222222222222223
0.022523015654286598,0.0,0.7008797653958944,0,45.81481481481481,836.941942900939,350.7157569515963,833.2348207222036,4,28,2234.042553191489,543.598233995585,5.0
0.020163677864913382,0.0,0.7008797653958944,0,45.81481481481481,443.7631730216517,286.81256436663233,1178.786748992898,4,28,2234.042553191489,2872.5165562913908,2.088888888888889
0.02578490608282263,0.0,0.7008797653958944,0,45.81481481481481,528.4537267675801,350.3398558187435,882.4305031417946,4,28,2234.042553191489,2585.540838852097,2.088888888888889
0.027461091326637734,0.0,0.7008797653958944,0,45.81481481481481,544.3571565433992,346.956745623069,1030.1994198364996,4,28,2234.042553191489,2646.2472406181014,1.9222222222222225
0.013500074407203874,0.0,0.7008797653958944,0,45.81481481481481,443.3799578463308,344.7013388259526,1178.786748992898,4,28,2234.042553191489,3504.415011037527,1.3777777777777775
0.025936642827887366,0.0,0.7008797653958944,0,45.81481481481481,444.3379957846331,354.8506694129763,1144.9590339095564,4,28,2234.042553191489,2842.1633554083883,1.5666666666666669
0.0014928647762591117,0.0,0.1315982404692082,0,26.462962962962962,385.3228587852079,321.77136972193614,1333.5576389709827,4,1,4255.319148936172,3576.1589403973503,2.011111111111111
0.0009605497950542362,0.0,0.1315982404692082,0,26.462962962962962,547.0396627706459,305.23171987641604,1379.2068673899007,4,1,4255.319148936172,2017.108167770419,2.066666666666667
0.000878387157541406,0.0,0.1315982404692082,0,26.462962962962962,440.3142364437632,247.3429454170958,1429.7665705789816,4,1,4255.319148936172,2182.671081677704,1.9555555555555557
0.0006779822564670201,0.0,0.1315982404692082,0,26.462962962962962,571.9486491665072,113.52214212152421,1821.1495967045257,4,1,4255.319148936172,993.3774834437086,2.711111111111111
0.0007182205933064088,0.0,0.1315982404692082,0,26.462962962962962,471.163058057099,166.52420185375905,2205.4397148287244,4,1,4255.319148936172,2312.362030905077,2.022222222222222
0.000538721643774275,0.0,0.1315982404692082,0,26.462962962962962,527.6872964169382,265.0102986611741,1989.5606943775063,4,1,4255.319148936172,1258.2781456953642,2.177777777777778
0.0006755095095104097,0.0,0.1315982404692082,0,26.462962962962962,632.1134316918951,268.76930998970136,1623.821258718366,4,1,4255.319148936172,1432.119205298013,2.7666666666666666
0.0005786227878468533,0.0,0.07331378299120235,0,21.98148148148148,655.1063422111517,208.6251287332647,1545.3445971137323,3,29,5531.914893617022,913.3554083885209,3.577777777777778
0.0006694400397078201,0.0,0.07331378299120235,0,21.98148148148148,805.5182985246216,302.22451081359424,1465.3220453036768,3,29,5531.914893617022,1608.7196467991168,3.8666666666666667
0.0007031593163888721,0.0,0.07331378299120235,0,21.98148148148148,494.9223989269976,222.90937178166843,1335.1944638943703,3,29,5531.914893617022,2130.2428256070634,3.466666666666667
0.0009521199758839732,0.0,0.07331378299120235,0,21.98148148148148,688.6376700517342,335.6797116374871,1428.584419245424,3,29,5531.914893617022,852.6490066225166,3.655555555555555
0.0010538397938718135,0.0,0.07331378299120235,0,21.98148148148148,575.205978156735,348.4603501544799,1561.7128463476072,3,29,5531.914893617022,1089.9558498896247,3.055555555555556
0.0008627638926791852,0.0,0.07331378299120235,0,21.98148148148148,391.45430159034305,326.6580844490216,1689.8398639616619,3,29,5531.914893617022,3380.242825607064,2.3777777777777773
0.0006086329440929897,0.0,0.07331378299120235,0,21.98148148148148,496.64686721594177,247.71884654994847,1955.187370986369,3,29,5531.914893617022,3151.2141280353203,2.733333333333334
0.0005586160170160957,0.0,0.07331378299120235,0,21.98148148148148,818.1643993102128,190.5818743563337,1881.9849230237612,3,29,5531.914893617022,750.551876379691,5.0
0.0008140957366695335,1620.0,0.10923753665689151,0,11.592592592592592,617.1680398543783,143.59423274974253,2417.9541507152016,4,19,2765.95744680851,1365.894039735099,3.0
0.0013428139950284299,1620.0,0.10923753665689151,0,11.592592592592592,573.8647250431118,98.48609680741505,3125.5171912084315,4,19,2765.95744680851,780.905077262693,2.7555555555555555
0.0008697325431932693,1620.0,0.10923753665689151,0,11.592592592592592,694.3858976815483,135.3244078269825,3125.5171912084315,4,19,2765.95744680851,1009.9337748344369,3.322222222222222
0.0009481860602711837,1620.0,0.10923753665689151,0,11.592592592592592,649.5497221689978,69.91761071060763,4865.1892806154465,4,19,2765.95744680851,929.9116997792494,3.555555555555556
0.0007057444609344196,1620.0,0.10923753665689151,0,11.592592592592592,608.928913584978,104.87641606591146,4865.1892806154465,4,19,2765.95744680851,816.7770419426049,2.833333333333333
0.0009027774343407003,1620.0,0.10923753665689151,0,11.592592592592592,693.0446445679249,87.96086508753864,4865.1892806154465,4,19,2765.95744680851,314.56953642384104,3.4888888888888885
0.00017477825079678652,2160.0,0.09054252199413491,0,4.259259259259262,620.6169764322667,26.31307929969104,4628.577144467987,1,30,3191.489361702127,910.5960264900663,2.9000000000000004
9.070485427203005e-05,2160.0,0.09054252199413491,0,4.259259259259262,583.0618892508145,59.768280123583935,4628.577144467987,1,30,3191.489361702127,731.2362030905077,2.677777777777778
8.41857941136933e-05,2880.0,0.0,0,8.537037037037033,826.5951331672735,109.38722966014419,4109.158035446352,5,31,1914.8936170212774,342.16335540838855,5.0
0.000379791453017583,2880.0,0.03885630498533725,0,4.870370370370374,713.9298716229164,117.2811534500515,5619.219961989288,2,32,0.0,648.4547461368653,3.144444444444444
0.00045341187377121334,2880.0,0.03885630498533725,0,4.870370370370374,679.4405058440316,126.67868177136974,5619.219961989288,2,32,0.0,1898.454746136865,2.8111111111111113
0.0003524788389059308,2880.0,0.03885630498533725,0,4.870370370370374,711.4389729833302,133.06900102986612,5619.219961989288,2,32,0.0,1349.3377483443708,3.2888888888888888
0.0002830171289429636,3420.0,0.03702346041055719,0,4.66666666666667,654.1483042728491,46.611740473738415,5932.399130664096,3,33,4680.851063829788,780.905077262693,3.322222222222222
0.00012880763692161887,3420.0,0.03702346041055719,0,4.66666666666667,684.8055182985247,41.34912461380021,5932.399130664096,3,33,4680.851063829788,750.551876379691,3.1
0.0003161744176793315,2970.0,0.05755131964809384,0,7.111111111111105,498.3713355048861,133.44490216271888,4674.4082423228365,2,34,2234.042553191489,1572.847682119205,2.1222222222222222
0.00017365427490741812,2970.0,0.05755131964809384,0,7.111111111111105,775.8191224372487,48.11534500514933,4674.4082423228365,2,34,2234.042553191489,380.7947019867549,4.144444444444444
0.0003234802609602261,3420.0,0.08137829912023462,0,7.335185185185188,822.3797662387431,113.89804325437696,3626.8402913548366,5,35,2234.042553191489,573.9514348785872,4.833333333333333
0.00015477147996602897,3420.0,0.08137829912023462,0,7.335185185185188,857.0607396052886,109.01132852729145,3626.8402913548366,5,35,2234.042553191489,317.32891832229575,5.0
0.0014622926320682912,0.0,0.3713343108504399,0,22.185185185185183,446.44567924889833,72.92481977342946,2560.539788485846,5,36,6382.978723404257,2522.0750551876376,1.9555555555555557
0.0025106249440821995,0.0,0.3713343108504399,0,22.185185185185183,529.7949798812033,186.44696189495366,2932.917458556502,5,36,6382.978723404257,2549.668874172185,2.1555555555555554
0.002761271567411353,0.0,0.3713343108504399,0,22.185185185185183,425.7520597815675,262.37899073120496,2932.917458556502,5,36,6382.978723404257,4506.0706401766,1.9444444444444444
0.0014561107646767647,0.0,0.3713343108504399,1,22.185185185185183,479.59379191415985,211.25643666323379,2827.7059898698726,5,36,6382.978723404257,3567.8807947019864,2.1555555555555554
0.004826240071358981,0.0,0.3713343108504399,1,22.185185185185183,341.6363287986205,365.0,2496.5217470378016,5,36,6382.978723404257,5894.039735099337,1.6666666666666665
0.001889853060384031,0.0,0.3713343108504399,1,22.185185185185183,459.66660279747083,335.3038105046344,2498.431376115087,5,36,6382.978723404257,4288.079470198675,1.8555555555555556
0.004152641320860498,0.0,0.3713343108504399,1,22.185185185185183,353.1327840582487,322.14727085478887,2305.55883930926,5,36,6382.978723404257,6139.6247240618095,1.5888888888888888
0.0023701279579111494,0.0,0.3713343108504399,1,22.185185185185183,430.3506418854188,191.33367662203912,2294.2829342814794,5,36,6382.978723404257,3945.9161147902873,1.9333333333333333
0.0015083756435323955,0.0,0.3713343108504399,0,22.185185185185183,539.1837516765665,110.51493305870237,2560.539788485846,5,36,6382.978723404257,2110.927152317881,2.5666666666666673
0.0031834369114581247,0.0,0.3713343108504399,0,22.185185185185183,354.6656447595325,25.937178166838315,2235.0844328856315,5,36,6382.978723404257,7676.600441501104,2.077777777777778
0.0021546617799192264,0.0,0.3713343108504399,0,22.185185185185183,502.2034872580956,148.48094747682802,2560.539788485846,5,36,6382.978723404257,2135.761589403973,2.2222222222222223
0.0004414977293439083,0.0,0.49230205278592376,1,34.611111111111114,445.8708564859169,199.6035015447992,1802.7807836753993,4,23,4042.5531914893604,3250.5518763796904,2.033333333333333
0.0007172090150059772,0.0,0.49230205278592376,0,34.611111111111114,590.3429775819124,308.99073120494336,2083.7690621902534,4,23,4042.5531914893604,2196.4679911699773,2.633333333333333
0.001173093635733801,0.0,0.49230205278592376,1,34.611111111111114,457.9421345085266,341.6941297631308,1600.1782320472132,4,23,4042.5531914893604,4467.439293598234,1.8333333333333333
0.0012131071773953163,0.0,0.49230205278592376,1,34.611111111111114,538.8005365012456,336.4315139031926,2031.208795205922,4,23,4042.5531914893604,2419.9779249448125,2.0
0.003953809986031228,0.0,0.21041055718475077,1,25.851851851851855,649.5497221689978,321.77136972193614,1575.0802498886048,6,5,5106.382978723403,2201.9867549668875,2.411111111111111
0.004511526822335829,0.0,0.21041055718475077,1,25.851851851851855,498.754550680207,332.2966014418125,1744.4916294592115,6,5,5106.382978723403,5444.260485651214,1.8555555555555556
0.006937628779537524,0.0,0.21041055718475077,1,25.851851851851855,635.753975857444,281.1740473738414,1948.2763324209552,6,5,5106.382978723403,2262.6931567328916,2.5
0.006838044515739484,0.0,0.21041055718475077,0,25.851851851851855,585.7443954780612,292.826982492276,1948.2763324209552,6,5,5106.382978723403,1619.7571743929357,2.788888888888889
0.003473197895737299,0.0,0.21041055718475077,0,25.24074074074074,901.5136999425179,283.4294541709578,1604.815902663478,6,5,5106.382978723403,665.0110375275938,4.422222222222222
0.005851530877640837,0.0,0.21041055718475077,0,25.24074074074074,989.4615826786742,301.09680741503604,1604.815902663478,6,5,5106.382978723403,800.2207505518763,5.0
0.004224126187424328,0.0,0.21041055718475077,0,25.24074074074074,858.2103851312511,314.25334706488155,1896.9891514881467,6,5,5106.382978723403,386.3134657836644,3.6222222222222222
0.004564016496369333,0.0,0.21041055718475077,0,25.24074074074074,690.1705307530179,289.44387229660146,1896.9891514881467,6,5,5106.382978723403,1277.5938189845476,2.9555555555555557
0.003280548428299555,0.0,0.21041055718475077,0,25.24074074074074,790.3812990994444,53.00205973223481,2041.9390919259067,6,5,5106.382978723403,604.3046357615893,4.633333333333334
0.004894465407843643,0.0,0.21041055718475077,0,25.24074074074074,573.0982946924698,69.5417095777549,2041.9390919259067,6,5,5106.382978723403,560.1545253863134,2.9444444444444446
0.005964715249700236,0.0,0.21041055718475077,0,25.24074074074074,463.6903621383407,245.08753861997937,2311.4695959770484,6,5,5106.382978723403,2737.3068432671084,2.144444444444445
0.0051325235012118706,0.0,0.21041055718475077,0,25.24074074074074,737.8808200804752,278.1668383110196,2311.4695959770484,6,5,5106.382978723403,971.3024282560706,2.9666666666666663
0.006395085617739396,0.0,0.21041055718475077,0,25.851851851851855,915.1178386664113,264.6343975283213,2463.2396402622558,6,5,5106.382978723403,204.19426048565126,4.0777777777777775
0.0036546076042813587,0.0,0.21041055718475077,0,25.851851851851855,897.8731557769689,253.73326467559218,2293.6463912557174,6,5,5106.382978723403,612.5827814569536,4.811111111111111
0.004963365129861926,0.0,0.21041055718475077,1,25.851851851851855,606.438014945392,239.07312049433574,2293.6463912557174,6,5,5106.382978723403,1743.9293598233996,2.6666666666666665
0.0036431430502098013,0.0,0.21041055718475077,0,25.851851851851855,483.8091588426903,220.2780638516993,2293.6463912557174,6,5,5106.382978723403,2524.8344370860927,2.111111111111111
0.0057801584086659445,0.0,0.21041055718475077,1,25.851851851851855,588.2352941176472,276.6632337796087,2744.7735270849057,6,5,5106.382978723403,2155.077262693156,2.2333333333333334
0.005681810518346209,0.0,0.21041055718475077,0,25.851851851851855,727.5340103468097,258.2440782698249,2744.7735270849057,6,5,5106.382978723403,827.814569536424,2.9444444444444446
0.0008555704469872274,1080.0,0.16385630498533724,0,9.759259259259256,559.4941559685765,58.64057672502575,4601.569533232093,7,37,4255.319148936172,1277.5938189845476,2.077777777777778
0.0009688672166355625,1080.0,0.16385630498533724,0,9.759259259259256,583.4451044261352,147.72914521112259,4601.569533232093,7,37,4255.319148936172,1556.291390728477,2.033333333333333
0.0012023170088573795,1080.0,0.16385630498533724,0,9.759259259259256,639.2029124353326,193.21318228630278,4734.516090898344,7,37,4255.319148936172,2662.80353200883,1.8888888888888888
0.001121727937589665,1080.0,0.16385630498533724,0,9.759259259259256,485.53362713163443,233.81050463439755,4734.516090898344,7,37,4255.319148936172,2944.260485651214,1.677777777777778
0.0010855359139520025,1080.0,0.16385630498533724,0,9.759259259259256,535.9264226863384,187.9505664263646,5370.513508352354,7,37,4255.319148936172,2618.653421633554,1.911111111111111
0.001362820765859187,1080.0,0.16385630498533724,0,9.759259259259256,542.6326882544548,18.419155509783728,5370.513508352354,7,37,4255.319148936172,954.7461368653422,2.077777777777778
0.00224525423660232,792.0,0.19794721407624635,0,10.370370370370367,389.34661812607783,276.6632337796087,6206.567305331503,8,38,6914.893617021278,2971.8543046357613,1.4000000000000001
0.0020794677929204804,792.0,0.19794721407624635,0,10.370370370370367,391.6459091780036,252.98146240988672,6206.567305331503,8,38,6914.893617021278,4616.445916114791,1.5
0.003748571988632558,792.0,0.19794721407624635,0,10.370370370370367,488.0245257712205,120.28836251287333,6298.047631605272,8,38,6914.893617021278,2050.2207505518763,2.144444444444445
0.002138364129523385,792.0,0.19794721407624635,0,10.370370370370367,510.6342211151562,286.81256436663233,6298.047631605272,8,38,6914.893617021278,2323.399558498896,1.7222222222222223
0.001776668688324633,792.0,0.19794721407624635,0,10.370370370370367,550.2969917608738,173.66632337796088,6089.807127463195,8,38,6914.893617021278,2149.558498896247,2.166666666666667
0.00207272393758427,792.0,0.19794721407624635,0,10.370370370370367,604.9051542441082,54.88156539649846,6089.807127463195,8,38,6914.893617021278,1332.7814569536422,2.3555555555555556
0.0015059028965757851,792.0,0.19794721407624635,0,10.370370370370367,560.6438014945393,37.966014418125646,5698.969709645445,8,38,6914.893617021278,1150.662251655629,2.1555555555555554
0.002335284705340729,792.0,0.19794721407624635,0,10.370370370370367,551.255029699176,22.55406797116375,5698.969709645445,8,38,6914.893617021278,513.2450331125827,2.2
0.0008529853024416802,792.0,0.19794721407624635,0,10.370370370370367,650.6993676949608,14.660144181256438,7072.0839509316265,8,38,6914.893617021278,496.6887417218542,2.733333333333334
0.004075761370027699,792.0,0.19794721407624635,0,10.370370370370367,900.1724468288946,20.674562306900103,7072.0839509316265,8,38,6914.893617021278,499.44812362030905,4.2
0.00047060870487854986,2880.0,0.11656891495601175,0,2.4259259259259274,488.0245257712205,109.38722966014419,7357.255226472916,1,39,4042.5531914893604,1335.540838852097,1.8777777777777778
0.00032775136933982596,2880.0,0.11656891495601175,0,2.4259259259259274,443.5715654339913,60.89598352214214,7357.255226472916,1,39,4042.5531914893604,2075.055187637969,1.7666666666666664
0.0001018322155767772,3240.0,0.12060117302052788,0,2.833333333333335,745.9283387622149,117.65705458290425,4734.516090898344,3,40,3510.638297872341,380.7947019867549,4.333333333333334
0.006802526877635442,720.0,0.12866568914956014,0,54.37037037037037,985.4378233378044,315.7569515962925,610.5356964235375,4,41,425.53191489361734,935.4304635761589,5.0
0.007386657147340201,720.0,0.12866568914956014,0,54.37037037037037,722.7438206552981,365.0,695.6505924396876,4,41,425.53191489361734,1672.185430463576,3.4444444444444446
0.007309552401329528,720.0,0.12866568914956014,0,54.37037037037037,628.6644951140066,365.0,801.2257999981813,4,41,425.53191489361734,1426.6004415011034,2.788888888888889
0.005999670899859593,720.0,0.12866568914956014,0,54.37037037037037,697.8348342594368,296.5859938208033,893.433604015677,4,41,425.53191489361734,2168.8741721854303,3.1999999999999993
0.005932344744086426,720.0,0.12866568914956014,0,54.37037037037037,758.5744395478062,325.15447991761073,918.6225208922516,4,41,425.53191489361734,1525.9381898454744,4.233333333333333
0.005775212914752723,720.0,0.12866568914956014,0,54.37037037037037,926.8059015137001,333.048403707518,1053.8424465076523,4,41,425.53191489361734,1153.4216335540839,4.866666666666666
0.009204688148393592,720.0,0.12866568914956014,0,54.37037037037037,721.5941751293352,344.3254376930999,863.1523429330086,4,41,425.53191489361734,2626.931567328918,2.8888888888888884
0.006111618898440685,720.0,0.12866568914956014,0,54.37037037037037,698.4096570224183,333.4243048403707,727.9324173176077,4,41,425.53191489361734,1757.726269315673,3.5
0.00848938989239954,720.0,0.12866568914956014,0,54.37037037037037,383.0235677332822,225.16477857878476,779.2195982504161,4,41,425.53191489361734,2406.1810154525383,1.9777777777777779
0.00876004328655945,720.0,0.12866568914956014,0,54.37037037037037,661.6210001916078,307.1112255406797,912.3480253525993,4,41,425.53191489361734,3603.752759381898,2.8555555555555556
0.006429366882365132,720.0,0.12866568914956014,0,39.703703703703695,907.4535351599926,240.95262615859934,1174.8765561203613,4,41,425.53191489361734,1575.6070640176604,5.0
0.00600405440582813,720.0,0.12866568914956014,0,39.703703703703695,748.9940601647826,186.8228630278064,1584.4465258390999,4,41,425.53191489361734,394.5916114790287,4.277777777777778
0.0009478488675043732,720.0,0.23826979472140764,1,17.092592592592595,452.00229929105194,220.2780638516993,2535.16900217334,3,42,6382.978723404257,3289.183222958057,1.7444444444444442
0.003291450994426428,720.0,0.23826979472140764,0,17.092592592592595,439.7394136807818,147.35324407826982,3000.3000845692877,3,42,6382.978723404257,3109.8233995584983,1.788888888888889
0.0017510420380470336,720.0,0.23826979472140764,0,17.092592592592595,513.3167273424028,50.37075180226571,3000.3000845692877,3,42,6382.978723404257,1341.0596026490064,2.2444444444444445
0.0012170410930081054,720.0,0.23826979472140764,0,17.092592592592595,570.4157884652234,209.7528321318229,2535.16900217334,3,42,6382.978723404257,1655.6291390728475,2.1555555555555554
0.002422842427122527,720.0,0.23826979472140764,1,17.092592592592595,791.3393370377468,183.81565396498453,2943.4658858405555,3,42,6382.978723404257,1338.3002207505517,3.355555555555556
0.000563336715751443,1440.0,0.218108504398827,1,13.62962962962963,612.5694577505269,112.77033985581875,2680.7554856368615,5,43,5319.148936170215,496.6887417218542,3.0444444444444443
0.00100843116794133,1440.0,0.218108504398827,0,13.62962962962963,630.9637861659323,149.98455200823892,2853.2586456183103,5,43,5319.148936170215,344.9227373068432,3.0
0.001105655082371697,1440.0,0.218108504398827,1,13.62962962962963,710.097719869707,173.29042224510815,3326.028244323401,5,43,5319.148936170215,1192.0529801324503,3.1333333333333337
0.0006176247512079369,1440.0,0.218108504398827,1,13.62962962962963,625.598773711439,92.84757981462411,3394.774891105675,5,43,5319.148936170215,670.5298013245033,3.1222222222222222
0.000825672688330028,1440.0,0.218108504398827,0,13.62962962962963,559.6857635562369,109.76313079299692,2737.771553801526,5,43,5319.148936170215,1506.6225165562917,2.677777777777778
0.002293585199845161,720.0,0.10520527859237538,0,12.794444444444446,622.9162674841925,110.13903192584966,2701.761405487001,4,15,2446.8085106382987,860.9271523178807,3.344444444444444
0.0003311232970079312,720.0,0.10520527859237538,0,12.794444444444446,816.0567158459477,231.55509783728115,3241.9136302048764,4,15,2446.8085106382987,560.1545253863134,4.488888888888889
0.0003453977908029099,720.0,0.10520527859237538,0,12.794444444444446,652.807051159226,128.93408856848612,3742.054579017723,4,15,2446.8085106382987,789.1832229580573,3.3777777777777778
0.0006178495463858105,720.0,0.10520527859237538,1,12.794444444444446,782.525388005365,175.92173017507727,3712.227991524884,4,15,2446.8085106382987,353.20088300220743,4.555555555555555
9.767350478611412e-05,3240.0,0.027492668621700883,1,4.259259259259262,835.7922973749762,82.3223480947477,4324.309578153843,1,44,1063.8297872340427,394.5916114790287,5.0
3.0796939368694214e-05,3240.0,0.09200879765395896,0,4.055555555555559,675.7999616784825,67.28630278063852,5617.674071783866,1,45,2872.3404255319156,1688.7417218543044,3.022222222222223
5.215248126669384e-05,1980.0000000000002,0.06561583577712611,0,1.8148148148148155,554.1291435140832,109.01132852729145,5617.674071783866,1,37,2872.3404255319156,1793.598233995585,1.8888888888888888
0.000149825986052808,2880.0,0.04765395894428153,0,1.0,511.40065146579815,107.50772399588055,7238.039811219525,1,46,5957.446808510638,3090.5077262693153,1.677777777777778
0.00036405579056642543,1890.0,0.17815249266862174,0,5.074074074074078,507.3768921249281,106.75592173017509,5626.676608862497,7,47,4255.319148936172,1492.8256070640175,2.022222222222222
0.00044486965701201356,1890.0,0.17815249266862174,0,5.074074074074078,527.6872964169382,160.50978372811537,5626.676608862497,7,47,4255.319148936172,1619.7571743929357,1.9222222222222225
0.00041193716345351935,1890.0,0.17815249266862174,0,5.074074074074078,575.5891933320561,75.18022657054583,5626.676608862497,7,47,4255.319148936172,2146.799116997792,2.2
0.0003225810802487314,2880.0,0.1645894428152493,0,6.29629629629629,632.3050392795556,93.9752832131823,3625.6581400212785,5,48,7021.27659574468,441.50110375275943,2.611111111111111
0.0008153321101478387,2880.0,0.1645894428152493,0,6.29629629629629,687.2964169381108,93.22348094747683,3625.6581400212785,5,48,7021.27659574468,504.9668874172186,3.5888888888888886
0.00033528200779859435,2880.0,0.1645894428152493,0,6.29629629629629,588.0436865299866,77.05973223480947,3625.6581400212785,5,48,7021.27659574468,819.5364238410597,2.5444444444444443
0.0008579307963549011,0.0,0.4934017595307918,0,11.592592592592592,491.6650699367695,58.26467559217301,3976.6661513699314,5,49,3617.021276595745,1890.1766004415008,2.1
0.0008505125554850696,0.0,0.4934017595307918,0,11.592592592592592,469.055374592834,148.1050463439753,3976.6661513699314,5,49,3617.021276595745,2392.3841059602646,1.8555555555555556
0.0013824903439231342,0.0,0.4934017595307918,0,11.592592592592592,597.2408507376892,106.00411946446962,4392.8743555001865,5,49,3617.021276595745,1252.7593818984544,2.6222222222222227
0.0005327645715606225,0.0,0.4934017595307918,0,11.592592592592592,572.5234719294886,180.80844490216273,4392.8743555001865,5,49,3617.021276595745,1561.8101545253862,2.4555555555555557
0.0015141079205681742,0.0,0.4934017595307918,0,11.592592592592592,427.0933128951907,207.1215242018538,4719.875601305823,5,49,3617.021276595745,3893.4878587196463,1.7000000000000002
0.0006557275338575256,2520.0,0.0652492668621701,0,4.055555555555559,533.4355240467523,64.65499485066942,6090.989278796751,4,50,2340.4255319148947,894.0397350993376,1.9444444444444444
0.0005540077158696853,2520.0,0.0652492668621701,0,4.055555555555559,666.7944050584405,26.68898043254377,6090.989278796751,4,50,2340.4255319148947,830.5739514348786,2.6666666666666665
0.0004254248741259401,2520.0,0.0652492668621701,0,4.055555555555559,634.2211151561603,167.2760041194645,6090.989278796751,4,50,2340.4255319148947,1197.5717439293596,2.2
0.00032651499586152077,1224.0,0.20637829912023462,0,10.777777777777775,580.3793830235677,140.96292481977343,3966.6633323936744,8,32,3723.4042553191503,2144.0397350993376,1.8888888888888888
0.0009704407828806782,1224.0,0.20637829912023462,0,10.777777777777775,562.176662195823,58.26467559217301,3966.6633323936744,8,32,3723.4042553191503,1915.0110375275935,2.3777777777777773
0.001052940613160319,1224.0,0.20637829912023462,0,10.777777777777775,655.4895573864726,55.63336766220391,3966.6633323936744,8,32,3723.4042553191503,863.6865342163356,3.1222222222222222
0.0005488374267785907,1188.0,0.06304985337243403,0,18.722222222222214,704.1578846522323,143.59423274974253,2630.1957824477813,8,3,6170.212765957445,1434.8785871964678,3.4555555555555557
0.0005447911135768644,1188.0,0.06304985337243403,0,18.722222222222214,585.36118030274,207.49742533470652,2037.301421309642,8,3,6170.212765957445,1986.754966887417,2.6
0.0007722838335850289,1188.0,0.06304985337243403,0,18.722222222222214,739.413680781759,259.37178166838316,1791.0502050577893,8,3,6170.212765957445,1307.9470198675497,3.1555555555555554
0.0004833096324284129,1188.0,0.06304985337243403,0,18.722222222222214,630.0057482276299,253.35736354273945,1866.980694559376,8,3,6170.212765957445,1600.441501103753,2.5777777777777775
0.005469941063200264,0.0,0.3460410557184751,0,33.38888888888889,589.001724468289,299.2173017507724,1989.5606943775063,5,51,6170.212765957445,775.3863134657836,1.9777777777777779
0.0038561364812451132,0.0,0.3460410557184751,0,33.38888888888889,461.9658938493966,277.41503604531414,1794.0510507506663,5,51,6170.212765957445,2273.7306843267106,1.7000000000000002
0.029551124492918274,0.0,0.3460410557184751,0,33.38888888888889,270.5499137765855,131.18949536560248,1263.8107102910822,5,51,6170.212765957445,3010.485651214128,1.2333333333333334
0.008812982550948702,0.0,0.3460410557184751,0,33.38888888888889,490.70703199846713,187.57466529351186,1373.7507843119422,5,51,6170.212765957445,1172.7373068432669,1.9
0.002870297228680088,0.0,0.3460410557184751,0,33.38888888888889,471.7378808200805,328.913491246138,1549.8913330120306,5,51,6170.212765957445,2756.6225165562914,1.5999999999999996
0.0029567309745725185,0.0,0.3460410557184751,0,33.38888888888889,518.2985246215751,300.3450051493306,1939.8194036501195,5,51,6170.212765957445,1702.538631346578,1.8444444444444446
0.004078683707340057,0.0,0.3460410557184751,0,33.38888888888889,575.9724085073769,317.2605561277034,2248.5427711445955,5,51,6170.212765957445,2083.333333333333,2.088888888888889
0.0027789179888744373,0.0,0.3460410557184751,0,33.38888888888889,410.8066679440506,281.1740473738414,2560.176049613982,5,51,6170.212765957445,2695.9161147902864,1.2444444444444445
0.00350624278688473,0.0,0.3460410557184751,0,33.38888888888889,450.8526537650891,301.8486096807415,2608.9170584437434,5,51,6170.212765957445,4580.573951434878,1.4222222222222223
0.0026851783997011124,0.0,0.3460410557184751,0,33.38888888888889,425.56045219390694,258.61997940267764,2639.0164500904802,5,51,6170.212765957445,3921.081677704194,1.6444444444444444
0.0044475725942307665,0.0,0.3460410557184751,0,33.38888888888889,540.5250047901898,241.70442842430487,2185.070338004347,5,51,6170.212765957445,2381.3465783664456,2.011111111111111
0.005273132884971858,0.0,0.3460410557184751,0,33.38888888888889,488.98256370952305,210.1287332646756,2611.91790413662,5,51,6170.212765957445,3035.3200883002205,1.777777777777778
0.0018127483143733588,0.0,0.2536656891495601,0,23.0,548.9557386472505,185.6951596292482,3101.601360383381,4,52,7446.8085106383,1509.3818984547463,2.088888888888889
0.0019699925412959983,0.0,0.2536656891495601,0,23.0,539.375359264227,193.21318228630278,3101.601360383381,4,52,7446.8085106383,1418.3222958057395,2.011111111111111
0.003875693661720124,0.0,0.2536656891495601,0,23.0,475.1868173979691,176.6735324407827,3265.9203957478926,4,52,7446.8085106383,1647.3509933774835,1.711111111111111
0.003120157068886684,0.0,0.2536656891495601,0,23.0,411.3814907070321,268.3934088568486,3265.9203957478926,4,52,7446.8085106383,2762.1412803532007,1.5
0.0037627340848385995,0.0,0.2536656891495601,0,23.0,546.8480551829853,139.83522142121527,3265.9203957478926,4,52,7446.8085106383,1211.3686534216336,2.2222222222222223
0.002085424865134133,0.0,0.2536656891495601,0,23.0,549.9137765855528,44.356333676622036,3897.734816175467,4,52,7446.8085106383,924.39293598234,2.177777777777778
0.0033398943552582065,0.0,0.2536656891495601,0,23.0,527.1124736539568,97.73429454170959,3897.734816175467,4,52,7446.8085106383,1219.6467991169977,2.0
0.0026380838099365764,0.0,0.2536656891495601,0,23.0,483.23433607970884,153.3676622039135,3897.734816175467,4,52,7446.8085106383,3051.876379690949,1.911111111111111
0.0006726995697869887,0.0,0.10190615835777128,0,16.27777777777778,442.0387047327076,86.08135942327499,3714.6832289099657,5,53,4574.468085106382,2273.7306843267106,1.5888888888888888
0.0006847261118032304,0.0,0.10190615835777128,0,16.27777777777778,531.1362329948267,53.75386199794027,3714.6832289099657,5,53,4574.468085106382,1548.0132450331125,1.9555555555555557
0.0004396993679209189,0.0,0.10190615835777128,0,16.27777777777778,494.9223989269976,110.13903192584966,4313.943020305722,5,53,4574.468085106382,2030.9050772626929,1.6444444444444444
0.0004935378130216652,1260.0,0.20527859237536658,0,11.775925925925925,410.9982755317112,95.85478887744594,5011.503241822696,1,51,4574.468085106382,2952.538631346578,1.3444444444444446
0.00031853476704700516,1260.0,0.20527859237536658,0,11.775925925925925,473.27074152136424,76.68383110195676,5011.503241822696,1,51,4574.468085106382,1683.2229580573949,1.5999999999999996
0.0005002816683578758,0.0,0.1733870967741936,0,27.48148148148148,527.8789040045986,132.31719876416068,4845.729250970729,4,35,8085.106382978723,1089.9558498896247,1.911111111111111
0.0003491069112378256,0.0,0.1733870967741936,0,27.48148148148148,526.7292584786358,133.8208032955716,4845.729250970729,4,35,8085.106382978723,1385.2097130242823,1.7444444444444442
0.000374171573570741,0.0,0.1733870967741936,0,27.48148148148148,474.42038704732715,118.78475798146243,4415.517100273713,4,35,8085.106382978723,1732.8918322295804,1.788888888888889
0.0003141512610784684,0.0,0.1733870967741936,0,27.48148148148148,442.2303123203679,163.14109165808443,3729.6874573743503,4,35,8085.106382978723,2226.82119205298,1.6111111111111112
0.00027076579174884803,0.0,0.1733870967741936,0,27.48148148148148,447.2121095995401,213.13594232749745,4078.785839645718,4,35,8085.106382978723,2436.534216335541,1.5
0.00030055115281711067,0.0,0.1733870967741936,0,27.48148148148148,478.63575397585754,129.30998970133882,3348.761923814893,4,35,8085.106382978723,1870.8609271523178,1.7333333333333334
0.0005468142701777275,0.0,0.1733870967741936,0,27.48148148148148,464.45679248898267,159.7579814624099,3348.761923814893,4,35,8085.106382978723,2210.2649006622514,1.5555555555555556
0.0006203222933424211,0.0,0.1733870967741936,0,27.48148148148148,461.19946349875465,209.00102986611742,3348.761923814893,4,35,8085.106382978723,2086.0927152317877,1.5222222222222221
7.51939869987461e-05,1260.0,0.03885630498533725,0,12.61111111111111,705.1159225905345,174.41812564366631,5372.695941583537,1,14,3085.1063829787236,1037.5275938189845,3.0777777777777784
0.0002097339009561438,0.0,0.05241935483870968,0,28.092592592592595,570.7990036405442,213.51184346035018,4671.589266065891,1,54,3510.638297872341,1909.492273730684,1.2777777777777777
0.00021479179245830163,1980.0000000000002,0.1217008797653959,0,21.166666666666664,600.6897873155777,201.1071060762101,4185.270394383872,4,55,5319.148936170215,1503.8631346578363,2.1
0.00027166497246034274,1980.0000000000002,0.1217008797653959,0,21.166666666666664,634.7959379191416,94.72708547888776,4852.094681228346,4,55,5319.148936170215,794.7019867549669,2.911111111111111
0.00027885841815230054,0.0,0.14406158357771262,0,12.61111111111111,470.01341253113634,171.4109165808445,6259.945984777529,3,56,6595.744680851065,2428.2560706401764,1.3888888888888888
0.0006215586668207263,0.0,0.14406158357771262,0,12.61111111111111,447.78693236252155,185.6951596292482,6259.945984777529,3,56,6595.744680851065,3018.763796909492,1.3555555555555554
0.00013914821510380818,3060.0,0.13526392961876835,0,9.96296296296296,566.2004215366929,93.22348094747683,6734.3524084060045,5,57,5638.297872340424,1277.5938189845476,2.011111111111111
9.767350478611412e-05,2880.0,0.056818181818181816,0,11.185185185185183,589.001724468289,100.74150360453142,6560.3942929371,5,58,4680.851063829788,1175.4966887417218,2.166666666666667
0.0002548053341198167,1440.0,0.028958944281524932,0,9.96296296296296,647.2504311170724,118.78475798146243,6967.872764142622,1,59,7553.191489361701,1147.9028697571744,2.4000000000000004
0.0006270661486786314,1440.0,0.028958944281524932,0,9.96296296296296,561.2186242575207,155.9989701338826,6967.872764142622,1,59,7553.191489361701,1172.7373068432669,1.9888888888888887
0.0008225255558397964,2160.0,0.045087976539589444,0,6.29629629629629,578.2716995593025,124.04737384140063,8712.1825241659,5,60,6063.829787234043,1037.5275938189845,2.1222222222222222
0.0007431728580503873,2160.0,0.045087976539589444,0,6.29629629629629,445.10442613527505,58.64057672502575,8712.1825241659,5,60,6063.829787234043,1672.185430463576,1.5111111111111115
0.00012105220328497691,3240.0,0.057184750733137835,0,6.092592592592586,606.8212301207128,124.79917610710609,10000.0,4,61,4680.851063829788,764.3487858719647,2.788888888888889
0.0004123867538092667,2880.0,0.0531524926686217,0,6.703703703703698,402.75914926231087,71.42121524201855,8598.877865580298,5,62,10000.0,1743.9293598233996,1.4666666666666668
0.0011270106242696966,2880.0,0.0531524926686217,0,6.703703703703698,455.06802069361953,62.399588053553046,8598.877865580298,5,62,10000.0,1059.6026490066224,1.7333333333333334
0.10089526927539971,0.0,0.6466275659824048,1,79.42592592592592,507.9517148879096,355.2265705458291,902.6180105302403,9,63,8085.106382978723,4379.139072847682,1.4222222222222223
0.043198664536807284,0.0,0.6466275659824048,1,79.42592592592592,543.0159034297758,331.16889804325433,1250.897980339914,9,63,8085.106382978723,3184.3267108167765,1.8555555555555556
0.05839560534419064,0.0,0.6466275659824048,1,79.42592592592592,491.6650699367695,302.60041194644697,1448.6809919159039,9,63,8085.106382978723,2690.397350993377,1.9666666666666666
0.04782506169503657,0.0,0.6466275659824048,0,79.42592592592592,488.7909561218625,294.70648815653965,1254.444434340587,9,63,8085.106382978723,3018.763796909492,1.9555555555555557
0.050979050438193244,0.0,0.6466275659824048,0,79.42592592592592,543.5907261927573,319.8918640576725,1262.7194936754906,9,63,8085.106382978723,1672.185430463576,2.2222222222222223
0.04305412123743451,0.0,0.6466275659824048,0,79.42592592592592,515.4244108066681,331.54479917610706,1060.2078767652704,9,63,8085.106382978723,3438.1898454746133,1.6555555555555554
0.04127127068171835,0.0,0.6466275659824048,0,79.42592592592592,345.08526537650897,350.7157569515963,885.7041529885697,9,63,8085.106382978723,2334.437086092715,1.7555555555555558
0.04738761027889438,0.0,0.6466275659824048,1,79.42592592592592,429.58421153477684,323.65087538619974,704.8349989542509,9,63,8085.106382978723,3562.362030905077,1.3111111111111113
0.03897903425294043,0.0,0.6466275659824048,1,68.83333333333333,1000.0,300.7209062821833,704.8349989542509,9,63,8085.106382978723,982.3399558498896,1.8777777777777778
0.05113584507476013,0.0,0.6466275659824048,0,68.83333333333333,0.0,319.5159629248198,439.76029608344174,9,63,8085.106382978723,1487.3068432671082,2.5
0.041481791365797056,0.0,0.6466275659824048,0,68.83333333333333,268.6338378999809,332.6725025746653,566.2504887741092,9,63,8085.106382978723,3385.761589403973,1.8777777777777778
0.15191523243596597,0.0,0.6466275659824048,0,51.111111111111114,57.86549147346236,365.0,346.4612754503542,9,63,8085.106382978723,3200.8830022075053,2.011111111111111
0.05498377653201286,0.0,0.6466275659824048,0,51.111111111111114,269.9750910136041,365.0,184.50654275295773,9,63,8085.106382978723,422.1854304635761,5.0
0.06365817285580243,0.0,0.6466275659824048,1,51.111111111111114,598.1988886759916,352.9711637487126,206.512744500723,9,63,8085.106382978723,551.8763796909492,5.0
0.07342305058745724,0.0,0.6466275659824048,1,51.111111111111114,662.0042153669286,355.60247167868175,66.20047467922775,9,63,8085.106382978723,339.4039735099338,5.0
0.10369779075795088,0.0,0.6466275659824048,0,51.111111111111114,508.71814523855153,365.0,35.91921359655911,9,63,8085.106382978723,2152.3178807947015,5.0
0.09285086143760113,0.0,0.6466275659824048,1,58.64814814814815,443.3799578463308,325.90628218331614,0.0,9,63,8085.106382978723,1972.9580573951437,5.0
0.12478133049072337,0.0,0.6466275659824048,0,58.64814814814815,257.71220540333394,365.0,40.55688421282359,9,63,8085.106382978723,9116.997792494481,0.9777777777777779
0.20784427269093766,0.0,0.6466275659824048,0,58.64814814814815,110.55757808009197,365.0,6.7291691294820115,9,63,8085.106382978723,10000.0,0.9777777777777779
0.22033052084593124,0.0,0.6466275659824048,0,59.25925925925927,718.9116689020885,357.10607621009274,169.77511844247024,9,63,8085.106382978723,3231.2362030905074,1.1111111111111112
0.1717623986904332,0.0,0.6466275659824048,0,59.25925925925927,591.6842306955357,339.8146240988671,195.78244778073827,9,63,8085.106382978723,5935.430463576158,0.9888888888888889
0.11034262381830794,0.0,0.6466275659824048,0,59.25925925925927,619.4673309063039,360.4891864057672,207.69489583428071,9,63,8085.106382978723,5383.554083885209,0.9222222222222223
0.26572903099341033,0.0,0.6466275659824048,0,59.25925925925927,540.1417896148688,350.7157569515963,233.2475515827189,9,63,8085.106382978723,6059.602649006622,0.8999999999999999
0.2007463649495762,0.0,0.6466275659824048,0,59.25925925925927,510.05939835217487,365.0,233.2475515827189,9,63,8085.106382978723,5532.560706401766,0.5777777777777777
1.0,0.0,0.6466275659824048,0,59.25925925925927,652.807051159226,334.552008238929,260.8917058443744,9,63,8085.106382978723,4271.523178807946,0.6000000000000001
0.1783533933056895,0.0,0.6466275659824048,0,59.25925925925927,571.7570415788465,361.6168898043254,354.28166119542794,9,63,8085.106382978723,5339.403973509933,0.6555555555555557
0.10318885447524488,0.0,0.6466275659824048,0,65.16666666666666,378.42498562943086,365.0,409.9337085906029,9,63,8085.106382978723,6034.768211920529,0.7000000000000001
0.08976251288638357,0.0,0.6466275659824048,0,65.16666666666666,375.35926422686333,365.0,366.9215869926979,9,63,8085.106382978723,6299.6688741721855,0.8111111111111112
0.22567839812754611,0.0,0.6466275659824048,0,65.16666666666666,154.6273232420005,331.92070030895985,281.806690976548,9,63,8085.106382978723,7974.613686534215,0.4222222222222223
0.18888954329262894,0.0,0.6466275659824048,0,65.16666666666666,328.7986204253689,357.8578784757981,269.6214387691076,9,63,8085.106382978723,8024.282560706401,0.24444444444444446
0.27410939522454114,0.0,0.6466275659824048,0,65.16666666666666,209.0438781375743,365.0,306.99560785312235,9,63,8085.106382978723,7326.15894039735,0.611111111111111
0.2539149204202591,0.0,0.6466275659824048,0,65.16666666666666,275.72331864341834,325.5303810504634,353.55418345170006,9,63,8085.106382978723,8349.889624724061,0.2666666666666667
0.16103629677819054,0.0,0.6466275659824048,0,65.16666666666666,252.73040812416176,365.0,418.2087679255062,9,63,8085.106382978723,7971.854304635762,0.5777777777777777
0.09155255688779168,0.0,0.6466275659824048,0,65.16666666666666,350.4502778310021,360.86508753862,544.2442870263437,9,63,8085.106382978723,5275.938189845475,0.7222222222222221
0.07818185210545411,0.0,0.6466275659824048,0,65.16666666666666,412.3395286453344,353.7229660144181,724.6587674708328,9,63,8085.106382978723,4243.929359823399,1.1222222222222222
0.05942157053600612,0.0,0.6466275659824048,0,65.16666666666666,477.1028932745738,299.2173017507724,944.0842419227238,9,63,8085.106382978723,4699.227373068433,2.022222222222222
0.1300617692189761,0.0,0.6466275659824048,0,65.16666666666666,282.62119179919523,353.7229660144181,582.3459338540862,9,63,8085.106382978723,6608.719646799116,0.5222222222222221
0.09709398281755577,0.0,0.6466275659824048,0,63.74074074074073,504.31117072236066,337.183316168898,601.6240940628722,9,63,8085.106382978723,3708.6092715231784,0.9777777777777779
0.15008989559163166,0.0,0.6466275659824048,0,63.74074074074073,445.67924889825633,345.07723995880536,593.3490347279688,9,63,8085.106382978723,4034.216335540839,0.8555555555555555
0.09790313306031208,0.0,0.6466275659824048,0,63.74074074074073,557.5780800919717,360.4891864057672,542.0618537951606,9,63,8085.106382978723,4246.688741721854,0.8999999999999999
0.06592939093544917,0.0,0.6466275659824048,0,63.74074074074073,544.9319793063806,349.9639546858908,497.59477670980016,9,63,8085.106382978723,4867.549668874172,0.8333333333333333
0.08616061975131359,0.0,0.6466275659824048,0,63.74074074074073,418.8541866257904,360.86508753862,458.12910911256813,9,63,8085.106382978723,5019.315673289183,0.3888888888888889
0.43099394986258266,0.0,0.6466275659824048,0,63.74074074074073,362.5215558536119,365.0,327.3649846775001,9,63,8085.106382978723,7963.576158940396,0.0
0.11138859578095418,0.0,0.6466275659824048,0,63.74074074074073,438.97298333014,281.54994850669414,337.18593421782504,9,63,8085.106382978723,7792.494481236202,0.14444444444444443
0.28144108995089123,0.0,0.6466275659824048,0,63.74074074074073,464.8400076643036,365.0,417.5722248997445,9,63,8085.106382978723,6909.492273730684,0.06666666666666662
0.15994042028605635,0.0,0.6466275659824048,0,63.74074074074073,533.0523088714314,365.0,404.20482135874664,9,63,8085.106382978723,5129.690949227373,0.24444444444444446
0.1077824315375046,0.0,0.6466275659824048,0,63.74074074074073,544.7403717187201,365.0,463.2214533186626,9,63,8085.106382978723,5126.9315673289175,0.7888888888888889
0.27869409287727487,0.0,0.6466275659824048,0,63.74074074074073,342.5943667369229,349.9639546858908,521.237803380953,9,63,8085.106382978723,4977.924944812361,0.36666666666666675
0.4667071597713743,0.0,0.6466275659824048,0,63.74074074074073,377.46694769112855,310.11843460350156,434.4860824414153,9,63,8085.106382978723,7077.814569536423,0.3888888888888889
0.7633423805899254,0.0,0.6466275659824048,0,63.74074074074073,406.59130101552023,365.0,268.98489574334593,9,63,8085.106382978723,5863.686534216335,0.0
0.23277405791712882,0.0,0.6466275659824048,0,56.814814814814824,110.55757808009197,365.0,44.10333821349652,9,63,8085.106382978723,5963.024282560706,0.7666666666666667
0.13425644723809899,0.0,0.6466275659824048,0,56.814814814814824,392.2207319409848,365.0,141.49442115505275,9,63,8085.106382978723,2869.7571743929357,2.5444444444444443
0.0831469031991501,0.0,0.6466275659824048,0,44.18518518518518,393.9452002299292,357.10607621009274,295.6287681073759,9,63,8085.106382978723,6807.395143487857,1.3555555555555554
0.1622119755584699,0.0,0.6466275659824048,0,44.18518518518518,630.5805709906114,365.0,305.44971764770077,9,63,8085.106382978723,4980.684326710817,2.5
0.5746830275594392,0.0,0.6466275659824048,0,44.18518518518518,420.7702625023951,365.0,257.7089907155654,9,63,8085.106382978723,2312.362030905077,1.1111111111111112
0.15785544501127796,0.0,0.6466275659824048,0,44.18518518518518,593.2170913968195,365.0,361.82924278660363,9,63,8085.106382978723,5378.035320088299,1.3555555555555554
0.211360069272882,0.0,0.6466275659824048,0,44.18518518518518,204.445296033723,365.0,385.83600832962026,9,63,8085.106382978723,9006.62251655629,1.4333333333333331
0.32201324762942246,0.0,0.6466275659824048,0,44.18518518518518,305.4224947307914,365.0,418.11783320754023,9,63,8085.106382978723,5063.465783664458,1.2555555555555555
0.5141040990501504,0.0,0.6466275659824048,0,63.74074074074073,183.5600689787316,365.0,480.68091916812915,9,63,8085.106382978723,9726.82119205298,0.22222222222222224
0.20319550841250994,0.0,0.6466275659824048,0,60.8888888888889,550.4885993485343,365.0,641.1806963780703,9,63,8085.106382978723,7538.631346578366,0.24444444444444446
0.1217027605297433,0.0,0.6466275659824048,0,60.8888888888889,617.1680398543783,330.41709577754887,627.3586192472424,9,63,8085.106382978723,6639.072847682118,0.2777777777777778
0.2914950542812916,0.0,0.6466275659824048,0,60.8888888888889,333.97202529220164,324.0267765190525,470.9509043457702,9,63,8085.106382978723,6873.6203090507715,0.6000000000000001
0.8264345191878418,0.0,0.6466275659824048,0,60.8888888888889,459.09178003448943,365.0,611.9906519109932,9,63,8085.106382978723,5212.472406181016,0.4222222222222223
0.13269636870365567,0.0,0.6466275659824048,0,68.83333333333333,625.2155585361181,276.6632337796087,604.1702661659195,9,63,8085.106382978723,5797.46136865342,0.3777777777777779
0.12454866748162412,0.0,0.6466275659824048,0,68.83333333333333,546.0816248323433,365.0,663.1868981258356,9,63,8085.106382978723,3667.2185430463574,1.3
0.07886118313298839,0.0,0.6466275659824048,0,68.83333333333333,468.4805518298525,347.3326467559217,677.4636488464931,9,63,8085.106382978723,3854.85651214128,1.0222222222222221
0.1353478278266757,0.0,0.6466275659824048,0,47.648148148148145,399.8850354474037,318.38825952626155,747.1196428084279,9,63,8085.106382978723,3413.3554083885206,1.7555555555555558
0.0791739856229996,0.0,0.6466275659824048,0,47.648148148148145,487.0664878329182,308.99073120494336,811.319553692404,9,63,8085.106382978723,5949.227373068432,0.9333333333333333
0.09875027368812905,0.0,0.6466275659824048,0,41.53703703703703,383.98160567158476,254.4850669412976,849.2393310842145,9,63,8085.106382978723,4257.726269315673,0.7444444444444444
0.17819491270528856,0.0,0.6466275659824048,0,60.8888888888889,447.4037171872007,347.7085478887745,709.2908001345834,9,63,8085.106382978723,6252.759381898454,0.36666666666666675
0.13758453984651883,0.0,0.6466275659824048,0,41.53703703703703,436.0988695152328,213.51184346035018,789.3133519446391,9,63,8085.106382978723,3852.097130242825,0.5777777777777777
0.4232396402018301,0.0,0.6466275659824048,0,60.8888888888889,506.0356390113049,284.9330587023687,666.8242868444745,9,63,8085.106382978723,3529.24944812362,0.6555555555555557
0.0827335048670404,0.0,0.6466275659824048,0,60.8888888888889,504.31117072236066,282.6776519052523,732.9338268057362,9,63,8085.106382978723,5460.816777041942,0.6666666666666666
0.10489583665842865,0.0,0.6466275659824048,0,60.8888888888889,540.1417896148688,348.4603501544799,762.5785448626431,9,63,8085.106382978723,6167.218543046357,0.5
0.09537845841761278,0.0,0.6466275659824048,0,41.53703703703703,534.0103468097337,312.7497425334706,839.41838154389,9,63,8085.106382978723,4390.176600441501,1.0555555555555556
0.11302679063970862,0.0,0.6466275659824048,0,41.53703703703703,626.9400268250623,343.57363542739444,871.7002064218099,9,63,8085.106382978723,4955.849889624724,1.011111111111111
0.07235853302263642,0.0,0.6466275659824048,0,41.53703703703703,548.76413105959,270.2729145211122,973.7289599796308,9,63,8085.106382978723,2842.1633554083883,1.2333333333333334
0.062658845892565,0.0,0.6466275659824048,0,67.81481481481481,550.8718145238553,319.5159629248198,1078.6676245123624,9,63,8085.106382978723,3998.3443708609266,1.0333333333333334
0.15631222611517515,0.0,0.6466275659824048,0,67.81481481481481,507.18528453726776,346.2049433573635,993.5527284962126,9,63,8085.106382978723,3708.6092715231784,0.7444444444444444
0.12536916988086302,0.0,0.6466275659824048,0,73.31481481481481,587.8520789423262,344.7013388259526,904.8913784793896,9,63,8085.106382978723,5943.708609271523,0.9333333333333333
0.16201527977783042,0.0,0.6466275659824048,0,73.31481481481481,555.662004215367,339.8146240988671,793.8600878429378,9,63,8085.106382978723,4503.311258278145,0.5111111111111111
0.170517033405013,0.0,0.6466275659824048,0,73.31481481481481,496.45525962828134,365.0,713.4737971610181,9,63,8085.106382978723,6821.192052980132,0.41111111111111104
0.1536675108474913,0.0,0.6466275659824048,0,73.31481481481481,454.876413105959,319.5159629248198,628.3589011448681,9,63,8085.106382978723,8910.044150110376,0.3777777777777779
0.10547738178358787,0.0,0.6466275659824048,0,73.31481481481481,395.8612761065338,342.07003089598356,625.2671207340251,9,63,8085.106382978723,5836.092715231787,0.8666666666666667
0.24777801206430763,0.0,0.6466275659824048,0,73.31481481481481,432.45832534968383,336.4315139031926,669.8251325373515,9,63,8085.106382978723,5623.6203090507715,0.611111111111111
0.10922640336257618,0.0,0.6466275659824048,0,73.31481481481481,545.1235868940411,354.4747682801236,850.6942865716704,9,63,8085.106382978723,4908.9403973509925,1.3444444444444446
0.06361759732619623,0.0,0.6466275659824048,0,73.31481481481481,509.292968001533,365.0,795.8606516381889,9,63,8085.106382978723,4100.441501103753,1.4888888888888887
0.11195047132804944,0.0,0.6466275659824048,0,73.31481481481481,560.2605863192184,365.0,771.8538860951722,9,63,8085.106382978723,4724.061810154526,1.1555555555555557
0.14382373000840284,0.0,0.6466275659824048,0,73.31481481481481,439.3561985054609,352.21936148300716,696.5599396193472,9,63,8085.106382978723,6087.19646799117,0.6444444444444446
0.11987742368540902,0.0,0.6466275659824048,0,73.31481481481481,555.278789040046,345.45314109165804,780.4926843019397,9,63,8085.106382978723,6139.6247240618095,0.7555555555555558
0.0706053554303996,0.0,0.6466275659824048,0,73.31481481481481,532.6690936961105,351.46755921730175,856.9687821113224,9,63,8085.106382978723,4431.567328918321,1.1
0.11148188577977174,0.0,0.6466275659824048,0,73.31481481481481,515.4244108066681,352.21936148300716,971.5465267484473,9,63,8085.106382978723,4059.0507726269316,0.8444444444444444
0.10478568702127057,0.0,0.6466275659824048,0,67.81481481481481,502.7783100210769,360.11328527291454,1029.3810073748057,9,63,8085.106382978723,4525.386313465783,1.011111111111111
0.08451950255524679,0.0,0.6466275659824048,0,67.81481481481481,547.2312703583062,358.6096807415036,959.725013412871,9,63,8085.106382978723,4850.993377483443,0.888888888888889
0.07543451783907093,0.0,0.6466275659824048,0,67.81481481481481,610.8449894615827,337.183316168898,1085.7605325137083,9,63,8085.106382978723,4334.9889624724065,0.9333333333333333
0.06108606643057179,0.0,0.6466275659824048,0,67.81481481481481,592.8338762214985,358.2337796086509,1114.4959033909556,9,63,8085.106382978723,4415.0110375275935,1.1333333333333333
0.0571412482516555,0.0,0.6466275659824048,0,67.81481481481481,524.2383598390496,334.1761071060762,1126.317416726532,9,63,8085.106382978723,4288.079470198675,1.2333333333333334
0.09263550765719814,0.0,0.6466275659824048,0,67.81481481481481,734.2402759149262,362.3686920700309,1203.1572534077786,9,63,8085.106382978723,4141.832229580573,1.4222222222222223
0.106859872127511,0.0,0.6466275659824048,0,67.81481481481481,606.8212301207128,342.8218331616889,1242.6229210050108,9,63,8085.106382978723,4685.430463576159,1.1
0.05334445769736904,0.0,0.6466275659824048,0,67.81481481481481,567.9248898256373,314.25334706488155,1187.7892860715292,9,63,8085.106382978723,4525.386313465783,1.011111111111111
0.05240548823939068,0.0,0.6466275659824048,0,67.81481481481481,462.7323242000384,319.5159629248198,1319.4627576862572,9,63,8085.106382978723,4768.211920529801,0.8555555555555555
0.0921015067121592,0.0,0.6466275659824048,0,67.81481481481481,455.06802069361953,290.9474768280124,1500.0591075666778,9,63,8085.106382978723,4197.019867549669,0.9444444444444444
0.08706216081217599,0.0,0.6466275659824048,0,67.81481481481481,525.0047901896916,303.72811534500516,1503.605561567351,9,63,8085.106382978723,4001.1037527593817,1.1
0.07637247571874886,0.0,0.6466275659824048,0,67.81481481481481,482.851120904388,306.35942327497423,1443.9523865816727,9,63,8085.106382978723,3578.9183222958054,1.6666666666666665
0.0540161456888556,0.0,0.6466275659824048,0,67.81481481481481,601.64782525388,327.40988671472707,1334.8307250225064,9,63,8085.106382978723,4053.532008830022,1.2666666666666666
0.0414386306916453,0.0,0.6466275659824048,0,67.81481481481481,539.375359264227,321.3954685890834,1307.1865707608506,9,63,8085.106382978723,3565.1214128035317,1.411111111111111
0.07472866098054758,0.0,0.6466275659824048,0,67.81481481481481,528.0705115922591,301.09680741503604,1459.3203539179221,9,63,8085.106382978723,3383.002207505518,1.6111111111111112
0.06535728720776066,0.0,0.6466275659824048,0,67.81481481481481,565.6255987737115,327.0339855818744,1520.4284843910557,9,63,8085.106382978723,2362.030905077262,1.6888888888888889
0.08804103141422692,0.0,0.6466275659824048,0,56.0,507.3768921249281,234.93820803295574,1667.5608580599987,9,63,8085.106382978723,3170.5298013245033,1.822222222222222
0.03548706595985068,0.0,0.6466275659824048,0,56.0,421.1534776777162,170.28321318228635,1761.314552282916,9,63,8085.106382978723,3421.633554083885,1.6555555555555554
0.04235882975227121,0.0,0.6466275659824048,0,56.0,458.13374209618706,307.48712667353243,1583.9918522492706,9,63,8085.106382978723,4254.9668874172185,1.5555555555555556
0.04963432568415288,0.0,0.6466275659824048,0,41.53703703703703,467.9057290668711,344.3254376930999,1282.81606634597,9,63,8085.106382978723,5405.6291390728475,1.5666666666666669
0.1749960773241461,0.0,0.6466275659824048,0,40.722222222222214,453.1519448170148,255.98867147270852,1617.5467631787137,9,63,8085.106382978723,4525.386313465783,1.5666666666666669
0.14688993623459984,0.0,0.6466275659824048,0,40.722222222222214,412.3395286453344,202.23480947476833,1540.5250570615356,9,63,8085.106382978723,3595.4746136865338,1.677777777777778
0.04880831580305605,0.0,0.6466275659824048,0,40.722222222222214,499.3293734431884,304.85581874356336,1731.2151606361792,9,63,8085.106382978723,4017.66004415011,1.6555555555555554
0.0453197194376344,0.0,0.6466275659824048,0,30.94444444444445,511.2090438781377,330.0411946446962,1791.141139775755,9,63,8085.106382978723,3073.951434878587,1.6222222222222225
0.0400400674925042,0.0,0.6466275659824048,0,40.722222222222214,551.0634221115157,271.0247167868177,1606.7255317407632,9,63,8085.106382978723,3485.099337748344,2.022222222222222
0.05215888792926325,0.0,0.6466275659824048,0,47.648148148148145,655.1063422111517,243.20803295571574,1276.0868972164885,9,63,8085.106382978723,2740.0662251655626,2.7555555555555555
0.0904741020219427,0.0,0.6466275659824048,0,41.53703703703703,357.53975857443953,347.7085478887745,1182.3332029935711,9,63,8085.106382978723,4528.145695364238,0.9777777777777779
0.07178609210218109,0.0,0.6466275659824048,0,41.53703703703703,498.3713355048861,355.2265705458291,978.8213041857251,9,63,8085.106382978723,6172.737306843267,0.9222222222222223
0.05468243859607319,0.0,0.6466275659824048,0,47.648148148148145,560.0689787315578,340.9423274974253,1069.1194791259354,9,63,8085.106382978723,4677.152317880795,1.3
0.16878835848716442,0.0,0.6466275659824048,0,47.648148148148145,333.97202529220164,354.8506694129763,883.0670461675562,9,63,8085.106382978723,6396.247240618101,0.7777777777777778
0.11494541748286048,0.0,0.6466275659824048,0,47.648148148148145,502.7783100210769,352.59526261585995,946.5394793078051,9,63,8085.106382978723,4497.792494481237,1.0666666666666667
0.16103629677819054,0.0,0.6466275659824048,0,47.648148148148145,511.2090438781377,319.8918640576725,747.1196428084279,9,63,8085.106382978723,3140.1766004415003,1.822222222222222
0.06538943291819659,0.0,0.6466275659824048,0,30.94444444444445,513.6999425177238,232.30690010298667,2086.588038447199,9,63,8085.106382978723,2486.2030905077263,2.0
0.06408753164554117,0.0,0.6466275659824048,0,30.94444444444445,611.0365970492431,270.648815653965,2002.4734243286746,9,63,8085.106382978723,1658.3885209713023,2.077777777777778
0.06434582130491802,0.0,0.6466275659824048,0,30.94444444444445,670.6265568116498,278.5427394438723,2074.2209168038266,9,63,8085.106382978723,1456.9536423841057,2.2222222222222223
0.03160687639457308,0.0,0.6466275659824048,0,30.94444444444445,421.7283004406974,140.5870236869207,2699.578972255818,9,63,8085.106382978723,2397.9028697571744,1.8666666666666667
0.026663518035541914,0.0,0.6466275659824048,0,41.33333333333333,442.61352749568897,146.60144181256436,2359.2103229091836,9,63,8085.106382978723,3203.6423841059595,1.7333333333333334
0.041220129778752085,0.0,0.6466275659824048,0,41.33333333333333,527.1124736539568,184.19155509783732,2602.642562904091,9,63,8085.106382978723,2442.05298013245,1.7999999999999998
0.06390286240691793,0.0,0.6466275659824048,0,41.33333333333333,489.1741712971834,289.0679711637487,2197.255590211787,9,63,8085.106382978723,3656.1810154525388,1.5666666666666669
0.054280729613212925,0.0,0.6466275659824048,0,41.33333333333333,449.12818547614495,189.07826982492278,1839.3365402977201,9,63,8085.106382978723,2682.1192052980127,1.7333333333333334
0.0016245947504930883,0.0,1.0,0,46.629629629629626,362.7131634412723,337.5592173017508,628.631705298766,5,64,7978.723404255321,4506.0706401766,1.1333333333333333
0.001989999312126756,0.0,1.0,0,46.629629629629626,355.0488599348534,358.6096807415036,569.0694650310543,5,64,7978.723404255321,6136.865342163354,0.22222222222222224
0.002260765103875604,0.0,1.0,0,46.629629629629626,293.54282429584214,357.4819773429454,630.1775955041876,5,64,7978.723404255321,7712.472406181015,0.3444444444444444
0.0011174568292100652,0.0,1.0,0,46.629629629629626,464.0735773136616,360.4891864057672,671.5528921787051,5,64,7978.723404255321,4508.830022075055,0.9555555555555555
0.001180174683836822,0.0,1.0,0,46.629629629629626,464.0735773136616,302.9763130792997,891.4330402204259,5,64,7978.723404255321,3206.4017660044146,1.677777777777778
0.0018769273376562944,0.0,0.3383431085043988,0,41.74074074074073,411.18988311937153,192.0854788877446,1138.5936036519383,7,65,7021.27659574468,2836.6445916114785,1.8666666666666667
0.0030712641176991583,0.0,0.3383431085043988,0,41.74074074074073,453.1519448170148,149.23274974253349,1138.5936036519383,7,65,7021.27659574468,3272.6269315673285,2.166666666666667
0.0019407691681724197,0.0,0.3383431085043988,0,41.74074074074073,404.10040237593415,97.35839340885687,1517.7004428520765,7,65,7021.27659574468,4379.139072847682,2.011111111111111
0.0031839988994028096,0.0,0.3383431085043988,0,41.74074074074073,350.4502778310021,263.13079299691043,1517.7004428520765,7,65,7021.27659574468,5355.960264900662,1.6333333333333333
0.0029454912156788343,0.0,0.3383431085043988,0,41.74074074074073,427.85974324583253,254.4850669412976,1603.2700124580565,7,65,7021.27659574468,3413.3554083885206,1.4777777777777779
0.00261661587044964,0.0,0.3383431085043988,0,41.74074074074073,470.97145046943865,234.562306900103,1163.5097163746148,7,65,7021.27659574468,3087.7483443708607,1.7999999999999998
0.001927731047855746,0.0,0.3383431085043988,0,41.74074074074073,384.74803602222653,265.38619979402677,1155.1437223217454,7,65,7021.27659574468,3689.2935982339955,1.3888888888888888
0.0024509418243567373,0.0,0.3383431085043988,0,41.74074074074073,472.5043111707225,288.692070030896,1244.5325500822962,7,65,7021.27659574468,3476.8211920529798,1.3111111111111113
0.0006329108233033472,0.0,0.42045454545454547,0,39.29629629629628,580.9542057865492,248.84654994850666,1226.7093453609655,1,66,8936.170212765957,2190.9492273730684,1.9333333333333333
0.00043778860890899255,0.0,0.42045454545454547,0,39.29629629629628,490.3238168231463,277.41503604531414,1052.9330993279925,1,66,8936.170212765957,2028.1456953642382,1.7333333333333334
0.0006118924741721581,0.0,0.42045454545454547,0,39.29629629629628,654.3399118605098,331.16889804325433,943.8114377688257,1,66,8936.170212765957,1078.9183222958056,2.1
0.0011607299009507488,0.0,0.42045454545454547,0,39.29629629629628,619.4673309063039,324.77857878475794,1145.1409033454884,1,66,8936.170212765957,1310.7064017660045,1.8888888888888888
0.0004618416929414764,0.0,0.42045454545454547,0,39.29629629629628,473.0791339337039,292.826982492276,1250.7161109039819,1,66,8936.170212765957,1697.019867549669,0.7666666666666667
