PageViews,UniqueVisitors,AdClicks,Subscriptions,Comments,Shares,DomainAge,TotalPageViews,TotalUniqueVisitors,TotalAdClicks,TotalSubscriptions,TotalComments,TotalShares,WebsiteCategory,ContentRegion,ArticlesPublished,EditorialAssists,TypographicalErrors,AdRevenue,NewWebsiteCategory
2122.801788375559,859.0717299578058,2.5,115.38461538461539,95.86776859504133,40.0,1.0,2932.8772979905943,1513.4054562558795,1.8248175182481752,26.80221811460259,26.220614828209765,10.727969348659004,News,North,258.9259796806967,33.53658536585366,31.25,,News
2283.457526080477,1045.7805907172997,17.5,92.3076923076923,125.6198347107438,111.42857142857143,11.739130434782608,25196.237708422403,14082.902163687677,125.9124087591241,295.74861367837343,374.32188065099456,287.35632183908046,Blog,South,366.90856313497824,43.69918699186992,15.625,8.51619644723093,Blog
3481.0730253353204,1655.6962025316457,45.0,253.84615384615384,238.01652892561984,217.14285714285714,2.6521739130434785,12322.146216331766,7904.397930385701,114.96350364963503,206.09981515711644,240.50632911392407,201.53256704980845,News,South,510.88534107402035,83.33333333333333,21.875,8.620689655172415,News
3605.21609538003,1792.6160337552742,50.0,250.0,257.8512396694215,105.71428571428572,9.26086956521739,40567.55023514322,26178.38664158043,410.5839416058394,764.3253234750463,757.6853526220615,271.2643678160919,Blog,North,116.11030478955007,11.178861788617887,4.6875,9.03866248693835,Blog
2327.272727272727,1120.464135021097,25.0,150.0,138.84297520661158,85.71428571428571,1.8260869565217392,3659.4698589140658,2085.4891815616184,21.897810218978105,43.438077634011094,41.59132007233273,25.28735632183908,Blog,North,467.343976777939,40.65040650406504,6.25,0.5015673981191223,Blog
4320.864381520119,2141.1392405063293,10.0,284.6153846153846,168.59504132231405,100.0,9.26086956521739,31961.30825138948,18953.786453433677,34.67153284671533,462.10720887245844,303.79746835443035,148.65900383141764,News,South,163.7155297532656,427.8455284552846,39.0625,14.263322884012538,News
1334.1281669150521,498.1012658227848,2.5,88.46153846153847,26.446280991735538,60.0,1.8260869565217392,2375.5878580589997,1121.1194731890873,1.8248175182481752,26.80221811460259,8.1374321880651,18.39080459770115,Blog,North,44.12191582002903,129.0650406504065,10.9375,0.052246603970741906,News
2159.3144560357673,946.2025316455696,0.0,92.3076923076923,79.33884297520662,20.0,2.6521739130434785,4456.605386917486,2199.905926622766,0.0,36.96857670979668,33.45388788426763,9.195402298850574,News,South,70.24673439767778,287.6016260162602,14.0625,0.6792058516196446,News
2341.8777943368104,1045.7805907172997,15.0,100.0,105.78512396694215,22.857142857142858,1.8260869565217392,3271.4835399743483,1840.3104421448732,10.948905109489052,28.65064695009242,30.741410488245933,6.130268199233717,Blog,South,83.01886792452831,294.7154471544716,29.6875,0.1567398119122257,Blog
2911.4754098360654,1182.7004219409282,42.5,188.46153846153845,218.18181818181816,185.71428571428572,10.91304347826087,37590.63702436939,22206.491063029163,461.6788321167883,723.6598890942699,804.7016274864376,663.6015325670498,News,North,0.0,0.0,0.0,21.577847439916408,News
4174.813710879285,2016.6666666666665,52.5,411.53846153846155,247.93388429752068,168.57142857142858,8.434782608695652,33534.41641727234,21683.443085606774,164.23357664233575,647.8743068391867,455.6962025316456,373.9463601532567,News,North,138.17126269956458,452.23577235772353,34.375,9.39692789968652,News
1458.2712369597616,697.2573839662448,10.0,119.23076923076924,85.9504132231405,77.14285714285714,7.608695652173913,14099.828986746472,8067.850423330197,27.37226277372263,176.52495378927912,168.17359855334539,123.37164750957855,Blog,South,176.48766328011612,45.73170731707317,17.1875,9.299895506792058,Blog
3035.6184798807753,1444.0928270042193,32.5,184.6153846153846,201.65289256198346,134.28571428571428,3.4782608695652173,11532.06498503634,6841.9567262464725,74.81751824817519,188.53974121996302,184.44846292947557,155.55555555555554,Blog,North,122.49637155297532,11.178861788617887,10.9375,10.083594566353186,Blog
1728.4649776453055,784.3881856540085,0.0,115.38461538461539,36.36363636363637,62.85714285714286,5.130434782608695,14558.35827276614,8770.696142991534,7.299270072992701,284.6580406654344,93.12839059674504,158.6206896551724,News,North,70.24673439767778,153.4552845528455,9.375,13.218390804597702,News
1414.4560357675111,572.7848101265823,17.5,111.53846153846155,89.25619834710744,85.71428571428571,10.91304347826087,23658.40102607952,13919.449670743179,65.69343065693431,346.5804066543438,262.2061482820977,182.37547892720306,Blog,North,46.44412191582003,45.73170731707317,12.5,3.605015673981191,Blog
1319.5230998509687,522.9957805907173,7.5,76.92307692307693,49.586776859504134,31.42857142857143,2.6521739130434785,2283.8820008550665,1121.1194731890873,5.474452554744526,17.56007393715342,14.466546112115731,8.42911877394636,News,South,68.50507982583454,0.0,0.0,,News
4130.998509687034,2004.2194092827006,50.0,342.3076923076923,247.93388429752068,208.57142857142856,12.565217391304348,57780.034202650706,37587.370649106306,322.99270072992704,964.8798521256931,897.8300180831827,560.9195402298851,Blog,South,60.957910014513786,294.7154471544716,15.625,14.78578892371996,Blog
1370.640834575261,610.126582278481,5.0,92.3076923076923,26.446280991735538,42.857142857142854,4.304347826086957,4244.97648567764,2101.8344308560677,9.124087591240874,59.14972273567468,20.795660036166364,29.885057471264368,News,South,59.21625544267054,179.8780487804878,25.0,2.246603970741902,News
2955.290611028316,1332.0675105485232,15.0,219.23076923076923,142.1487603305785,185.71428571428572,10.08695652173913,37781.10303548525,24592.897460018812,182.4817518248175,593.3456561922366,594.9367088607595,500.3831417624521,News,South,529.4629898403483,89.4308943089431,14.0625,,News
910.5812220566319,435.8649789029536,20.0,61.53846153846154,72.72727272727273,40.0,6.782608695652174,5994.442069260367,3376.7638758231424,43.79562043795621,60.99815157116451,74.14104882459313,42.911877394636015,Blog,South,117.27140783744557,22.357723577235774,3.125,1.4106583072100314,Blog
2999.1058122205663,1182.7004219409282,40.0,276.92307692307696,158.67768595041323,185.71428571428572,1.0,3779.3929029499786,1938.3819379115712,29.197080291970803,65.61922365988909,43.399638336347195,49.808429118773944,Blog,North,162.5544267053701,9.146341463414634,7.8125,0.6792058516196446,Blog
3094.038748137109,1394.3037974683543,7.5,211.53846153846155,142.1487603305785,177.14285714285714,1.0,3871.098760153912,2216.2511759172157,5.474452554744526,49.90757855822551,38.87884267631103,47.509578544061306,News,South,209.5791001451379,22.357723577235774,3.125,0.9926854754440961,Blog
143.81520119225036,162.0253164556962,2.5,15.384615384615385,6.6115702479338845,2.857142857142857,5.130434782608695,1458.5292860196664,859.5954844778928,3.6496350364963503,7.393715341959335,8.1374321880651,2.2988505747126435,News,South,471.4078374455733,85.3658536585366,17.1875,,News
3429.9552906110284,1481.434599156118,40.0,230.76923076923077,204.9586776859504,211.42857142857144,5.130434782608695,14438.435228730224,8427.44590780809,122.26277372262774,222.73567467652495,226.94394213381554,183.90804597701148,Blog,South,300.7256894049347,55.89430894308943,4.6875,11.128526645768025,Blog
4576.45305514158,2128.691983122363,45.0,280.7692307692308,337.1900826446281,114.28571428571428,15.043478260869565,60291.36383069688,40709.313264346194,299.27007299270076,930.6839186691312,969.258589511754,308.04597701149424,News,North,619.4484760522497,159.55284552845526,21.875,14.82062695924765,News
4269.746646795827,2066.4556962025317,10.0,353.84615384615387,168.59504132231405,200.0,5.130434782608695,19877.29799059427,12644.520225776107,31.021897810218977,407.5785582255083,179.02350813743217,242.911877394636,News,North,251.95936139332366,9.146341463414634,4.6875,14.576802507836991,News
2349.1803278688526,946.2025316455696,10.0,123.07692307692308,59.50413223140496,62.85714285714286,5.956521739130435,14487.81530568619,8460.136406396989,23.722627737226276,268.0221811460259,97.6491862567812,137.9310344827586,Blog,North,128.8824383164006,3.048780487804878,4.6875,13.392539184952978,Blog
3444.560357675112,1643.2489451476793,25.0,192.30769230769232,185.12396694214877,114.28571428571428,8.434782608695652,17309.53398888414,10307.149576669803,111.3138686131387,226.43253234750463,295.6600361663653,127.20306513409962,Blog,South,424.9637155297533,84.34959349593495,20.3125,14.263322884012538,Blog
3999.5529061102834,1929.535864978903,15.0,353.84615384615387,122.31404958677685,231.42857142857144,4.304347826086957,17147.285164600256,10781.161806208842,58.394160583941606,321.6266173752311,164.55696202531647,236.0153256704981,Blog,South,152.1044992743106,334.349593495935,25.0,11.650992685475444,Blog
3729.3591654247393,1742.8270042194092,50.0,346.15384615384613,314.04958677685954,257.1428571428571,11.739130434782608,37555.365540829414,23023.753527751647,302.9197080291971,704.2513863216267,663.6528028933092,600.7662835249042,News,South,155.00725689404936,5.08130081300813,4.6875,17.398119122257054,News
2268.8524590163934,1083.1223628691982,22.5,161.53846153846155,99.17355371900827,111.42857142857143,14.217391304347826,49470.07268063275,30395.460959548447,408.75912408759126,953.7892791127541,781.1934900542497,832.9501915708813,News,South,73.7300435413643,224.59349593495935,10.9375,,News
3042.9210134128166,1381.8565400843881,15.0,211.53846153846155,119.00826446280992,62.85714285714286,2.6521739130434785,5035.057716973065,2870.061147695202,14.598540145985401,73.01293900184842,41.59132007233273,23.754789272030653,Blog,South,131.20464441219158,7.113821138211382,6.25,0.8881922675026124,Blog
3758.569299552906,1792.6160337552742,67.5,269.2307692307692,287.603305785124,148.57142857142858,7.608695652173913,26056.861906797774,16681.796801505174,392.33576642335765,502.7726432532348,589.5117540687161,258.23754789272033,Blog,South,800.0,103.65853658536585,12.5,,Blog
4240.53651266766,2128.691983122363,42.5,319.2307692307692,264.4628099173554,160.0,4.304347826086957,12477.340743907653,7822.671683913452,80.2919708029197,201.47874306839185,188.06509945750452,104.21455938697318,News,North,63.28011611030478,296.7479674796748,39.0625,11.389759665621735,News
1472.876304023845,647.4683544303797,15.0,88.46153846153847,82.64462809917356,34.285714285714285,5.956521739130435,10100.042753313382,5468.9557855127,49.27007299270073,115.52680221811461,119.3490054249548,50.57471264367816,News,South,243.2510885341074,46.74796747967479,7.8125,4.858934169278997,News
2750.819672131148,1356.9620253164555,25.0,146.15384615384616,198.34710743801654,85.71428571428571,11.739130434782608,44651.98802907225,31588.664158043273,266.4233576642336,792.9759704251387,726.0397830018084,437.5478927203065,Blog,South,41.79970972423803,172.7642276422764,37.5,16.353187042842215,Blog
1158.8673621460507,485.65400843881855,0.0,73.07692307692308,33.057851239669425,48.57142857142858,3.4782608695652173,8294.142796066695,4422.859830667921,5.474452554744526,143.25323475046213,77.75768535262206,81.99233716475096,News,North,40.638606676342526,151.4227642276423,18.75,,News
1940.2384500745156,784.3881856540085,12.5,92.3076923076923,82.64462809917356,42.857142857142854,1.8260869565217392,3334.972210346302,1709.5484477892758,9.124087591240874,30.499075785582257,26.220614828209765,13.793103448275861,Blog,South,256.60377358490564,59.959349593495936,9.375,0.4702194357366771,Blog
2509.8360655737706,1257.3839662447258,12.5,119.23076923076924,175.20661157024793,85.71428571428571,13.391304347826088,42578.02479692176,26832.196613358417,428.8321167883212,723.6598890942699,814.6473779385171,429.11877394636014,News,North,0.0,0.0,0.0,,News
1743.0700447093889,796.8354430379748,2.5,130.76923076923077,39.66942148760331,40.0,1.0,2566.0538691748607,1431.6792097836312,1.8248175182481752,30.499075785582257,10.849909584086799,10.727969348659004,Blog,South,96.37155297532655,174.7967479674797,15.625,,Blog
1304.9180327868853,547.8902953586498,2.5,57.69230769230769,69.42148760330579,94.28571428571428,1.8260869565217392,2502.5651988029076,1251.8814675446847,7.299270072992701,17.56007393715342,26.220614828209765,34.48275862068965,News,North,189.25979680696662,29.471544715447155,7.8125,0.0,News
1560.5067064083457,709.704641350211,0.0,80.76923076923077,59.50413223140496,42.857142857142854,15.043478260869565,52489.31167165455,31915.569143932265,83.94160583941606,734.7504621072088,566.9077757685352,370.11494252873564,Blog,South,59.79680696661829,85.3658536585366,7.8125,,Blog
1443.6661698956782,747.0464135021097,15.0,88.46153846153847,46.28099173553719,40.0,7.608695652173913,18614.578879863187,11614.769520225776,83.94160583941606,341.9593345656192,207.95660036166365,149.42528735632183,Blog,South,40.05805515239477,1.016260162601626,1.5625,,Blog
1567.8092399403877,610.126582278481,17.5,123.07692307692308,62.8099173553719,25.714285714285715,3.4782608695652173,5761.650277896537,3049.8588899341485,58.394160583941606,78.55822550831792,68.71609403254972,24.521072796934867,News,North,178.22931785195937,25.40650406504065,1.5625,2.3510971786833856,News
1399.8509687034277,535.4430379746835,17.5,73.07692307692308,95.86776859504133,85.71428571428571,9.26086956521739,30374.09149209064,17907.690498588898,116.78832116788321,448.2439926062847,445.750452079566,465.9003831417624,News,North,188.67924528301887,22.357723577235774,3.125,,News
1838.0029806259315,883.9662447257384,5.0,107.6923076923077,85.9504132231405,62.85714285714286,5.130434782608695,7913.210773834971,4292.097836312323,38.32116788321168,98.8909426987061,105.7866184448463,90.42145593869732,News,North,208.4179970972424,30.48780487804878,6.25,4.963427377220481,News
3021.0134128166915,1680.590717299578,17.5,219.23076923076923,161.98347107438016,94.28571428571428,2.6521739130434785,7440.572894399316,4896.872060206962,43.79562043795621,103.51201478743069,109.40325497287522,61.30268199233717,Blog,South,42.380261248185775,179.8780487804878,28.125,3.082549634273772,Blog
1480.1788375558865,747.0464135021097,20.0,130.76923076923077,105.78512396694215,25.714285714285715,4.304347826086957,6199.016673792219,3572.906867356538,58.394160583941606,107.20887245841035,96.74502712477396,39.08045977011494,News,North,33.671988388969524,4.065040650406504,6.25,3.761755485893417,News
3941.1326378539497,1780.1687763713082,30.0,176.92307692307693,247.93388429752068,117.14285714285714,13.391304347826088,50944.42069260368,35250.0,428.8321167883212,911.275415896488,984.629294755877,330.2681992337164,News,North,404.644412191582,61.99186991869919,14.0625,,News
3824.2921013412815,1854.8523206751054,32.5,273.07692307692304,231.40495867768593,240.0,5.130434782608695,19545.746045318512,12121.472248353715,140.51094890510947,324.3992606284658,309.2224231464738,221.455938697318,Blog,South,175.90711175616835,9.146341463414634,14.0625,15.62173458725183,Blog
3320.4172876304024,1294.7257383966246,35.0,161.53846153846155,208.26446280991738,62.85714285714286,14.217391304347826,46867.03719538264,29316.67450611477,512.7737226277372,926.0628465804066,883.3634719710668,474.3295019157088,News,South,225.8345428156749,39.63414634146341,6.25,16.875653082549636,News
1545.9016393442623,697.2573839662448,5.0,115.38461538461539,95.86776859504133,65.71428571428571,1.8260869565217392,2460.2394185549383,1398.9887111947319,3.6496350364963503,28.65064695009242,28.933092224231462,20.689655172413794,Blog,North,63.28011611030478,7.113821138211382,4.6875,0.052246603970741906,Blog
121.90760059612518,124.68354430379746,0.0,3.8461538461538463,6.6115702479338845,2.857142857142857,3.4782608695652173,1155.1945275758872,647.107243650047,1.8248175182481752,1.8484288354898337,3.6166365280289328,3.0651340996168583,News,North,0.0,0.0,0.0,,News
4298.956780923994,2128.691983122363,47.5,307.69230769230774,238.01652892561984,111.42857142857143,7.608695652173913,32455.109020949127,21797.85983066792,206.20437956204378,585.0277264325323,509.04159132007237,244.44444444444443,News,South,38.89695210449927,149.390243902439,6.25,23.667711598746084,News
2926.0804769001493,1294.7257383966246,30.0,173.07692307692307,175.20661157024793,111.42857142857143,10.08695652173913,37195.59640872168,23791.98024459078,302.9197080291971,689.463955637708,602.1699819168174,403.0651340996169,News,North,183.45428156748912,6.097560975609756,7.8125,12.695924764890282,News
2940.6855439642322,1307.1729957805908,45.0,188.46153846153845,280.9917355371901,57.14285714285714,5.130434782608695,7567.550235143224,4210.371589840075,52.919708029197075,90.57301293900184,124.77396021699819,49.04214559386973,Blog,South,93.46879535558782,10.16260162601626,4.6875,7.262277951933124,Blog
1764.9776453055142,759.493670886076,22.5,107.6923076923077,82.64462809917356,100.0,3.4782608695652173,10283.454467721249,5877.587017873942,89.41605839416059,150.64695009242143,161.84448462929475,148.65900383141764,Blog,South,82.43831640058055,14.227642276422763,3.125,5.694879832810868,Blog
1699.2548435171386,796.8354430379748,7.5,92.3076923076923,128.92561983471074,60.0,11.739130434782608,28561.137238135958,17253.880526810914,63.868613138686136,406.6543438077634,362.56781193490053,255.17241379310343,News,North,246.7343976777939,43.69918699186992,6.25,,News
2268.8524590163934,1008.4388185654008,15.0,123.07692307692308,135.53719008264463,34.285714285714285,10.08695652173913,27263.1466438649,16256.820319849483,63.868613138686136,377.07948243992604,290.2350813743219,130.26819923371647,Blog,South,61.53846153846154,209.34959349593495,10.9375,7.297115987460814,Blog
4561.847988077497,2240.7172995780593,62.5,376.9230769230769,267.7685950413223,200.0,5.130434782608695,23510.26079521163,15586.665098777046,242.7007299270073,487.9852125693161,426.7631103074141,239.84674329501917,News,North,139.33236574746007,489.8373983739837,20.3125,26.802507836990596,News
3021.0134128166915,1444.0928270042193,60.0,223.0769230769231,228.099173553719,45.714285714285715,1.0,3800.5557930739633,2281.632173095014,43.79562043795621,52.68022181146026,62.386980108499095,12.260536398467433,News,North,117.85195936139333,71.13821138211382,15.625,0.4702194357366771,News
1115.0521609538002,585.2320675105485,15.0,80.76923076923077,76.03305785123968,42.857142857142854,13.391304347826088,47643.00983326208,27142.756349952964,178.83211678832117,644.1774491682071,597.6491862567813,595.4022988505748,Blog,North,30.76923076923077,89.4308943089431,4.6875,4.336468129571578,Blog
1706.55737704918,734.5991561181435,0.0,103.84615384615385,49.586776859504134,31.42857142857143,3.4782608695652173,8731.509191962377,4847.836312323612,1.8248175182481752,106.28465804066543,57.866184448462924,43.67816091954023,News,South,72.56894049346879,202.2357723577236,20.3125,3.3960292580982236,News
1560.5067064083457,697.2573839662448,2.5,119.23076923076924,49.586776859504134,62.85714285714286,3.4782608695652173,7398.247114151347,3867.121354656632,16.423357664233578,108.13308687615526,62.386980108499095,87.35632183908046,Blog,South,42.380261248185775,154.47154471544715,17.1875,3.2915360501567394,Blog
158.42026825633383,74.89451476793249,0.0,3.8461538461538463,0.0,5.714285714285714,2.6521739130434785,1987.6015391192818,892.2859830667921,0.0,17.56007393715342,10.849909584086799,6.896551724137931,News,South,46.44412191582003,4.065040650406504,0.0,,News
4255.141579731744,1767.7215189873418,77.5,357.6923076923077,310.74380165289256,177.14285714285714,14.217391304347826,54097.691321077386,32830.90310442145,574.8175182481751,1053.6044362292052,1066.003616636528,557.088122605364,News,North,0.0,0.0,0.0,18.443051201671892,News
1377.9433681073024,498.1012658227848,10.0,46.15384615384615,56.19834710743802,40.0,3.4782608695652173,6318.9397178281315,3098.894637817498,29.197080291970803,55.45286506469501,66.90777576853526,39.84674329501916,Blog,North,226.99564586357036,38.61788617886179,12.5,,Blog
1436.3636363636363,697.2573839662448,12.5,111.53846153846155,72.72727272727273,60.0,2.6521739130434785,4491.87687045746,2396.0489181561616,14.598540145985401,51.75600739371534,36.166365280289334,29.885057471264368,News,South,88.24383164005806,3.048780487804878,7.8125,0.1567398119122257,News
3787.779433681073,1805.0632911392404,50.0,257.6923076923077,284.297520661157,128.57142857142856,3.4782608695652173,6615.220179563917,3785.395108184384,40.14598540145985,90.57301293900184,93.12839059674504,59.770114942528735,News,North,62.11901306240929,245.9349593495935,35.9375,0.7836990595611284,News
3042.9210134128166,1444.0928270042193,2.5,169.23076923076923,89.25619834710744,125.71428571428572,10.08695652173913,32497.43480119709,20555.620884289747,58.394160583941606,564.6950092421442,311.03074141048825,323.3716475095785,News,North,122.49637155297532,2.032520325203252,1.5625,,News
2254.24739195231,1045.7805907172997,7.5,161.53846153846155,99.17355371900827,74.28571428571429,14.217391304347826,59042.75331338179,36361.47695202258,182.4817518248175,877.0794824399261,821.880650994575,528.735632183908,Blog,South,88.82438316400581,226.6260162601626,15.625,5.276907001044933,Blog
990.9090909090909,423.4177215189874,20.0,69.23076923076924,69.42148760330579,108.57142857142857,2.6521739130434785,2587.216759298846,1300.9172154280338,21.897810218978105,29.57486136783734,28.933092224231462,42.145593869731805,Blog,North,141.6545718432511,21.34146341463415,6.25,,Blog
3722.0566318926976,1668.1434599156116,65.0,265.38461538461536,317.35537190082647,148.57142857142858,11.739130434782608,38585.29286019667,23268.93226716839,403.2846715328467,657.1164510166359,736.8896925858951,419.92337164750955,News,South,69.08563134978229,219.5121951219512,18.75,16.353187042842215,News
3685.543964232489,1556.1181434599155,72.5,300.0,280.9917355371901,260.0,15.043478260869565,55614.365113296284,32258.81937911571,633.2116788321168,1085.0277264325323,1041.5913200723328,1057.471264367816,News,North,469.08563134978226,109.7560975609756,3.125,9.770114942528735,News
3846.1997019374066,1742.8270042194092,65.0,330.7692307692308,320.6611570247934,277.14285714285717,12.565217391304348,47854.638734501925,29610.88899341486,531.021897810219,999.0757855822551,858.0470162748643,757.8544061302682,News,North,162.5544267053701,10.16260162601626,7.8125,18.094733542319748,News
3079.433681073025,1518.776371308017,15.0,219.23076923076923,152.06611570247935,37.142857142857146,7.608695652173913,26621.205643437366,17531.74976481656,58.394160583941606,425.13863216266174,272.1518987341772,85.82375478927203,News,North,130.0435413642961,290.650406504065,12.5,16.353187042842215,Blog
2546.348733233979,1244.9367088607594,10.0,211.53846153846155,95.86776859504133,111.42857142857143,3.4782608695652173,9740.273621205642,6204.492003762935,29.197080291970803,180.22181146025878,99.45750452079565,89.65517241379311,Blog,South,131.20464441219158,7.113821138211382,4.6875,2.978056426332288,News
1407.1535022354694,722.1518987341772,12.5,92.3076923076923,109.09090909090908,85.71428571428571,6.782608695652174,10128.25994014536,5959.3132643461895,45.62043795620438,132.1626617375231,134.71971066907776,117.24137931034484,Blog,North,48.185776487663276,2.032520325203252,1.5625,,Blog
2816.542473919523,1319.620253164557,37.5,226.92307692307693,155.37190082644628,111.42857142857143,5.130434782608695,16202.009405728943,9506.23236124177,145.985401459854,262.47689463955635,247.7396021699819,142.52873563218392,News,South,105.66037735849056,9.146341463414634,6.25,5.381400208986416,News
2458.7183308494787,1232.4894514767932,10.0,142.3076923076923,95.86776859504133,65.71428571428571,3.4782608695652173,8371.74005985464,5174.741298212606,20.072992700729927,112.75415896487985,97.6491862567812,42.145593869731805,News,South,60.37735849056604,216.46341463414635,14.0625,4.336468129571578,News
4079.8807749627426,1506.3291139240507,87.5,269.2307692307692,310.74380165289256,94.28571428571428,13.391304347826088,47967.50748182984,26178.38664158043,806.5693430656934,831.7929759704251,1094.0325497287522,465.9003831417624,News,South,268.79535558780844,32.520325203252035,12.5,,News
1845.3055141579732,908.8607594936709,17.5,188.46153846153845,115.70247933884296,122.85714285714285,12.565217391304348,45385.63488670372,27584.078080903102,281.02189781021895,940.8502772643253,549.7287522603978,628.352490421456,Blog,North,29.60812772133527,54.8780487804878,12.5,7.993730407523511,Blog
4926.974664679583,3000.0,77.5,450.0,373.55371900826447,151.42857142857142,4.304347826086957,16547.669944420693,12481.067732831609,169.7080291970803,321.6266173752311,362.56781193490053,131.0344827586207,News,North,799.4194484760523,101.6260162601626,9.375,39.86415882967607,News
1640.8345752608047,610.126582278481,17.5,88.46153846153847,66.11570247933885,34.285714285714285,4.304347826086957,10212.9115006413,5730.479774223894,80.2919708029197,143.25323475046213,142.85714285714286,51.34099616858237,News,South,53.41074020319303,2.032520325203252,3.125,,News
4466.915052160954,2066.4556962025317,72.5,342.3076923076923,274.38016528925624,214.28571428571428,9.26086956521739,36257.37494655836,23121.825023518344,485.4014598540146,750.4621072088725,743.2188065099458,472.79693486590037,Blog,South,175.90711175616835,6.097560975609756,9.375,38.29676071055381,Blog
2385.692995529061,1070.675105485232,22.5,192.30769230769232,128.92561983471074,160.0,7.608695652173913,27869.816160752456,15929.915333960489,264.5985401459854,530.4990757855824,477.3960216998192,486.59003831417624,News,South,160.2322206095791,6.097560975609756,3.125,11.128526645768025,News
4634.873323397914,2203.3755274261603,77.5,342.3076923076923,383.4710743801653,160.0,11.739130434782608,48320.222317229585,33517.40357478833,450.72992700729924,902.9574861367837,988.245931283906,379.3103448275862,Blog,South,161.3933236574746,9.146341463414634,14.0625,20.35876698014629,Blog
2027.8688524590164,1058.2278481012659,40.0,169.23076923076923,148.7603305785124,134.28571428571428,1.8260869565217392,3885.207353569902,2281.632173095014,45.62043795620438,55.45286506469501,63.291139240506325,48.275862068965516,News,North,85.92162554426706,4.065040650406504,3.125,0.8881922675026124,News
1115.0521609538002,547.8902953586498,30.0,80.76923076923077,95.86776859504133,62.85714285714286,13.391304347826088,39022.659256092345,22304.56255879586,330.2919708029197,688.539741219963,727.8481012658228,670.4980842911878,News,South,95.7910014513788,9.146341463414634,1.5625,4.022988505747127,News
3327.719821162444,1456.5400843881857,32.5,257.6923076923077,188.4297520661157,137.14285714285714,3.4782608695652173,10389.268918341171,5305.5032925682035,51.09489051094891,146.95009242144178,111.21157323688969,93.48659003831418,News,South,142.81567489114659,395.3252032520325,28.125,8.51619644723093,News
2276.154992548435,1070.675105485232,32.5,150.0,152.06611570247935,45.714285714285715,4.304347826086957,11144.078666096622,7054.444967074318,51.09489051094891,143.25323475046213,143.7613019891501,58.2375478927203,News,South,309.433962264151,40.65040650406504,6.25,7.607105538140021,News
3451.862891207153,1568.565400843882,67.5,292.3076923076923,307.43801652892563,205.71428571428572,3.4782608695652173,13634.24540401881,8133.2314205079965,197.08029197080293,268.9463955637708,310.126582278481,204.5977011494253,Blog,North,131.20464441219158,10.16260162601626,9.375,24.085684430512018,Blog
2298.06259314456,1008.4388185654008,17.5,134.6153846153846,115.70247933884296,91.42857142857143,1.0,3102.180418982471,1709.5484477892758,12.773722627737227,31.423290203327173,31.645569620253163,24.521072796934867,News,North,26.124818577648767,123.98373983739837,40.625,0.052246603970741906,News
3714.754098360656,1755.2742616033756,62.5,292.3076923076923,317.35537190082647,174.2857142857143,2.6521739130434785,5042.1120136810605,3115.239887111947,51.09489051094891,79.48243992606285,99.45750452079565,54.406130268199234,News,South,91.14658925979681,7.113821138211382,12.5,1.619644723092999,News
2013.263785394933,896.4135021097046,7.5,92.3076923076923,69.42148760330579,82.85714285714286,6.782608695652174,15531.851218469432,9669.684854186266,58.394160583941606,237.52310536044362,173.59855334538878,124.13793103448276,Blog,South,82.43831640058055,213.41463414634146,15.625,,Blog
2772.7272727272725,1518.776371308017,32.5,207.6923076923077,191.73553719008265,102.85714285714286,10.08695652173913,15912.783240701154,10143.697083725307,74.81751824817519,264.3253234750462,265.82278481012656,173.9463601532567,Blog,South,34.25253991291727,158.53658536585365,14.0625,11.024033437826542,Blog
4109.09090909091,1879.746835443038,60.0,346.15384615384613,343.801652892562,219.99999999999997,11.739130434782608,52270.62847370672,34481.77328316087,556.5693430656934,1048.0591497227356,1115.732368896926,606.1302681992337,News,North,169.5210449927431,9.146341463414634,7.8125,37.49132706374086,News
2005.9612518628912,921.3080168776371,5.0,103.84615384615385,95.86776859504133,40.0,12.565217391304348,42853.14236853356,27355.244590780807,109.48905109489051,695.0092421441775,538.878842676311,198.46743295019158,Blog,South,208.99854862119014,32.520325203252035,7.8125,,Blog
3013.7108792846498,1468.987341772152,67.5,373.0769230769231,234.7107438016529,194.2857142857143,2.6521739130434785,5881.57332193245,3442.144873000941,82.11678832116787,143.25323475046213,107.59493670886076,75.86206896551725,Blog,South,159.0711175616836,2.032520325203252,10.9375,4.858934169278997,Blog
3079.433681073025,1406.7510548523207,37.5,269.2307692307692,155.37190082644628,102.85714285714286,5.956521739130435,15891.620350577168,9326.43461900282,69.34306569343066,308.68761552680223,157.3236889692586,197.70114942528735,Blog,South,169.5210449927431,6.097560975609756,4.6875,8.829676071055381,Blog
3597.9135618479877,1917.0886075949368,42.5,234.6153846153846,277.68595041322317,222.85714285714286,8.434782608695652,40539.333048311244,27878.2925682032,501.82481751824815,816.0813308687616,917.7215189873417,543.2950191570882,News,North,606.6763425253991,89.4308943089431,20.3125,50.0,News
3809.687034277198,1680.590717299578,22.5,265.38461538461536,155.37190082644628,154.28571428571428,1.8260869565217392,7722.744762719111,4684.383819379116,25.547445255474454,112.75415896487985,83.18264014466546,68.9655172413793,News,North,123.07692307692308,332.3170731707317,31.25,,News
1684.6497764530552,647.4683544303797,5.0,157.69230769230768,76.03305785123968,51.42857142857143,6.782608695652174,10389.268918341171,5926.622765757291,12.773722627737227,152.49537892791128,110.30741410488245,81.22605363984675,News,North,59.21625544267054,134.14634146341464,15.625,6.426332288401254,News
2867.660208643815,1356.9620253164555,40.0,184.6153846153846,185.12396694214877,100.0,8.434782608695652,17112.01368106028,9767.756349952964,156.93430656934308,244.91682070240296,292.0433996383363,190.03831417624522,News,North,411.611030478955,41.666666666666664,10.9375,,News
2882.2652757078986,1456.5400843881857,57.49999999999999,257.6923076923077,221.48760330578514,151.42857142857142,10.91304347826087,40292.43266353142,27110.065851364066,439.7810218978102,836.4140480591498,837.251356238698,548.6590038314176,News,North,141.6545718432511,2.032520325203252,6.25,,News
1516.6915052160953,498.1012658227848,20.0,57.69230769230769,62.8099173553719,42.857142857142854,5.130434782608695,7877.9392902949985,4422.859830667921,65.69343065693431,97.96672828096119,103.0741410488246,40.61302681992338,News,North,23.222060957910013,116.86991869918698,23.4375,,News
3050.2235469448583,1220.042194092827,57.49999999999999,211.53846153846155,191.73553719008265,105.71428571428572,2.6521739130434785,5423.044035912783,2706.608654750705,56.56934306569343,70.24029574861368,69.62025316455697,46.74329501915709,Blog,South,119.59361393323658,10.16260162601626,10.9375,,Blog
4116.393442622951,1954.4303797468353,55.00000000000001,292.3076923076923,277.68595041322317,122.85714285714285,11.739130434782608,43897.1782813168,26309.14863593603,239.05109489051097,685.7670979667283,626.5822784810126,229.8850574712644,News,South,183.45428156748912,446.13821138211387,15.625,14.263322884012538,News
4664.083457526081,2502.10970464135,77.5,388.46153846153845,357.02479338842977,117.14285714285714,4.304347826086957,15884.566053869174,10405.2210724365,167.8832116788321,273.5674676524954,288.42676311030743,89.65517241379311,News,North,156.16835994194486,17.276422764227643,15.625,23.145245559038663,News
1553.204172876304,672.3628691983123,10.0,73.07692307692308,59.50413223140496,31.42857142857143,1.0,2382.6421547669943,1268.2267168391345,7.299270072992701,16.635859519408502,16.2748643761302,8.42911877394636,News,North,67.34397677793905,5.08130081300813,18.75,0.052246603970741906,News
3203.576751117735,1630.801687763713,40.0,269.2307692307692,241.32231404958677,228.57142857142856,11.739130434782608,47953.39888841385,34677.91627469426,381.3868613138686,989.8336414048059,949.367088607595,532.5670498084291,News,South,56.313497822931794,221.5447154471545,25.0,29.93730407523511,News
2356.4828614008943,983.5443037974684,40.0,126.92307692307692,171.900826446281,105.71428571428572,4.304347826086957,11489.739204788371,6171.801505174036,129.56204379562044,179.29759704251384,198.01084990958407,163.98467432950193,Blog,South,421.48040638606676,88.41463414634146,4.6875,6.635318704284221,News
3561.400894187779,1593.4599156118145,60.0,311.53846153846155,347.10743801652893,177.14285714285714,10.91304347826087,43636.169303120994,27338.899341486358,494.5255474452554,781.8853974121996,903.254972875226,521.0727969348659,Blog,North,504.49927431059507,63.008130081300806,12.5,38.831159874608154,Blog
4174.813710879285,1929.535864978903,77.5,350.0,333.88429752066116,182.85714285714286,2.6521739130434785,7814.4506199230445,4684.383819379116,96.71532846715328,135.85951940850276,156.41952983725133,72.79693486590038,Blog,South,727.4310595065313,112.8048780487805,17.1875,3.082549634273772,Blog
2057.078986587183,834.1772151898733,35.0,115.38461538461539,138.84297520661158,68.57142857142857,15.043478260869565,50408.29414279607,31899.223894637817,635.0364963503649,910.3512014787431,1120.253164556962,510.34482758620686,Blog,North,55.73294629898403,4.065040650406504,6.25,,Blog
4335.469448584203,2166.0337552742617,85.0,350.0,357.02479338842977,148.57142857142858,5.130434782608695,21055.365540829414,12333.960489181562,195.25547445255475,332.71719038817,362.56781193490053,171.64750957854406,News,South,68.50507982583454,339.4308943089431,32.8125,17.398119122257054,News
3429.9552906110284,1506.3291139240507,30.0,242.30769230769232,178.51239669421489,85.71428571428571,3.4782608695652173,6460.0256519880295,3491.1806208842895,25.547445255474454,93.3456561922366,72.33273056057867,38.31417624521073,News,South,132.36574746008708,383.130081300813,40.625,1.8286311389759664,News
2049.7764530551417,995.9915611814347,35.0,173.07692307692307,155.37190082644628,74.28571428571429,13.391304347826088,49117.357845233004,31654.045155221072,472.62773722627736,844.731977818854,964.7377938517179,418.39080459770116,News,South,83.59941944847606,6.097560975609756,7.8125,13.218390804597702,News
2962.593144560358,1207.5949367088608,10.0,161.53846153846155,119.00826446280992,188.57142857142856,7.608695652173913,26070.970500213767,14589.604891815616,107.66423357664233,395.5637707948244,330.0180831826401,314.176245210728,Blog,South,163.7155297532656,494.9186991869919,29.6875,9.770114942528735,Blog
2371.0879284649777,1095.5696202531647,7.5,115.38461538461539,145.45454545454547,57.14285714285714,6.782608695652174,15962.163317657118,9718.720602069614,29.197080291970803,198.7060998151571,188.06509945750452,71.26436781609196,News,North,52.83018867924528,188.00813008130083,18.75,6.165099268547544,News
2685.096870342772,1232.4894514767932,52.5,188.46153846153845,152.06611570247935,171.42857142857142,12.565217391304348,50147.28516460025,32667.45061147695,421.5328467153285,987.985212569316,863.4719710669078,705.7471264367815,Blog,North,79.5355587808418,5.08130081300813,14.0625,13.915005224660396,Blog
2568.2563338301043,995.9915611814347,40.0,138.46153846153848,181.8181818181818,117.14285714285714,16.695652173913043,62351.21846943138,35936.50047036688,700.7299270072994,1082.2550831792976,1145.5696202531647,809.9616858237548,Blog,South,48.185776487663276,176.8292682926829,25.0,2.7690700104493207,Blog
3919.225037257824,1767.7215189873418,12.5,357.6923076923077,191.73553719008265,197.14285714285714,4.304347826086957,11228.730226592561,6466.01599247413,21.897810218978105,227.35674676524954,113.9240506329114,151.7241379310345,News,South,268.21480406386064,9.146341463414634,10.9375,6.948798328108673,News
2466.02086438152,1083.1223628691982,27.500000000000004,238.46153846153848,109.09090909090908,134.28571428571428,4.304347826086957,11560.282171868319,6580.432737535278,76.64233576642336,261.55268022181144,127.48643761301989,167.81609195402297,Blog,North,107.40203193033382,8.130081300813009,6.25,6.948798328108673,News
3707.4515648286138,1605.9071729957807,5.0,161.53846153846155,145.45454545454547,100.0,9.26086956521739,40101.96665241556,26227.422389463783,80.2919708029197,648.7985212569316,469.25858951175405,196.16858237547893,Blog,South,120.17416545718433,363.8211382113821,31.25,14.00208986415883,Blog
2283.457526080477,771.9409282700423,40.0,173.07692307692307,119.00826446280992,165.71428571428572,10.91304347826087,33858.9140658401,17613.476011288807,489.05109489051097,628.4658040665433,707.0524412296564,534.0996168582376,News,South,0.0,0.0,0.0,,News
2042.4739195230998,1008.4388185654008,32.5,142.3076923076923,168.59504132231405,82.85714285714286,4.304347826086957,12498.503634031638,7839.016933207902,133.2116788321168,194.08502772643251,253.1645569620253,105.7471264367816,News,South,388.96952104499275,57.926829268292686,7.8125,9.03866248693835,News
2758.1222056631896,1531.223628691983,12.5,207.6923076923077,168.59504132231405,88.57142857142857,6.782608695652174,22861.2654980761,15145.343367826905,167.8832116788321,409.42698706099816,378.84267631103074,183.90804597701148,News,South,137.59071117561683,8.130081300813009,1.5625,11.128526645768025,News
4247.839046199701,2004.2194092827006,37.5,269.2307692307692,277.68595041322317,120.0,4.304347826086957,17500.0,10830.197554092192,105.83941605839415,243.99260628465805,285.7142857142857,102.68199233716474,Blog,North,192.16255442670538,20.32520325203252,6.25,12.434691745036574,Blog
4145.603576751118,2141.1392405063293,52.5,276.92307692307696,290.90909090909093,108.57142857142857,5.956521739130435,27347.798204360835,18038.452492944496,255.47445255474454,453.7892791127542,532.5497287522604,201.53256704980845,News,South,171.26269956458634,15.24390243902439,7.8125,18.443051201671892,News
2217.7347242921014,1332.0675105485232,35.0,192.30769230769232,191.73553719008265,71.42857142857143,5.956521739130435,21704.36083796494,13870.41392285983,100.36496350364963,288.354898336414,340.8679927667269,143.29501915708812,Blog,North,67.34397677793905,225.609756097561,23.4375,14.263322884012538,Blog
1589.7168405365126,709.704641350211,25.0,115.38461538461539,128.92561983471074,88.57142857142857,4.304347826086957,9225.309961522018,5321.848541862653,72.992700729927,133.08687615526802,139.24050632911394,98.08429118773947,Blog,North,29.027576197387518,138.21138211382114,31.25,4.806687565308255,Blog
2013.263785394933,908.8607594936709,17.5,84.61538461538461,122.31404958677685,51.42857142857143,15.043478260869565,51558.14450619923,34449.08278457196,346.7153284671533,863.2162661737524,983.7251356238698,492.7203065134099,News,South,0.0,0.0,0.0,5.381400208986416,News
3232.786885245902,1269.831223628692,2.5,176.92307692307693,79.33884297520662,82.85714285714286,3.4782608695652173,5225.523728088927,2543.1561618062087,1.8248175182481752,65.61922365988909,28.02893309222423,36.7816091954023,News,South,161.3933236574746,421.7479674796748,25.0,0.41797283176593525,News
1027.4217585692995,522.9957805907173,12.5,69.23076923076924,99.17355371900827,42.857142857142854,7.608695652173913,5373.663958956819,2902.7516462841018,29.197080291970803,73.01293900184842,87.70343580470163,46.74329501915709,Blog,South,80.11611030478954,15.24390243902439,1.5625,2.246603970741902,Blog
1334.1281669150521,535.4430379746835,10.0,88.46153846153847,36.36363636363637,51.42857142857143,2.6521739130434785,4562.419837537409,2477.7751646284105,12.773722627737227,52.68022181146026,33.45388788426763,36.015325670498086,Blog,North,56.313497822931794,2.032520325203252,3.125,0.4702194357366771,Blog
4284.351713859911,2153.586497890295,100.0,411.53846153846155,357.02479338842977,197.14285714285714,5.130434782608695,17267.20820863617,10797.507055503293,233.57664233576642,341.9593345656192,339.9638336347197,182.37547892720306,News,North,213.64296081277212,20.32520325203252,4.6875,24.45141065830721,News
2487.9284649776455,1319.620253164557,15.0,184.6153846153846,119.00826446280992,114.28571428571428,12.565217391304348,31467.507481829845,19934.50141110066,127.73722627737227,536.0443622920518,380.6509945750452,249.04214559386972,News,North,122.49637155297532,56.91056910569105,20.3125,7.575757575757576,News
2057.078986587183,896.4135021097046,2.5,126.92307692307692,59.50413223140496,71.42857142857143,4.304347826086957,10791.363830696879,6335.253998118532,10.948905109489052,127.54158964879852,88.60759493670886,85.05747126436782,News,North,70.82728592162555,142.27642276422765,7.8125,,Blog
3181.6691505216095,1319.620253164557,5.0,250.0,105.78512396694215,202.85714285714286,1.8260869565217392,3969.85891406584,2118.1796801505175,3.6496350364963503,60.99815157116451,28.933092224231462,54.406130268199234,News,South,160.2322206095791,7.113821138211382,14.0625,0.6792058516196446,Blog
4364.67958271237,1829.9578059071728,82.5,326.9230769230769,386.77685950413223,185.71428571428572,1.8260869565217392,5775.758871312527,3262.347130761995,69.34306569343066,92.42144177449168,117.54068716094034,52.8735632183908,News,South,185.19593613933236,4.065040650406504,21.875,2.037617554858934,News
4824.739195230999,2527.0042194092825,72.5,415.3846153846154,400.0,91.42857142857143,3.4782608695652173,11073.535699016675,7038.099717779868,104.01459854014598,193.1608133086876,200.7233273056058,52.10727969348659,News,North,139.91291727140785,8.130081300813009,9.375,3.8140020898641587,News
1677.3472429210133,722.1518987341772,22.5,130.76923076923077,76.03305785123968,128.57142857142856,10.08695652173913,31940.1453612655,20261.406396989652,354.014598540146,647.8743068391867,637.4321880650995,478.9272030651341,Blog,North,361.6835994194485,35.56910569105691,4.6875,25.757575757575758,Blog
3481.0730253353204,1693.0379746835442,25.0,184.6153846153846,238.01652892561984,157.14285714285714,14.217391304347826,53575.67336468577,35527.869238005645,279.19708029197085,904.8059149722736,933.0922242314648,654.4061302681991,Blog,South,137.59071117561683,5.08130081300813,6.25,14.750950888192266,Blog
1509.3889716840538,597.6793248945148,0.0,146.15384615384616,62.8099173553719,120.0,8.434782608695652,28088.4993587003,15406.8673565381,41.97080291970803,513.8632162661737,252.26039783001806,366.2835249042145,News,South,76.63280116110305,208.33333333333334,7.8125,,News
3838.897168405365,1680.590717299578,52.5,234.6153846153846,244.6280991735537,117.14285714285714,5.130434782608695,19496.36596836255,11402.28127939793,177.007299270073,251.3863216266174,346.2929475587703,173.18007662835248,Blog,North,513.788098693759,106.70731707317073,12.5,19.662131661442007,Blog
1151.564828614009,522.9957805907173,20.0,69.23076923076924,102.4793388429752,62.85714285714286,11.739130434782608,15877.51175716118,9310.089369708372,102.18978102189782,280.0369685767098,242.3146473779385,228.3524904214559,News,North,19.15820029027576,3.048780487804878,0.0,4.336468129571578,News
4357.377049180328,2315.4008438818564,25.0,307.69230769230774,244.6280991735537,91.42857142857143,4.304347826086957,18374.732791791364,12121.472248353715,49.27007299270073,304.06654343807764,294.75587703435804,121.0727969348659,News,North,134.10740203193032,380.0813008130081,28.125,14.78578892371996,News
3612.5186289120716,1730.3797468354433,17.5,223.0769230769231,125.6198347107438,74.28571428571429,9.26086956521739,28173.150919196236,17858.65475070555,72.992700729927,414.97227356746765,331.8264014466546,184.67432950191574,News,North,176.48766328011612,352.64227642276427,15.625,16.353187042842215,News
1516.6915052160953,908.8607594936709,32.5,123.07692307692308,168.59504132231405,80.0,12.565217391304348,29365.32706284737,18904.750705550327,177.007299270073,501.84842883548987,417.72151898734177,422.22222222222223,News,North,0.0,0.0,0.0,6.217345872518287,News
1626.2295081967213,796.8354430379748,12.5,123.07692307692308,85.9504132231405,74.28571428571429,9.26086956521739,11927.105600684052,7103.480714957666,45.62043795620438,185.76709796672827,167.26943942133818,196.93486590038316,News,South,76.63280116110305,9.146341463414634,0.0,,News
1085.8420268256332,547.8902953586498,10.0,100.0,69.42148760330579,54.285714285714285,1.8260869565217392,2897.60581445062,1546.095954844779,16.423357664233578,40.66543438077634,35.2622061482821,26.81992337164751,News,South,16.25544267053701,56.91056910569105,3.125,0.5747126436781609,News
2013.263785394933,1108.0168776371308,10.0,126.92307692307692,125.6198347107438,128.57142857142856,1.0,2827.062847370671,1840.3104421448732,7.299270072992701,29.57486136783734,34.35804701627486,34.48275862068965,Blog,South,59.21625544267054,4.065040650406504,3.125,0.8881922675026124,Blog
2473.323397913562,1220.042194092827,15.0,184.6153846153846,138.84297520661158,57.14285714285714,8.434782608695652,21774.90380504489,13641.580432737535,147.8102189781022,349.35304990757857,386.9801084990958,169.34865900383141,Blog,South,91.72714078374456,4.065040650406504,7.8125,0.6792058516196446,Blog
3904.6199701937403,1867.2995780590718,57.49999999999999,223.0769230769231,290.90909090909093,134.28571428571428,8.434782608695652,20222.958529286017,12366.650987770461,177.007299270073,278.18853974122,317.3598553345389,133.33333333333331,Blog,North,53.41074020319303,261.1788617886179,31.25,4.38871473354232,Blog
2896.8703427719825,1307.1729957805908,7.5,215.3846153846154,112.39669421487604,97.14285714285715,4.304347826086957,5592.34715690466,3164.275634995296,7.299270072992701,81.33086876155268,43.399638336347195,41.37931034482759,News,South,122.49637155297532,9.146341463414634,4.6875,0.2612330198537095,News
2239.6423248882265,1207.5949367088608,12.5,142.3076923076923,105.78512396694215,74.28571428571429,10.91304347826087,33442.71056006841,22173.800564440262,104.01459854014598,568.3918669131239,471.97106690777576,334.09961685823754,Blog,North,93.46879535558782,3.048780487804878,4.6875,11.128526645768025,Blog
2911.4754098360654,1282.2784810126582,5.0,230.76923076923077,62.8099173553719,80.0,3.4782608695652173,7045.532278751603,4324.788334901223,3.6496350364963503,115.52680221811461,39.78300180831827,42.145593869731805,Blog,North,112.04644412191583,11.178861788617887,6.25,,Blog
2436.810730253353,1195.1476793248944,22.5,134.6153846153846,152.06611570247935,65.71428571428571,12.565217391304348,41632.749038050446,26750.47036688617,233.57664233576642,673.7523105360443,669.9819168173599,380.8429118773946,News,South,0.0,0.0,0.0,,News
4481.520119225037,2066.4556962025317,67.5,319.2307692307692,353.71900826446284,91.42857142857143,2.6521739130434785,11002.992731936725,6596.7779868297275,118.61313868613138,166.358595194085,205.24412296564196,62.8352490421456,News,South,63.86066763425254,313.0081300813008,23.4375,2.7690700104493207,News
1582.414307004471,622.5738396624472,20.0,92.3076923076923,85.9504132231405,48.57142857142858,10.08695652173913,9246.472851646002,5109.360301034807,41.97080291970803,91.49722735674678,113.01989150090415,48.275862068965516,News,South,150.9433962264151,58.94308943089431,6.25,,News
4211.326378539493,2203.3755274261603,17.5,257.6923076923077,257.8512396694215,165.71428571428572,5.130434782608695,22402.736212056436,14818.438381937913,58.394160583941606,337.3382624768946,304.7016274864376,167.04980842911877,Blog,North,162.5544267053701,486.7886178861789,7.8125,12.31974921630094,Blog
1188.0774962742175,522.9957805907173,5.0,50.0,29.75206611570248,45.714285714285715,2.6521739130434785,2248.610517315092,1153.809971777987,3.6496350364963503,15.711645101663587,9.041591320072333,13.793103448275861,News,South,192.7431059506531,19.308943089430894,3.125,0.1567398119122257,Blog
4496.12518628912,2527.0042194092825,50.0,376.9230769230769,363.6363636363636,177.14285714285714,10.91304347826087,51141.941000427534,35789.393226716835,640.5109489051096,1019.4085027726431,1165.4611211573238,432.183908045977,News,North,191.5820029027576,16.260162601626018,12.5,49.00731452455591,News
1859.9105812220566,859.0717299578058,12.5,119.23076923076924,85.9504132231405,91.42857142857143,11.739130434782608,28448.268490808034,16436.61806208843,60.21897810218979,477.818853974122,292.94755877034356,292.72030651341,Blog,South,50.50798258345428,168.6991869918699,21.875,3.8140020898641587,News
2283.457526080477,983.5443037974684,32.5,134.6153846153846,198.34710743801654,71.42857142857143,2.6521739130434785,5310.1752885848655,2902.7516462841018,43.79562043795621,61.92236598890943,84.99095840867993,42.145593869731805,Blog,North,289.1146589259797,39.63414634146341,20.3125,1.8286311389759664,Blog
4298.956780923994,1991.7721518987341,40.0,346.15384615384613,257.8512396694215,74.28571428571429,3.4782608695652173,15115.647712697735,9277.398871119472,94.8905109489051,285.5822550831793,204.33996383363473,69.73180076628353,Blog,North,168.3599419448476,447.1544715447154,39.0625,11.964472309299895,Blog
2933.3830104321905,1182.7004219409282,27.500000000000004,207.6923076923077,161.98347107438016,51.42857142857143,5.130434782608695,10417.486105173151,5746.825023518344,54.74452554744526,172.82809611829944,122.0614828209765,48.275862068965516,News,North,128.8824383164006,5.08130081300813,7.8125,4.858934169278997,News
2283.457526080477,946.2025316455696,12.5,88.46153846153847,122.31404958677685,45.714285714285715,3.4782608695652173,4040.401881145789,2199.905926622766,10.948905109489052,34.195933456561924,41.59132007233273,21.455938697318008,News,South,131.78519593613933,15.24390243902439,4.6875,0.8881922675026124,News
1801.4903129657228,896.4135021097046,15.0,123.07692307692308,62.8099173553719,57.14285714285714,3.4782608695652173,5818.084651560496,3850.7761053621825,18.24817518248175,88.72458410351202,43.399638336347195,33.71647509578544,Blog,North,59.79680696661829,8.130081300813009,3.125,,Blog
3115.9463487332337,1170.253164556962,30.0,157.69230769230768,138.84297520661158,162.85714285714283,10.91304347826087,40299.48696023942,23268.93226716839,151.45985401459856,533.271719038817,523.508137432188,493.4865900383142,News,South,398.25834542815676,46.74796747967479,6.25,15.830721003134796,Blog
1531.296572280179,709.704641350211,32.5,107.6923076923077,145.45454545454547,51.42857142857143,1.8260869565217392,2509.619495510902,1398.9887111947319,23.722627737226276,27.726432532347506,41.59132007233273,15.325670498084293,News,North,141.07402031930334,23.373983739837396,7.8125,,News
3291.2071535022355,1294.7257383966246,7.5,176.92307692307693,142.1487603305785,174.2857142857143,2.6521739130434785,7553.441641727234,3997.8833490122297,10.948905109489052,87.8003696857671,65.0994575045208,69.73180076628353,Blog,South,144.55732946298986,451.219512195122,25.0,2.664576802507837,Blog
1158.8673621460507,572.7848101265823,10.0,65.38461538461539,85.9504132231405,62.85714285714286,2.6521739130434785,5853.356135100471,3360.4186265286926,38.32116788321168,70.24029574861368,89.51175406871609,58.2375478927203,News,South,174.1654571843251,12.195121951219512,3.125,,News
1326.8256333830104,622.5738396624472,12.5,76.92307692307693,92.56198347107438,51.42857142857143,9.26086956521739,24335.61351004703,14981.890874882409,135.03649635036496,386.3216266173752,345.38878842676314,232.9501915708812,Blog,South,28.44702467343977,2.032520325203252,0.0,7.993730407523511,Blog
4298.956780923994,2327.8481012658226,50.0,319.2307692307692,261.1570247933885,108.57142857142857,4.304347826086957,12780.675502351432,7986.124176857948,72.992700729927,201.47874306839185,176.3110307414105,62.8352490421456,Blog,South,175.90711175616835,12.195121951219512,7.8125,11.755485893416928,Blog
1304.9180327868853,759.493670886076,15.0,130.76923076923077,76.03305785123968,62.85714285714286,1.0,2142.796066695169,1382.643461900282,10.948905109489052,30.499075785582257,20.795660036166364,16.85823754789272,Blog,South,51.088534107402026,0.0,4.6875,0.39707419017763845,Blog
3203.576751117735,1506.3291139240507,70.0,323.0769230769231,284.297520661157,194.2857142857143,6.782608695652174,20074.818298418126,12693.555973659455,229.92700729927006,399.2606284658041,379.746835443038,236.7816091954023,News,North,110.30478955007257,2.032520325203252,3.125,25.757575757575758,News
3561.400894187779,1904.6413502109704,52.5,265.38461538461536,191.73553719008265,100.0,11.739130434782608,44080.589995724666,30493.532455315144,220.8029197080292,907.5785582255083,639.2405063291139,459.7701149425288,News,North,55.73294629898403,5.08130081300813,4.6875,19.48798328108673,Blog
4006.855439642325,2166.0337552742617,32.5,361.53846153846155,274.38016528925624,268.57142857142856,10.91304347826087,43826.63531423685,30509.877704609593,233.57664233576642,894.6395563770794,813.74321880651,702.6819923371647,Blog,North,696.0812772133527,151.4227642276423,7.8125,36.206896551724135,Blog
3999.5529061102834,1867.2995780590718,72.5,326.9230769230769,300.8264462809918,202.85714285714286,5.130434782608695,20730.867892261653,13755.997177798683,213.50364963503648,373.3826247689464,428.57142857142856,244.44444444444443,News,South,707.1117561683599,105.69105691056912,15.625,25.966562173458723,News
2049.7764530551417,958.6497890295359,10.0,130.76923076923077,95.86776859504133,62.85714285714286,8.434782608695652,28511.757161179994,17793.273753527752,155.1094890510949,465.80406654343807,412.2965641952984,216.8582375478927,Blog,South,84.1799709724238,5.08130081300813,10.9375,14.00208986415883,Blog
4072.5782414307005,2041.5611814345991,65.0,342.3076923076923,317.35537190082647,188.57142857142856,3.4782608695652173,13486.10517315092,8116.886171213547,118.61313868613138,214.4177449168207,235.08137432188067,118.77394636015326,Blog,South,192.7431059506531,9.146341463414634,12.5,11.650992685475444,Blog
2378.3904619970194,1170.253164556962,30.0,196.15384615384616,142.1487603305785,94.28571428571428,1.8260869565217392,3278.537836682343,1971.0724365004705,21.897810218978105,46.21072088724584,39.78300180831827,25.28735632183908,Blog,North,84.1799709724238,59.959349593495936,12.5,1.2016718913270636,Blog
4262.444113263786,2016.6666666666665,30.0,276.92307692307696,261.1570247933885,151.42857142857142,7.608695652173913,22607.310816588284,14818.438381937913,151.45985401459856,334.5656192236599,431.2839059674503,226.0536398467433,Blog,North,105.0798258345428,13.21138211382114,6.25,20.393584117032397,Blog
3656.3338301043223,1730.3797468354433,12.5,238.46153846153848,158.67768595041323,237.14285714285714,8.434782608695652,25012.825994014536,16289.510818438383,36.4963503649635,376.15526802218113,273.9602169981917,317.2413793103448,Blog,South,37.735849056603776,262.1951219512195,12.5,13.74085684430512,Blog
2495.230998509687,1095.5696202531647,60.0,265.38461538461536,211.5702479338843,251.42857142857144,5.956521739130435,7292.432663531425,3932.502351834431,116.78832116788321,137.7079482439926,141.0488245931284,143.29501915708812,News,South,0.0,0.0,0.0,4.858934169278997,News
4948.882265275708,2813.2911392405063,77.5,457.6923076923077,317.35537190082647,97.14285714285715,2.6521739130434785,14466.652415562206,10029.280338664157,63.868613138686136,241.21996303142328,181.73598553345388,69.73180076628353,News,South,249.0566037735849,8.130081300813009,9.375,6.217345872518287,News
2020.5663189269749,834.1772151898733,0.0,119.23076923076924,85.9504132231405,85.71428571428571,1.0,2834.117144078666,1480.7149576669804,0.0,27.726432532347506,23.508137432188065,22.988505747126435,Blog,South,62.11901306240929,208.33333333333334,25.0,0.1567398119122257,Blog
3517.5856929955294,1618.3544303797466,50.0,253.84615384615384,214.87603305785123,191.42857142857142,5.956521739130435,22071.184266780674,14230.009407337724,211.6788321167883,402.0332717190388,414.1048824593129,288.88888888888886,Blog,North,714.6589259796807,81.30081300813008,10.9375,23.31939393939394,Blog
3130.5514157973175,1618.3544303797466,20.0,296.15384615384613,148.7603305785124,165.71428571428572,1.8260869565217392,5571.184266780676,3491.1806208842895,16.423357664233578,107.20887245841035,57.866184448462924,67.43295019157088,Blog,North,164.29608127721335,8.130081300813009,4.6875,2.8213166144200628,Blog
2049.7764530551417,908.8607594936709,20.0,126.92307692307692,122.31404958677685,77.14285714285714,10.08695652173913,32462.16331765712,20408.513640639696,171.53284671532847,513.8632162661737,436.7088607594937,235.24904214559388,News,North,90.56603773584906,2.032520325203252,3.125,3.2915360501567394,News
3568.703427719821,1792.6160337552742,27.500000000000004,296.15384615384613,155.37190082644628,105.71428571428572,12.565217391304348,31135.955536554084,20702.728127939794,153.28467153284672,567.4676524953788,388.7884267631103,260.53639846743295,News,North,138.75181422351233,8.130081300813009,3.125,9.561128526645767,News
1436.3636363636363,684.8101265822785,22.5,100.0,92.56198347107438,60.0,5.130434782608695,6544.677212483967,3556.5616180620887,54.74452554744526,103.51201478743069,107.59493670886076,66.66666666666666,Blog,South,136.42960812772134,22.357723577235774,7.8125,4.127481713688611,Blog
4284.351713859911,1892.1940928270044,52.5,342.3076923076923,284.297520661157,182.85714285714286,5.956521739130435,25965.156049593847,15603.010348071497,186.13138686131387,473.19778188539743,425.85895117540684,268.9655172413793,News,North,215.3846153846154,6.097560975609756,9.375,15.047021943573668,News
2371.0879284649777,1083.1223628691982,55.00000000000001,203.84615384615384,204.9586776859504,108.57142857142857,8.434782608695652,31008.978195810178,18790.33396048918,386.86131386861314,532.3475046210721,632.9113924050633,255.93869731800766,News,North,280.40638606676345,48.78048780487805,9.375,15.308254963427379,Blog
3371.535022354695,1630.801687763713,70.0,257.6923076923077,310.74380165289256,148.57142857142858,10.91304347826087,41985.46387345019,25802.44590780809,383.2116788321168,682.9944547134935,759.493670886076,346.36015325670496,News,South,0.0,0.0,0.0,10.867293625914314,News
1195.3800298062592,460.75949367088606,0.0,76.92307692307693,42.97520661157025,48.57142857142858,1.0,2036.981616075246,990.3574788334902,0.0,17.56007393715342,11.754068716094032,13.026819923371647,Blog,North,37.15529753265602,120.9349593495935,14.0625,,Blog
2451.4157973174365,1182.7004219409282,45.0,161.53846153846155,198.34710743801654,60.0,2.6521739130434785,5676.998717400598,3458.4901222953904,65.69343065693431,80.40665434380777,101.26582278481011,38.31417624521073,News,North,0.0,0.0,0.0,1.619644723092999,News
3692.846497764531,1854.8523206751054,20.0,307.69230769230774,145.45454545454547,131.42857142857142,7.608695652173913,23072.89439931595,15390.52210724365,74.81751824817519,526.8022181146026,261.30198915009044,249.80842911877394,News,South,142.23512336719884,5.08130081300813,14.0625,,News
4247.839046199701,1991.7721518987341,50.0,365.38461538461536,241.32231404958677,180.0,8.434782608695652,34049.38007695596,22010.34807149577,169.7080291970803,668.2070240295749,471.97106690777576,441.37931034482756,News,North,160.2322206095791,427.8455284552846,17.1875,7.366771159874608,News
1560.5067064083457,709.704641350211,5.0,103.84615384615385,82.64462809917356,94.28571428571428,1.0,2389.6964514749893,1317.2624647224834,3.6496350364963503,24.029574861367838,22.60397830018083,25.28735632183908,Blog,South,184.03483309143687,36.58536585365854,1.5625,0.1567398119122257,Blog
4547.242921013413,2265.6118143459917,10.0,361.53846153846155,198.34710743801654,185.71428571428572,4.304347826086957,12830.055579307396,8214.957666980245,21.897810218978105,198.7060998151571,147.37793851717902,127.20306513409962,News,North,175.90711175616835,457.3170731707317,21.875,10.606060606060606,News
1757.6751117734725,697.2573839662448,10.0,69.23076923076924,85.9504132231405,77.14285714285714,3.4782608695652173,6883.283454467721,4161.335841956727,41.97080291970803,92.42144177449168,99.45750452079565,58.2375478927203,Blog,North,62.11901306240929,3.048780487804878,4.6875,,Blog
3554.098360655738,1668.1434599156116,47.5,296.15384615384613,181.8181818181818,97.14285714285715,5.956521739130435,15334.330910645574,9408.16086547507,113.13868613138686,276.3401109057301,237.79385171790236,117.24137931034484,News,South,179.97097242380264,9.146341463414634,14.0625,14.890282131661442,News
1509.3889716840538,734.5991561181435,30.0,84.61538461538461,119.00826446280992,54.285714285714285,1.8260869565217392,2389.6964514749893,1382.643461900282,21.897810218978105,21.256931608133087,33.45388788426763,14.559386973180075,Blog,North,116.69085631349783,6.097560975609756,4.6875,0.4702194357366771,Blog
2955.290611028316,1195.1476793248944,20.0,180.76923076923077,99.17355371900827,85.71428571428571,1.8260869565217392,7701.581872595126,4194.026340545626,25.547445255474454,110.90573012939002,62.386980108499095,52.10727969348659,Blog,South,99.85486211901306,322.1544715447154,39.0625,1.7241379310344827,Blog
3561.400894187779,1879.746835443038,35.0,246.15384615384616,257.8512396694215,140.0,10.91304347826087,24850.57716973065,16779.868297271874,206.20437956204378,410.35120147874306,443.94213381555153,230.65134099616859,News,North,0.0,0.0,0.0,13.218390804597702,Blog
1509.3889716840538,771.9409282700423,15.0,76.92307692307693,122.31404958677685,77.14285714285714,3.4782608695652173,7101.966652415563,3850.7761053621825,25.547445255474454,60.07393715341959,95.84086799276672,70.49808429118774,Blog,North,240.9288824383164,35.56910569105691,4.6875,,Blog
3210.8792846497768,1668.1434599156116,45.0,261.53846153846155,254.54545454545453,94.28571428571428,5.130434782608695,10854.852501068834,6940.02822201317,85.76642335766424,193.1608133086876,183.54430379746836,104.21455938697318,News,North,135.26850507982584,7.113821138211382,10.9375,10.083594566353186,News
2298.06259314456,1132.9113924050632,7.5,153.84615384615387,105.78512396694215,54.285714285714285,6.782608695652174,18805.04489097905,12121.472248353715,51.09489051094891,247.6894639556377,244.122965641953,90.42145593869732,News,South,127.72133526850509,16.260162601626018,6.25,,News
2086.2891207153502,846.6244725738396,20.0,115.38461538461539,119.00826446280992,77.14285714285714,7.608695652173913,20723.813595553653,11843.603010348072,100.36496350364963,290.2033271719039,293.8517179023508,144.82758620689657,Blog,North,150.36284470246736,30.48780487804878,15.625,12.173458725182863,News
1509.3889716840538,709.704641350211,7.5,96.15384615384616,46.28099173553719,34.285714285714285,1.0,2340.316374519025,1317.2624647224834,5.474452554744526,22.181146025878004,12.658227848101264,9.195402298850574,News,South,59.21625544267054,6.097560975609756,4.6875,0.01044932079414838,News
2195.8271236959763,921.3080168776371,7.5,69.23076923076924,99.17355371900827,102.85714285714286,2.6521739130434785,3292.6464300983325,1676.8579492003762,5.474452554744526,17.56007393715342,32.5497287522604,34.48275862068965,Blog,North,271.6981132075472,47.764227642276424,9.375,0.6792058516196446,Blog
2392.995529061103,995.9915611814347,47.5,180.76923076923077,175.20661157024793,77.14285714285714,5.130434782608695,14466.652415562206,8868.767638758232,164.23357664233575,227.35674676524954,260.3978300180832,123.37164750957855,Blog,South,86.5021770682148,8.130081300813009,9.375,12.591431556948798,Blog
3663.6363636363635,1531.223628691983,70.0,273.07692307692304,234.7107438016529,154.28571428571428,2.6521739130434785,8519.88029072253,4668.038570084666,98.54014598540147,137.7079482439926,150.99457504520794,87.35632183908046,News,North,59.79680696661829,287.6016260162602,29.6875,2.246603970741902,News
1867.2131147540983,784.3881856540085,20.0,107.6923076923077,109.09090909090908,51.42857142857143,2.6521739130434785,5366.609662248825,3213.3113828786454,31.021897810218977,73.01293900184842,67.8119349005425,27.586206896551722,News,South,207.83744557329462,32.520325203252035,12.5,1.452455590386625,News
129.2101341281669,50.0,0.0,0.0,0.0,0.0,1.8260869565217392,1155.1945275758872,581.7262464722484,3.6496350364963503,4.621072088724585,6.329113924050632,3.0651340996168583,Blog,North,45.28301886792453,223.5772357723577,9.375,43.04771159874608,Blog
2714.307004470939,1207.5949367088608,12.5,138.46153846153848,85.9504132231405,177.14285714285714,5.956521739130435,14748.824283882,8917.80338664158,47.44525547445255,166.358595194085,179.9276672694394,220.68965517241378,Blog,South,438.89695210449923,65.04065040650407,23.4375,16.875653082549636,Blog
1523.9940387481372,572.7848101265823,25.0,100.0,115.70247933884296,111.42857142857143,2.6521739130434785,4379.008123129543,2330.6679209783633,25.547445255474454,53.60443622920518,49.728752260397826,59.770114942528735,News,South,268.79535558780844,32.520325203252035,12.5,1.09717868338558,News
2166.6169895678095,971.0970464135022,15.0,146.15384615384616,76.03305785123968,74.28571428571429,2.6521739130434785,4957.460453185122,3049.8588899341485,14.598540145985401,64.69500924214418,29.8372513562387,33.71647509578544,Blog,North,123.07692307692308,1.016260162601626,3.125,1.5151515151515151,Blog
4189.418777943368,2116.2447257383965,20.0,342.3076923076923,161.98347107438016,162.85714285714283,3.4782608695652173,6664.60025651988,4226.716839134525,34.67153284671533,121.0720887245841,75.04520795660036,60.53639846743295,Blog,North,188.67924528301887,12.195121951219512,12.5,2.978056426332288,Blog
2765.424739195231,1406.7510548523207,22.5,234.6153846153846,148.7603305785124,91.42857142857143,5.956521739130435,22134.67293715263,14066.556914393226,72.992700729927,415.89648798521256,225.13562386980107,128.73563218390805,Blog,North,132.36574746008708,7.113821138211382,7.8125,15.308254963427379,Blog
2086.2891207153502,983.5443037974684,17.5,130.76923076923077,122.31404958677685,42.857142857142854,3.4782608695652173,12463.232150491664,7103.480714957666,29.197080291970803,182.07024029574862,108.499095840868,86.59003831417624,Blog,South,117.85195936139333,3.048780487804878,4.6875,3.605015673981191,Blog
2677.7943368107303,1195.1476793248944,22.5,165.3846153846154,138.84297520661158,140.0,4.304347826086957,9740.273621205642,5714.134524929445,98.54014598540147,166.358595194085,160.03616636528028,120.3065134099617,News,North,86.5021770682148,1.016260162601626,9.375,5.903866248693835,News
2392.995529061103,983.5443037974684,30.0,134.6153846153846,135.53719008264463,134.28571428571428,3.4782608695652173,10509.191962377085,5763.170272812794,100.36496350364963,153.41959334565618,179.02350813743217,127.96934865900383,Blog,South,297.2423802612482,30.48780487804878,7.8125,,Blog
3977.645305514158,1742.8270042194092,5.0,223.0769230769231,155.37190082644628,34.285714285714285,1.8260869565217392,8188.328345446773,4864.181561618062,5.474452554744526,118.29944547134936,72.33273056057867,18.39080459770115,News,South,151.52394775036285,466.4634146341464,34.375,2.246603970741902,News
4160.208643815201,1929.535864978903,45.0,403.84615384615387,161.98347107438016,185.71428571428572,1.8260869565217392,7765.07054296708,4504.586077140169,65.69343065693431,154.34380776340112,82.27848101265823,77.39463601532567,News,South,188.67924528301887,13.21138211382114,4.6875,2.7690700104493207,News
2604.769001490313,1083.1223628691982,10.0,176.92307692307693,89.25619834710744,60.0,10.08695652173913,36081.01752885849,20980.597365945436,67.51824817518248,645.1016635859519,349.00542495479203,296.55172413793105,Blog,South,87.66328011611031,8.130081300813009,7.8125,,Blog
3736.6616989567806,1829.9578059071728,0.0,257.6923076923077,178.51239669421489,225.71428571428572,7.608695652173913,34296.28046173578,19542.215428033865,23.722627737226276,537.8927911275416,338.15551537070525,404.5977011494253,Blog,North,132.94629898403483,460.3658536585366,23.4375,39.132706374085686,Blog
2604.769001490313,1033.3333333333333,37.5,173.07692307692307,158.67768595041323,180.0,5.956521739130435,11398.033347584438,6302.563499529633,111.3138686131387,161.73752310536042,182.64014466546112,134.09961685823754,Blog,South,395.93613933236577,94.51219512195122,20.3125,13.218390804597702,Blog
3824.2921013412815,2066.4556962025317,30.0,338.46153846153845,165.28925619834712,219.99999999999997,3.4782608695652173,11842.454040188115,8116.886171213547,69.34306569343066,225.5083179297597,150.99457504520794,133.33333333333331,News,South,145.13788098693757,11.178861788617887,1.5625,14.263322884012538,News
2268.8524590163934,1070.675105485232,22.5,165.3846153846154,135.53719008264463,85.71428571428571,11.739130434782608,42380.504489097904,25655.338664158044,189.7810218978102,693.1608133086876,645.5696202531645,409.9616858237548,Blog,South,33.671988388969524,143.29268292682926,35.9375,7.993730407523511,Blog
3926.527570789866,1717.9324894514768,75.0,315.38461538461536,290.90909090909093,157.14285714285714,1.0,4675.288584865327,2641.227657572907,54.74452554744526,74.86136783733826,79.56600361663654,42.145593869731805,News,South,91.14658925979681,6.097560975609756,21.875,2.1839080459770113,News
3174.3666169895682,1568.565400843882,22.5,238.46153846153848,181.8181818181818,114.28571428571428,7.608695652173913,30063.702436938864,20097.953904045156,144.16058394160584,623.8447319778188,352.622061482821,278.9272030651341,News,North,47.60522496371553,172.7642276422764,23.4375,24.921630094043888,News
4006.855439642325,2029.113924050633,57.49999999999999,330.7692307692308,297.5206611570248,248.57142857142858,4.304347826086957,16632.321504916632,10274.459078080903,136.86131386861314,256.007393715342,296.5641952983725,209.19540229885058,News,South,710.5950653120465,116.86991869918698,17.1875,,News
1713.859910581222,684.8101265822785,0.0,57.69230769230769,82.64462809917356,85.71428571428571,20.0,100000.0,70000.0,291.970802919708,2000.0,1188.0650994575046,1200.0,Blog,South,303.6284470246734,43.69918699186992,9.375,14.263322884012538,Blog
1706.55737704918,734.5991561181435,15.0,157.69230769230768,62.8099173553719,60.0,4.304347826086957,9733.21932449765,5812.206020696142,43.79562043795621,152.49537892791128,113.01989150090415,80.45977011494253,News,North,99.85486211901306,1.016260162601626,6.25,2.560083594566353,News
3437.25782414307,1954.4303797468353,15.0,234.6153846153846,158.67768595041323,82.85714285714286,5.130434782608695,14734.715690466011,9686.030103480714,52.919708029197075,230.1293900184843,227.8481012658228,136.3984674329502,News,North,491.14658925979677,85.3658536585366,14.0625,10.71055381400209,News
2239.6423248882265,933.7552742616034,0.0,126.92307692307692,102.4793388429752,74.28571428571429,4.304347826086957,3363.1893971782815,1774.9294449670742,0.0,36.96857670979668,28.933092224231462,19.92337164750958,Blog,North,67.9245283018868,273.3739837398374,18.75,1.3061650992685474,Blog
1962.1460506706408,995.9915611814347,12.5,134.6153846153846,95.86776859504133,94.28571428571428,10.08695652173913,35664.81402308679,22631.467544684856,87.59124087591242,581.3308687615527,393.3092224231465,308.8122605363985,News,South,35.99419448476052,91.46341463414635,4.6875,7.993730407523511,News
2590.1639344262294,1232.4894514767932,17.5,192.30769230769232,148.7603305785124,111.42857142857143,4.304347826086957,10699.657973492946,6057.384760112888,78.46715328467154,163.58595194085026,173.59855334538878,104.21455938697318,News,South,96.9521044992743,2.032520325203252,6.25,4.858934169278997,News
1560.5067064083457,734.5991561181435,10.0,84.61538461538461,59.50413223140496,42.857142857142854,10.08695652173913,20589.781958101754,11304.209783631233,78.46715328467154,244.91682070240296,274.8643761301989,151.7241379310345,News,North,226.99564586357036,44.71544715447155,6.25,3.8140020898641587,News
1852.608047690015,908.8607594936709,32.5,161.53846153846155,119.00826446280992,125.71428571428572,13.391304347826088,50655.194527575884,30591.603951081845,569.3430656934306,890.9426987060998,1019.8915009041591,758.6206896551724,Blog,North,23.802612481857764,119.91869918699187,12.5,20.532915360501566,News
3386.1400894187777,1381.8565400843881,82.5,288.46153846153845,284.297520661157,205.71428571428572,2.6521739130434785,5465.369816160753,2755.6444026340546,80.2919708029197,93.3456561922366,98.55334538878841,78.16091954022988,News,North,166.03773584905662,8.130081300813009,12.5,3.082549634273772,News
2371.0879284649777,883.9662447257384,32.5,161.53846153846155,95.86776859504133,128.57142857142856,15.043478260869565,28723.38606241984,15782.808090310442,142.33576642335765,403.88170055452866,343.58047016274867,357.08812260536394,News,North,382.5834542815675,53.861788617886184,10.9375,6.948798328108673,News
3356.929955290611,1518.776371308017,40.0,188.46153846153845,214.87603305785123,105.71428571428572,5.956521739130435,15898.674647285165,9963.89934148636,125.9124087591241,224.5841035120148,260.3978300180832,114.9425287356322,News,North,502.75761973875177,66.0569105691057,9.375,,News
2473.323397913562,1406.7510548523207,22.5,173.07692307692307,161.98347107438016,131.42857142857142,7.608695652173913,17309.53398888414,11189.793038570086,91.24087591240875,229.20517560073935,291.1392405063291,209.96168582375478,News,North,145.71843251088535,9.146341463414634,6.25,10.292580982236155,News
4423.099850968703,2029.113924050633,70.0,500.0,244.6280991735537,254.28571428571428,6.782608695652174,29584.01026079521,19754.703668861715,187.95620437956202,795.7486136783733,377.0343580470162,542.5287356321838,News,North,247.31494920174163,4.065040650406504,9.375,33.49007314524556,News
3042.9210134128166,1294.7257383966246,45.0,250.0,191.73553719008265,262.85714285714283,16.695652173913043,68079.30739632322,41461.19473189087,1000.0,1393.7153419593346,1500.0,1028.352490421456,News,South,0.0,0.0,0.0,8.77742946708464,News
224.1430700447094,112.23628691983123,0.0,7.6923076923076925,13.223140495867769,20.0,1.0,1098.7601539119282,532.6904985888993,0.0,0.9242144177449169,3.6166365280289328,5.363984674329502,News,South,119.01306240928882,5.08130081300813,6.25,,News
2728.9120715350223,1058.2278481012659,52.5,161.53846153846155,198.34710743801654,100.0,4.304347826086957,13352.073535699017,7103.480714957666,209.85401459854015,219.0388170055453,270.34358047016275,120.3065134099617,News,South,0.0,0.0,0.0,7.471264367816093,News
3532.1907600596123,1842.4050632911392,27.500000000000004,196.15384615384616,251.2396694214876,114.28571428571428,9.26086956521739,28850.363403163745,18447.08372530574,122.26277372262774,378.003696857671,449.36708860759495,217.62452107279694,Blog,North,51.088534107402026,207.3170731707317,25.0,9.03866248693835,News
1341.430700447094,585.2320675105485,17.5,107.6923076923077,52.892561983471076,31.42857142857143,1.0,2178.0675502351432,1153.809971777987,12.773722627737227,24.953789279112755,14.466546112115731,8.42911877394636,Blog,South,57.47460087082729,3.048780487804878,1.5625,,Blog
2225.037257824143,1033.3333333333333,2.5,161.53846153846155,119.00826446280992,82.85714285714286,5.956521739130435,17944.420692603675,11157.102539981184,32.846715328467155,349.35304990757857,179.02350813743217,140.99616858237547,News,South,84.1799709724238,2.032520325203252,3.125,,News
1779.5827123695976,983.5443037974684,12.5,134.6153846153846,128.92561983471074,37.142857142857146,5.130434782608695,7299.486960239418,4259.4073377234245,21.897810218978105,93.3456561922366,86.79927667269439,61.30268199233717,News,North,25.544267053701013,0.0,1.5625,3.8140020898641587,News
1480.1788375558865,684.8101265822785,20.0,119.23076923076924,89.25619834710744,48.57142857142858,10.08695652173913,37082.72766139376,22059.383819379116,102.18978102189782,593.3456561922366,402.3508137432188,351.7241379310345,News,North,89.98548621190132,3.048780487804878,3.125,6.948798328108673,News
2524.441132637854,1157.8059071729958,27.500000000000004,192.30769230769232,148.7603305785124,122.85714285714285,8.434782608695652,17006.199230440357,10470.6020696143,78.46715328467154,271.7190388170055,246.83544303797467,206.1302681992337,News,North,34.83309143686502,178.8617886178862,9.375,7.993730407523511,News
3802.384500745157,1717.9324894514768,20.0,200.0,145.45454545454547,148.57142857142858,7.608695652173913,24624.839675074818,15063.617121354657,71.16788321167883,347.50462107208875,256.78119349005425,226.8199233716475,Blog,South,213.06240928882437,482.7235772357724,29.6875,14.263322884012538,Blog
2261.5499254843517,883.9662447257384,5.0,123.07692307692308,72.72727272727273,68.57142857142857,1.0,3066.908935442497,1546.095954844779,3.6496350364963503,28.65064695009242,19.891500904159134,18.39080459770115,News,North,49.92743105950653,152.4390243902439,23.4375,0.052246603970741906,News
3605.21609538003,1518.776371308017,20.0,219.23076923076923,109.09090909090908,60.0,5.956521739130435,24554.29670799487,14851.128880526812,65.69343065693431,336.4140480591497,253.1645569620253,126.4367816091954,Blog,South,89.98548621190132,377.0325203252032,45.3125,16.875653082549636,Blog
903.27868852459,373.6286919831224,7.5,30.76923076923077,33.057851239669425,14.285714285714285,3.4782608695652173,2551.9452757588715,1235.5362182502354,5.474452554744526,13.863216266173753,11.754068716094032,10.727969348659004,Blog,North,110.30478955007257,2.032520325203252,14.0625,2.560083594566353,Blog
1991.3561847988078,883.9662447257384,12.5,161.53846153846155,138.84297520661158,174.2857142857143,5.130434782608695,7645.147498931167,4324.788334901223,29.197080291970803,117.37523105360444,94.03254972875226,131.8007662835249,Blog,North,105.0798258345428,3.048780487804878,3.125,2.58098223615465,Blog
4561.847988077497,2253.1645569620255,35.0,261.53846153846155,251.2396694214876,131.42857142857142,5.130434782608695,23058.785805899955,15178.033866415804,135.03649635036496,455.637707948244,311.9349005424955,185.44061302681993,Blog,North,179.39042089985486,500.0,7.8125,14.054336468129572,Blog
2860.357675111773,1108.0168776371308,2.5,146.15384615384616,92.56198347107438,102.85714285714286,3.4782608695652173,8548.097477554511,4798.800564440264,5.474452554744526,85.95194085027727,64.19529837251356,58.2375478927203,Blog,North,117.85195936139333,375.0,25.0,3.8140020898641587,Blog
1502.0864381520119,747.0464135021097,20.0,123.07692307692308,82.64462809917356,51.42857142857143,2.6521739130434785,5472.424112868747,3213.3113828786454,31.021897810218977,89.64879852125692,48.8245931283906,47.509578544061306,Blog,North,24.383164005805515,95.52845528455285,20.3125,1.5151515151515151,Blog
2772.7272727272725,1294.7257383966246,40.0,192.30769230769232,181.8181818181818,62.85714285714286,1.0,3560.7097050021375,2085.4891815616184,29.197080291970803,45.28650646950092,49.728752260397826,16.85823754789272,News,South,116.11030478955007,7.113821138211382,9.375,0.6269592476489028,News
3335.022354694486,1444.0928270042193,50.0,226.92307692307693,188.4297520661157,194.2857142857143,10.08695652173913,38592.34715690466,22811.2652869238,282.84671532846716,658.0406654343808,596.745027124774,563.2183908045977,News,South,0.0,0.0,0.0,14.054336468129572,News
3992.2503725782412,1892.1940928270044,17.5,280.7692307692308,155.37190082644628,120.0,1.0,4738.777255237281,2870.061147695202,12.773722627737227,66.54343807763401,42.495479204339965,32.18390804597701,Blog,South,148.04063860667634,457.3170731707317,26.5625,1.5151515151515151,Blog
2086.2891207153502,821.7299578059072,7.5,96.15384615384616,109.09090909090908,45.714285714285715,8.434782608695652,19785.592133390335,11336.900282220131,69.34306569343066,290.2033271719039,234.17721518987344,156.32183908045977,News,South,78.3744557329463,261.1788617886179,10.9375,5.7297178683385575,News
2195.8271236959763,1083.1223628691982,10.0,134.6153846153846,105.78512396694215,65.71428571428571,1.8260869565217392,3066.908935442497,1856.6556914393227,7.299270072992701,35.12014787430684,28.933092224231462,17.624521072796934,Blog,South,103.91872278664731,5.08130081300813,4.6875,,Blog
3795.0819672131147,2066.4556962025317,22.5,315.38461538461536,152.06611570247935,177.14285714285714,10.91304347826087,50507.054296708,33435.67732831609,279.19708029197085,963.0314232902033,747.7396021699819,409.9616858237548,News,North,204.3541364296081,9.146341463414634,1.5625,19.48798328108673,News
3722.0566318926976,1493.8818565400845,72.5,207.6923076923077,290.90909090909093,122.85714285714285,5.130434782608695,13210.987601539118,7168.8617121354655,182.4817518248175,187.6155268022181,249.54792043399638,118.77394636015326,News,South,717.5616835994194,99.59349593495935,28.125,0.6792058516196446,News
1589.7168405365126,859.0717299578058,12.5,76.92307692307693,92.56198347107438,37.142857142857146,2.6521739130434785,2911.7144078666097,1742.238946378175,9.124087591240874,24.029574861367838,28.02893309222423,11.494252873563218,News,South,163.13497822931785,21.34146341463415,4.6875,0.4702194357366771,News
3795.0819672131147,1780.1687763713082,40.0,280.7692307692308,254.54545454545453,171.42857142857142,3.4782608695652173,6015.604959384353,3458.4901222953904,40.14598540145985,85.02772643253235,95.84086799276672,65.90038314176245,Blog,North,766.3280116110304,168.6991869918699,26.5625,2.7690700104493207,Blog
3349.6274217585697,1431.6455696202531,45.0,207.6923076923077,178.51239669421489,100.0,1.8260869565217392,5662.890123984609,3049.8588899341485,43.79562043795621,69.31608133086877,67.8119349005425,37.547892720306514,News,South,64.4412191582003,229.6747967479675,17.1875,1.4106583072100314,News
4225.931445603577,1842.4050632911392,42.5,253.84615384615384,224.79338842975207,60.0,1.8260869565217392,6728.088926891834,3867.121354656632,38.32116788321168,97.04251386321626,77.75768535262206,30.651340996168585,Blog,North,185.7764876632801,472.5609756097561,50.0,1.8286311389759664,Blog
3853.502235469449,2016.6666666666665,7.5,315.38461538461536,165.28925619834712,134.28571428571428,5.130434782608695,12286.874732791792,7397.695202257761,20.072992700729927,200.55452865064697,134.71971066907776,124.90421455938697,News,South,113.78809869375908,359.7560975609756,23.4375,8.51619644723093,News
4050.670640834575,1805.0632911392404,52.5,223.0769230769231,267.7685950413223,65.71428571428571,15.043478260869565,62654.55322787516,42654.3979303857,494.5255474452554,1050.8317929759705,1174.502712477396,366.2835249042145,Blog,South,673.4397677793904,53.861788617886184,10.9375,28.89237199582027,Blog
3188.971684053651,1232.4894514767932,0.0,169.23076923076923,119.00826446280992,185.71428571428572,3.4782608695652173,5881.57332193245,2853.7158984007524,1.8248175182481752,61.92236598890943,50.632911392405056,75.86206896551725,Blog,North,132.94629898403483,412.6016260162602,34.375,1.7241379310344827,Blog
3291.2071535022355,1319.620253164557,20.0,203.84615384615384,109.09090909090908,148.57142857142858,1.8260869565217392,4442.496793501496,2445.084666039511,14.598540145985401,57.30129390018484,35.2622061482821,44.44444444444444,News,South,167.77939042089986,413.6178861788618,9.375,0.7836990595611284,News
3838.897168405365,1556.1181434599155,2.5,257.6923076923077,148.7603305785124,145.71428571428572,3.4782608695652173,12971.141513467293,7021.754468485418,21.897810218978105,194.08502772643251,132.00723327305604,118.77394636015326,News,South,121.33526850507982,378.0487804878049,26.5625,5.903866248693835,News
4605.663189269747,2651.4767932489453,15.0,350.0,185.12396694214877,168.57142857142858,5.130434782608695,22522.65925609235,14687.676387582314,34.67153284671533,387.2458410351202,207.95660036166365,209.96168582375478,Blog,South,213.06240928882437,439.0243902439024,25.0,0.4702194357366771,Blog
100.0,62.447257383966246,0.0,3.8461538461538463,0.0,0.0,1.8260869565217392,1063.4886703719537,500.0,0.0,0.0,0.0,0.0,News,North,143.39622641509433,4.065040650406504,12.5,,News
4087.183308494784,2141.1392405063293,42.5,338.46153846153845,241.32231404958677,151.42857142857142,6.782608695652174,23305.68619067978,14180.973659454376,111.3138686131387,414.97227356746765,309.2224231464738,285.823754789272,News,North,203.77358490566039,449.1869918699187,26.5625,9.665621734587251,News
2035.1713859910583,983.5443037974684,7.5,161.53846153846155,82.64462809917356,57.14285714285714,6.782608695652174,19616.28901239846,11173.447789275637,87.59124087591242,298.52125693160815,271.24773960217,137.1647509578544,News,North,61.53846153846154,146.34146341463415,10.9375,5.7297178683385575,News
4313.561847988078,1929.535864978903,57.49999999999999,265.38461538461536,247.93388429752068,151.42857142857142,5.130434782608695,20371.098760153913,11647.460018814676,242.7007299270073,340.1109057301294,347.19710669077756,245.97701149425288,News,South,182.87373004354137,10.16260162601626,9.375,18.234064785788924,News
5000.0,2688.818565400844,25.0,350.0,214.87603305785123,77.14285714285714,3.4782608695652173,11574.39076528431,7757.290686735654,27.37226277372263,180.22181146025878,123.86980108499095,68.1992337164751,News,North,170.68214804063862,452.23577235772353,20.3125,5.903866248693835,News
2670.4918032786886,1319.620253164557,7.5,184.6153846153846,92.56198347107438,154.28571428571428,6.782608695652174,14247.969217614365,8492.82690498589,16.423357664233578,190.38817005545286,146.47377938517178,151.7241379310345,Blog,South,121.33526850507982,250.0,4.6875,5.416238244514106,Blog
1903.7257824143069,908.8607594936709,2.5,100.0,76.03305785123968,85.71428571428571,3.4782608695652173,7130.183839247542,4030.573847601129,16.423357664233578,75.78558225508318,74.14104882459313,65.90038314176245,Blog,North,47.02467343976778,149.390243902439,6.25,3.8140020898641587,Blog
4671.385991058122,2663.924050632911,35.0,411.53846153846155,195.04132231404958,148.57142857142858,4.304347826086957,17542.32578024797,13020.460959548449,49.27007299270073,324.3992606284658,207.95660036166365,147.8927203065134,Blog,South,195.64586357039187,19.308943089430894,6.25,14.054336468129572,Blog
1918.3308494783903,883.9662447257384,20.0,100.0,99.17355371900827,82.85714285714286,5.956521739130435,10297.563061137238,5975.658513640639,58.394160583941606,123.84473197781885,147.37793851717902,98.08429118773947,Blog,South,53.41074020319303,5.08130081300813,4.6875,7.471264367816093,News
2093.591654247392,821.7299578059072,17.5,138.46153846153848,135.53719008264463,125.71428571428572,14.217391304347826,53081.87259512612,32373.23612417686,355.83941605839414,1029.5748613678372,830.9222423146473,883.5249042145593,News,South,96.37155297532655,214.43089430894307,10.9375,,News
4065.2757078986588,1792.6160337552742,5.0,184.6153846153846,201.65289256198346,208.57142857142856,6.782608695652174,23171.654553227876,14720.366886171212,29.197080291970803,388.17005545286503,315.55153707052443,275.09578544061304,Blog,North,204.3541364296081,420.73170731707313,14.0625,17.92058516196447,Blog
3780.4769001490313,1531.223628691983,42.5,203.84615384615384,145.45454545454547,60.0,3.4782608695652173,7405.301410859342,4144.990592662276,40.14598540145985,97.04251386321626,72.33273056057867,39.84674329501916,News,South,40.638606676342526,146.34146341463415,17.1875,2.4555903866248694,News
121.90760059612518,87.34177215189874,2.5,7.6923076923076925,9.917355371900827,2.857142857142857,1.0,1000.0,500.0,1.8248175182481752,0.9242144177449169,2.7124773960216997,0.7662835249042146,Blog,South,401.7416545718432,71.13821138211382,12.5,17.81609195402299,News
1480.1788375558865,572.7848101265823,5.0,92.3076923076923,56.19834710743802,57.14285714285714,5.956521739130435,6890.337751175716,4014.2285983066795,21.897810218978105,96.11829944547135,89.51175406871609,54.406130268199234,Blog,North,76.0522496371553,6.097560975609756,1.5625,4.580292580982236,Blog
1392.548435171386,622.5738396624472,25.0,80.76923076923077,95.86776859504133,68.57142857142857,5.130434782608695,8879.649422830269,4619.002822201317,76.64233576642336,118.29944547134936,125.67811934900543,81.22605363984675,News,South,173.58490566037736,13.21138211382114,7.8125,3.709508881922675,News
1304.9180327868853,610.126582278481,2.5,73.07692307692308,59.50413223140496,48.57142857142858,4.304347826086957,7475.844377939291,4324.788334901223,16.423357664233578,80.40665434380777,85.89511754068717,79.69348659003832,News,North,21.480406386066765,99.59349593495935,14.0625,,News
1538.5991058122206,796.8354430379748,10.0,65.38461538461539,72.72727272727273,8.571428571428571,14.217391304347826,29513.467293715265,19149.929444967074,151.45985401459856,450.0924214417745,443.94213381555153,186.97318007662835,News,South,103.33817126269957,45.73170731707317,6.25,3.5005224660397074,News
3707.4515648286138,1867.2995780590718,25.0,215.3846153846154,171.900826446281,151.42857142857142,5.956521739130435,21125.908507909364,13854.068673565382,114.96350364963503,282.8096118299446,307.4141048824593,133.33333333333331,Blog,North,470.2467343976778,100.60975609756098,28.125,22.622779519331242,Blog
4204.023845007451,1755.2742616033756,2.5,215.3846153846154,195.04132231404958,97.14285714285715,2.6521739130434785,10734.92945703292,6269.873000940734,12.773722627737227,136.7837338262477,145.56962025316454,66.66666666666666,Blog,North,77.2133526850508,377.0325203252032,31.25,1.9331243469174502,Blog
1443.6661698956782,672.3628691983123,5.0,53.84615384615385,95.86776859504133,71.42857142857143,19.17391304347826,69842.88157332192,45089.840075258704,691.6058394160583,1174.6765249537893,1493.6708860759495,708.8122605363984,Blog,South,231.05950653120465,29.471544715447155,10.9375,,Blog
3203.576751117735,1444.0928270042193,12.5,292.3076923076923,171.900826446281,217.14285714285714,4.304347826086957,11771.911073108167,6923.682972718721,31.021897810218977,207.94824399260628,134.71971066907776,146.360153256705,News,South,92.88824383164005,294.7154471544716,17.1875,7.471264367816093,News
1239.1952309985097,560.337552742616,7.5,65.38461538461539,46.28099173553719,42.857142857142854,8.434782608695652,29689.824711415135,19231.655691439322,104.01459854014598,534.1959334565619,328.2097649186257,311.1111111111111,Blog,South,37.735849056603776,0.0,0.0,17.398119122257054,Blog
4218.628912071535,2452.3206751054854,22.5,350.0,204.9586776859504,222.85714285714286,6.782608695652174,24653.0568619068,17237.535277516465,87.59124087591242,557.3012939001848,283.90596745027125,359.3869731800766,Blog,North,156.7489114658926,13.21138211382114,9.375,,Blog
910.5812220566319,435.8649789029536,10.0,53.84615384615385,82.64462809917356,34.285714285714285,15.869565217391305,60093.843522873016,39695.90780809031,441.6058394160584,967.6524953789279,1218.8065099457503,627.5862068965517,Blog,South,96.9521044992743,18.29268292682927,9.375,9.03866248693835,Blog
2020.5663189269749,896.4135021097046,10.0,134.6153846153846,102.4793388429752,91.42857142857143,3.4782608695652173,10452.757588713126,6237.182502351835,56.56934306569343,165.43438077634013,133.81555153707052,121.0727969348659,Blog,North,77.2133526850508,175.8130081300813,14.0625,4.38871473354232,Blog
3488.3755588673625,1431.6455696202531,45.0,192.30769230769232,234.7107438016529,125.71428571428572,5.956521739130435,22247.541684480548,13036.806208842898,200.72992700729927,311.46025878003695,367.0886075949367,183.14176245210726,Blog,North,54.57184325108854,274.39024390243907,25.0,14.263322884012538,Blog
4364.67958271237,1767.7215189873418,0.0,361.53846153846155,95.86776859504133,171.42857142857142,1.8260869565217392,9585.079093629756,5485.30103480715,1.8248175182481752,184.84288354898337,62.386980108499095,84.29118773946361,Blog,North,174.1654571843251,12.195121951219512,14.0625,1.9331243469174502,Blog
4437.704918032787,2352.7426160337554,47.5,411.53846153846155,323.9669421487603,211.42857142857144,5.130434782608695,20110.0897819581,12742.591721542803,125.9124087591241,367.83733826247686,330.92224231464735,219.15708812260536,Blog,North,686.211901306241,97.5609756097561,20.3125,25.757575757575758,Blog
2612.071535022355,1045.7805907172997,12.5,142.3076923076923,145.45454545454547,105.71428571428572,5.956521739130435,16865.113296280462,9686.030103480714,74.81751824817519,256.93160813308685,232.36889692585896,188.50574712643677,Blog,North,98.69375907111755,288.6178861788618,4.6875,9.561128526645767,Blog
2809.2399403874815,1581.012658227848,2.5,257.6923076923077,89.25619834710744,102.85714285714286,5.956521739130435,13387.345019238992,8705.315145813734,10.948905109489052,250.46210720887245,113.01989150090415,148.65900383141764,Blog,North,107.98258345428158,294.7154471544716,26.5625,10.083594566353186,Blog
4218.628912071535,2614.1350210970463,20.0,411.53846153846155,234.7107438016529,300.0,4.304347826086957,20462.804617357844,16420.272812793977,58.394160583941606,437.15341959334563,291.1392405063291,319.5402298850575,News,North,70.24673439767778,271.3414634146342,29.6875,32.02716823406478,News
2962.593144560358,1493.8818565400845,27.500000000000004,253.84615384615384,135.53719008264463,97.14285714285715,1.0,3744.1214194100044,2347.013170272813,20.072992700729927,60.07393715341959,37.070524412296564,26.053639846743295,Blog,South,546.8795355587808,73.17073170731707,17.1875,1.09717868338558,Blog
4313.561847988078,2178.481012658228,55.00000000000001,315.38461538461536,330.57851239669424,162.85714285714283,1.0,5049.166310389055,3246.0018814675445,40.14598540145985,74.86136783733826,90.41591320072332,43.67816091954023,News,South,709.433962264151,141.26016260162604,23.4375,2.037617554858934,News
1597.0193740685545,697.2573839662448,5.0,80.76923076923077,76.03305785123968,62.85714285714286,6.782608695652174,8364.685763146645,5060.324553151458,27.37226277372263,97.96672828096119,112.11573236889691,81.22605363984675,Blog,North,188.67924528301887,58.94308943089431,9.375,,Blog
3612.5186289120716,1618.3544303797466,17.5,250.0,158.67768595041323,105.71428571428572,4.304347826086957,19933.73236425823,13608.889934148636,58.394160583941606,349.35304990757857,281.19349005424954,105.7471264367816,Blog,North,188.67924528301887,9.146341463414634,4.6875,13.218390804597702,Blog
3576.005961251863,1730.3797468354433,12.5,292.3076923076923,165.28925619834712,268.57142857142856,10.08695652173913,39742.197520307825,25132.290686735654,71.16788321167883,828.0961182994455,407.7757685352622,670.4980842911878,News,North,181.71262699564585,387.1951219512195,31.25,16.875653082549636,News
3451.862891207153,1605.9071729957807,7.5,234.6153846153846,142.1487603305785,148.57142857142858,5.130434782608695,12858.272766139375,7512.111947318909,12.773722627737227,199.63031423290204,84.08679927667269,111.87739463601532,News,South,21.480406386066765,114.83739837398375,10.9375,6.635318704284221,News
4167.511177347244,1829.9578059071728,22.5,326.9230769230769,198.34710743801654,222.85714285714286,6.782608695652174,23425.60923471569,14442.49764816557,177.007299270073,433.456561922366,379.746835443038,254.40613026819923,News,North,762.844702467344,133.130081300813,18.75,18.65203761755486,News
4591.0581222056635,2153.586497890295,22.5,296.15384615384613,145.45454545454547,88.57142857142857,9.26086956521739,35488.45660538692,24249.64722483537,54.74452554744526,715.3419593345656,322.7848101265823,190.80459770114945,News,South,236.86502177068215,4.065040650406504,4.6875,19.48798328108673,News
