game_id,player_age,game_duration,game_type,player_score,number_of_players,game_age,distance_travelled,rating,tax_paid,play_time_ratio,loss_stat,median_value
1.0,17.2,9.070014662756599,board,31.481481481481488,6.197547422877947,19.248197734294543,269.20313906646413,E,20.801526717557252,0.28723404255319157,8.967991169977926,422.22222222222223
3.3589894692450972,10.0,29.833944281524932,board,17.283950617283946,5.9319793063805335,23.480947476828014,348.96198019441846,E10+,10.49618320610687,0.5531914893617023,20.447019867549667,368.8888888888889
3.356741742261538,10.0,29.833944281524932,board,17.283950617283946,7.249473079133934,17.981462409886717,348.96198019441846,E10+,10.49618320610687,0.5531914893617023,6.346578366445916,660.0
3.927664396085507,10.0,8.502932551319649,board,15.020576131687244,6.926997509101362,13.254376930998971,448.5445898389546,T,6.679389312977099,0.648936170212766,3.3388520971302427,631.1111111111111
8.049995683932584,10.0,8.502932551319649,board,15.020576131687244,7.183943284154053,15.849639546858912,448.5445898389546,T,6.679389312977099,0.648936170212766,9.933774834437086,693.3333333333334
3.6444507961570816,10.0,8.502932551319649,board,15.020576131687244,5.94749952098103,17.239958805355307,448.5445898389546,T,6.679389312977099,0.648936170212766,9.602649006622515,526.6666666666666
10.212309042116274,15.0,33.32368035190616,board,28.600823045267493,5.226671776202338,19.680741503604533,402.92264183542636,M,23.66412213740458,0.276595744680851,29.52538631346578,397.7777777777777
16.535165046867547,15.0,33.32368035190616,board,28.600823045267493,5.502586702433416,28.795056642636453,438.38718184215554,M,23.66412213740458,0.276595744680851,48.068432671081666,491.11111111111114
24.0302106735448,15.0,33.32368035190616,board,28.600823045267493,4.5696493581145825,30.0,450.35419072647744,M,23.66412213740458,0.276595744680851,77.81456953642383,255.55555555555554
19.399893087413403,15.0,33.32368035190616,board,28.600823045267493,5.212876029890784,25.643666323377964,496.7308968891233,M,23.66412213740458,0.276595744680851,42.41169977924945,308.88888888888886
25.564284339823768,15.0,33.32368035190616,board,28.600823045267493,5.856102701666986,28.2389289392379,474.41551710027375,M,23.66412213740458,0.276595744680851,51.65562913907284,222.2222222222222
13.491742711128754,15.0,33.32368035190616,board,28.600823045267493,5.221498371335506,24.716786817713697,463.50335094435707,M,23.66412213740458,0.276595744680851,31.843267108167765,308.88888888888886
10.829310099103202,15.0,33.32368035190616,board,28.600823045267493,5.014562176662197,11.153450051493307,392.9561967463558,M,23.66412213740458,0.276595744680851,38.57615894039735,371.1111111111111
71.06614553149898,10.0,34.50146627565983,board,31.481481481481488,5.11803027399885,18.197734294541707,325.355327410452,AO,22.900763358778626,0.8936170212765957,18.01876379690949,342.22222222222223
71.98771359475813,10.0,34.50146627565983,board,31.481481481481488,5.371527112473655,25.211122554067973,303.02176067800923,AO,22.900763358778626,0.8936170212765957,23.537527593818982,293.3333333333333
70.79978988394724,10.0,34.50146627565983,board,31.481481481481488,4.919716420770262,16.560247167868177,306.35906482736044,AO,22.900763358778626,0.8936170212765957,18.59823399558499,331.1111111111111
118.73706326230854,10.0,34.50146627565983,board,31.481481481481488,5.093887717953631,8.156539649845522,306.35906482736044,AO,22.900763358778626,0.8936170212765957,13.383002207505518,402.2222222222223
88.42309329854103,10.0,34.50146627565983,board,31.481481481481488,5.1887334738455655,24.346035015447992,284.47107821295094,AO,22.900763358778626,0.8936170212765957,35.70640176600441,277.77777777777777
90.50336462182483,10.0,34.50146627565983,board,31.481481481481488,4.26786740754934,10.411946446961897,242.51379934345132,AO,22.900763358778626,0.8936170212765957,27.48344370860927,337.77777777777777
81.85973050654896,10.0,34.50146627565983,board,31.481481481481488,4.735198313853229,20.57672502574665,242.51379934345132,AO,22.900763358778626,0.8936170212765957,26.352097130242818,293.3333333333333
140.97382631065702,10.0,34.50146627565983,board,31.481481481481488,4.464456792488984,29.412976313079298,242.6411079486037,AO,22.900763358778626,0.8936170212765957,53.22847682119205,191.1111111111111
96.04738322677292,10.0,34.50146627565983,board,31.481481481481488,5.145621766621959,26.663233779608653,262.1375114805081,AO,22.900763358778626,0.8936170212765957,33.38852097130243,324.44444444444446
138.8025220445391,10.0,34.50146627565983,board,31.481481481481488,5.45085265376509,27.435633367662202,258.91842246451273,AO,22.900763358778626,0.8936170212765957,46.88189845474613,226.66666666666666
111.37575739115304,10.0,34.50146627565983,board,31.481481481481488,4.883502586702434,30.0,269.67599959988723,AO,22.900763358778626,0.8936170212765957,50.08278145695364,211.11111111111111
84.60870060744153,10.0,34.50146627565983,board,31.481481481481488,5.074918566775246,28.177136972193612,297.3565277487292,AO,22.900763358778626,0.8936170212765957,40.20419426048565,235.55555555555554
94.75494021122653,10.0,34.50146627565983,board,31.481481481481488,4.514466372868366,25.581874356333675,302.35793723685765,AO,22.900763358778626,0.8936170212765957,40.78366445916115,197.77777777777777
75.80323014934942,10.0,34.50146627565983,board,31.481481481481488,4.883502586702434,27.003089598352215,323.03649210231976,AO,22.900763358778626,0.8936170212765957,36.09271523178808,257.7777777777778
107.70521922700131,10.0,34.50146627565983,board,31.481481481481488,5.287028166315386,26.53964984552008,302.2488155752985,AO,22.900763358778626,0.8936170212765957,42.9083885209713,217.7777777777778
87.16324232425625,10.0,34.50146627565983,board,31.481481481481488,6.059589959762407,28.26982492276004,302.3670307086542,AO,22.900763358778626,0.8936170212765957,30.54635761589404,297.77777777777777
112.95141400662787,10.0,34.50146627565983,board,31.481481481481488,6.368269783483427,26.076210092687948,282.75241204339403,AO,22.900763358778626,0.8936170212765957,28.283664459161145,355.55555555555554
127.37732578710907,10.0,34.50146627565983,board,31.481481481481488,4.71105575780801,28.177136972193612,282.2068037355982,AO,22.900763358778626,0.8936170212765957,57.588300220750554,171.11111111111111
152.54175323154305,10.0,34.50146627565983,board,31.481481481481488,5.330139873538993,30.0,276.9325900935718,AO,22.900763358778626,0.8936170212765957,31.208609271523173,211.11111111111111
156.28084706869333,10.0,34.50146627565983,board,31.481481481481488,5.119754742287795,24.438722966014417,260.10966726986703,AO,22.900763358778626,0.8936170212765957,71.6887417218543,182.2222222222222
129.72732434841993,10.0,34.50146627565983,board,31.481481481481488,4.690362138340678,28.45520082389289,241.6681064663678,AO,22.900763358778626,0.8936170212765957,45.860927152317885,180.0
181.54866995437104,10.0,34.50146627565983,board,31.481481481481488,5.371527112473655,29.042224510813597,239.17649519410014,AO,22.900763358778626,0.8936170212765957,51.352097130242825,188.88888888888889
7.501550299944206,10.0,24.991935483870968,board,23.456790123456788,5.090438781375743,20.175077239958807,202.84807536669425,M,17.557251908396946,0.702127659574468,21.937086092715226,308.88888888888886
11.240644137094485,10.0,24.991935483870968,board,23.456790123456788,4.931787698792873,18.074150360453142,204.44852640289534,M,17.557251908396946,0.702127659574468,26.71081677704194,333.3333333333333
9.29636029631601,10.0,24.991935483870968,board,23.456790123456788,4.94730791339337,11.925849639546861,255.03551000736573,M,17.557251908396946,0.702127659574468,19.42604856512141,355.55555555555554
19.962948696794914,10.0,24.991935483870968,board,23.456790123456788,5.147346234910904,8.4346035015448,247.13328301612276,M,17.557251908396946,0.702127659574468,23.178807947019866,437.77777777777777
3.39495310098204,40.0,11.861803519061585,board,8.8477366255144,6.232036788656831,5.839340885684862,388.4276477916503,T,12.404580152671755,0.6063829787234043,7.1467991169977925,573.3333333333334
4.064775742082601,40.0,11.861803519061585,board,8.8477366255144,6.971833684613912,3.985581874356334,388.4276477916503,T,12.404580152671755,0.6063829787234043,0.6898454746136865,664.4444444444443
14.61223461243288,10.0,29.135997067448685,board,12.962962962962962,6.533818739222073,0.0,417.50857059716833,T,8.778625954198473,0.5638297872340424,8.58167770419426,480.00000000000006
16.192386681874808,10.0,29.135997067448685,board,12.962962962962962,5.497413297566584,1.1431513903192585,417.50857059716833,T,8.778625954198473,0.5638297872340424,11.258278145695364,451.11111111111114
18.199606878192935,10.0,29.135997067448685,board,12.962962962962962,5.569840965702243,1.1122554067971164,417.50857059716833,T,8.778625954198473,0.5638297872340424,15.756070640176603,437.77777777777777
14.078399453837635,10.0,29.135997067448685,board,12.962962962962962,5.32496646867216,11.462409886714727,417.50857059716833,T,8.778625954198473,0.5638297872340424,21.578366445916114,360.0
19.55498624927897,10.0,29.135997067448685,board,12.962962962962962,4.657597240850739,9.546858908341916,361.0835780992825,T,8.778625954198473,0.5638297872340424,23.399558498896248,317.77777777777777
21.458811004353386,10.0,29.135997067448685,board,12.962962962962962,4.836941942900939,9.392378990731205,361.0835780992825,T,8.778625954198473,0.5638297872340424,34.271523178807946,333.3333333333333
26.05653654922318,10.0,29.135997067448685,board,12.962962962962962,5.257712205403335,25.520082389289392,414.64412698124016,T,8.778625954198473,0.5638297872340424,47.102649006622514,257.7777777777778
28.821240739000658,10.0,29.135997067448685,board,12.962962962962962,4.169572715079518,28.54788877445932,431.06693704589475,T,8.778625954198473,0.5638297872340424,80.242825607064,208.8888888888889
24.98886623203268,10.0,29.135997067448685,board,12.962962962962962,4.519639777735199,18.259526261585997,450.8634251470869,T,8.778625954198473,0.5638297872340424,39.928256070640174,319.99999999999994
10.261759035754572,18.4,23.596041055718477,board,11.11111111111111,5.14217283004407,13.22348094747683,516.9729651083488,AO,10.687022900763358,0.44680851063829796,32.33995584988962,326.6666666666667
5.163914237042918,18.4,23.596041055718477,board,11.11111111111111,5.404292009963595,18.568486096807415,516.9729651083488,AO,10.687022900763358,0.44680851063829796,21.247240618101543,344.44444444444446
6.313626589133311,18.4,23.596041055718477,board,11.11111111111111,6.087181452385516,5.623069001029868,516.9729651083488,AO,10.687022900763358,0.44680851063829796,9.795805739514348,444.4444444444444
5.887682325748894,18.4,23.596041055718477,board,11.11111111111111,5.202529220157119,5.715756951596293,516.9729651083488,AO,10.687022900763358,0.44680851063829796,18.487858719646795,408.88888888888886
1.8181726220154504,40.0,16.442082111436953,board,5.144032921810693,5.012837708373252,13.81050463439753,562.8949976811647,T,53.81679389312977,0.9042553191489363,36.06512141280353,308.88888888888886
1.7631033109182568,46.0,4.31524926686217,board,3.703703703703707,7.359839049626365,5.8702368692070035,688.1030108485119,M,7.442748091603053,0.5638297872340424,8.498896247240618,675.5555555555555
2.599257748802179,44.0,2.2214076246334313,board,5.144032921810693,5.866449511400652,10.133882595262618,732.7519573698041,E10+,24.045801526717558,0.5000000000000001,11.147902869757171,437.77777777777777
1.899090793423572,50.0,4.7514662756598245,board,5.349794238683121,6.6131442805135086,11.616889804325439,654.2934827087633,M,13.16793893129771,0.26595744680851063,6.125827814569536,591.1111111111111
17.64778990372922,20.0,21.371334310850443,board,13.991769547325102,5.456026058631922,8.125643666323379,607.9167765461175,,18.51145038167939,0.7553191489361701,14.155629139072849,406.6666666666667
11.896980416293692,20.0,21.371334310850443,board,13.991769547325102,5.080091971642077,13.686920700308963,527.6396075257574,,18.51145038167939,0.7553191489361701,20.66777041942605,324.44444444444446
17.07124793244635,20.0,21.371334310850443,board,13.991769547325102,4.759340869898448,19.557157569515965,554.3198537769734,,18.51145038167939,0.7553191489361701,31.5121412803532,304.4444444444444
19.587578290540574,20.0,21.371334310850443,board,13.991769547325102,5.147346234910904,27.96086508753862,517.3185170366195,,18.51145038167939,0.7553191489361701,35.07174392935982,244.44444444444443
12.68256099704754,20.0,21.371334310850443,board,13.991769547325102,5.9923356964935826,20.051493305870235,554.3289472487701,,18.51145038167939,0.7553191489361701,13.796909492273729,382.2222222222222
14.506591444205611,20.0,21.371334310850443,board,13.991769547325102,6.520022992910519,12.512873326467561,623.0210332002656,,18.51145038167939,0.7553191489361701,21.440397350993376,444.4444444444444
2.4823759456571146,17.0,5.013196480938416,board,6.399176954732513,7.109791147729451,17.487126673532444,735.9619529140031,T,5.534351145038168,0.6382978723404257,17.439293598233995,622.2222222222223
4.317645027732981,42.0,13.693914956011731,board,2.674897119341566,5.706073960528838,4.603501544799176,498.4950304176632,AO,28.62595419847328,0.37234042553191504,8.112582781456954,411.1111111111111
5.2111165036976566,42.0,13.693914956011731,board,2.674897119341566,4.838666411189884,8.712667353244079,498.4950304176632,AO,28.62595419847328,0.37234042553191504,23.482339955849888,319.99999999999994
6.795764027106702,15.0,25.47177419354839,board,4.938271604938264,4.99559302548381,5.715756951596293,488.17393992852533,AO,30.15267175572519,0.6702127659574467,17.57726269315673,377.77777777777777
15.522564040774247,15.0,25.47177419354839,board,4.938271604938264,4.505844031423646,10.47373841400618,488.17393992852533,AO,30.15267175572519,0.6702127659574467,31.346578366445915,275.5555555555555
14.693152783841,15.0,25.47177419354839,board,4.938271604938264,5.007664303506419,9.29969104016478,488.17393992852533,AO,30.15267175572519,0.6702127659574467,19.481236203090504,353.33333333333326
10.208937451640937,10.0,46.148460410557185,board,5.761316872427978,5.925081433224756,1.1431513903192585,378.0792768871227,AO,22.519083969465647,0.702127659574468,13.769315673289185,426.66666666666663
18.13217506868617,10.0,46.148460410557185,board,5.761316872427978,5.1387238934661825,4.51081359423275,378.0792768871227,AO,22.519083969465647,0.702127659574468,22.488962472406183,371.1111111111111
10.588803311862396,10.0,46.148460410557185,board,5.761316872427978,5.318068595516384,1.513903192584964,378.0792768871227,AO,22.519083969465647,0.702127659574468,10.458057395143486,395.55555555555554
22.248887039074347,10.0,46.148460410557185,board,5.761316872427978,5.628472887526347,1.0195674562306902,378.0792768871227,AO,22.519083969465647,0.702127659574468,16.032008830022075,408.88888888888886
9.163744404286033,10.0,54.960043988269796,board,10.699588477366254,5.676757999616785,0.9577754891864058,283.8890960179687,M,40.26717557251908,0.648936170212766,13.93487858719647,424.44444444444446
10.97990780700165,10.0,54.960043988269796,board,10.699588477366254,5.6991760873730595,13.007209062821834,306.72280369922436,M,40.26717557251908,0.648936170212766,19.895143487858714,364.4444444444444
11.700304305232285,10.0,54.960043988269796,board,10.699588477366254,5.68710480935045,22.12152420185376,265.7658067273504,M,40.26717557251908,0.648936170212766,28.2560706401766,333.3333333333333
10.07519769611918,10.0,54.960043988269796,board,10.699588477366254,5.447403717187201,13.254376930998971,269.2486064254471,M,40.26717557251908,0.648936170212766,23.565121412803528,351.11111111111114
6.635051547782238,10.0,54.960043988269796,board,10.699588477366254,5.606054799770072,15.6951596292482,353.23591193881913,M,40.26717557251908,0.648936170212766,29.277041942604853,360.0
9.71556137874975,10.0,54.960043988269796,board,10.699588477366254,4.988695152328033,10.411946446961897,306.72280369922436,M,40.26717557251908,0.648936170212766,20.336644591611474,340.0
4.912168814884318,20.0,20.193548387096776,board,8.436213991769543,6.459666602797472,9.45417095777549,388.3912739044639,AO,17.938931297709924,0.6808510638297872,9.823399558498897,511.1111111111111
5.304397173515351,20.0,20.193548387096776,board,8.436213991769543,6.273424027591493,20.854788877445934,388.3912739044639,AO,17.938931297709924,0.6808510638297872,15.149006622516556,420.0
4.4019347896164405,20.0,20.193548387096776,board,8.436213991769543,5.726767579996167,9.052523171987644,388.3912739044639,AO,17.938931297709924,0.6808510638297872,13.769315673289185,440.0
4.280557532504259,20.0,20.193548387096776,board,8.436213991769543,5.493964360988696,13.53244078269825,388.3912739044639,AO,17.938931297709924,0.6808510638297872,15.949227373068432,397.7777777777777
5.975343678107692,10.0,18.57954545454546,board,13.168724279835391,5.876796321134318,13.934088568486098,331.8935336322054,T,11.450381679389313,0.6276595744680851,21.771523178807943,420.0
6.7350753985506095,10.0,18.57954545454546,board,13.168724279835391,6.2923931787698795,16.436663233779612,300.82114050323275,T,11.450381679389313,0.6276595744680851,13.245033112582782,480.00000000000006
6.120322068547244,10.0,18.57954545454546,board,13.168724279835391,5.23184518106917,13.038105046343976,299.86632596459003,T,11.450381679389313,0.6276595744680851,30.71192052980132,388.8888888888889
8.326466102910333,10.0,18.57954545454546,board,13.168724279835391,5.414638819697261,16.652935118434605,238.06709163491527,T,11.450381679389313,0.6276595744680851,18.515452538631344,382.2222222222222
6.65078563666715,10.0,13.868401759530794,board,21.399176954732507,6.942517723701859,25.76725025746653,208.43146704980495,E10+,15.839694656488549,0.5531914893617023,10.402869757174392,413.33333333333337
6.248442506610101,10.0,13.868401759530794,board,21.399176954732507,7.066679440505845,18.59938208032956,207.77673708044995,E10+,15.839694656488549,0.5531914893617023,10.954746136865342,526.6666666666666
5.553894868690392,10.0,13.868401759530794,board,21.399176954732507,5.925081433224756,19.526261585993822,178.47757095181368,E10+,15.839694656488549,0.5531914893617023,19.5364238410596,391.11111111111114
4.708749522872235,10.0,13.868401759530794,board,21.399176954732507,5.904387813757426,21.93614830072091,178.45938400822047,E10+,15.839694656488549,0.5531914893617023,17.853200883002206,377.77777777777777
5.013316529144469,21.200000000000003,64.60043988269794,board,16.255144032921816,5.9681931404483635,15.664263645726058,230.63772517709538,AO,15.839694656488549,0.5957446808510638,17.742825607064017,397.7777777777777
3.5208258120613403,21.200000000000003,64.60043988269794,board,16.255144032921816,5.569840965702243,8.032955715756952,230.63772517709538,AO,15.839694656488549,0.5957446808510638,12.362030905077264,444.4444444444444
5.115588106896401,21.200000000000003,64.60043988269794,board,16.255144032921816,5.635370760682123,22.986611740473737,226.0091480326274,AO,15.839694656488549,0.5957446808510638,24.448123620309048,346.6666666666667
14.00534832687197,10.0,11.600073313782993,board,12.345679012345679,6.283770837325159,16.961894953656024,215.1151688203039,E10+,16.984732824427482,0.574468085106383,13.57615894039735,520.0
13.218643882626345,10.0,11.600073313782993,board,12.345679012345679,5.487066487832919,20.607621009268794,215.1151688203039,E10+,16.984732824427482,0.574468085106383,26.51766004415011,364.4444444444444
13.869360844366655,10.0,11.600073313782993,board,12.345679012345679,8.773903046560646,22.58496395468589,215.1151688203039,E10+,16.984732824427482,0.574468085106383,6.843267108167771,748.8888888888889
9.490788680393857,10.0,11.600073313782993,board,12.345679012345679,8.34451044261353,10.504634397528323,215.1151688203039,E10+,16.984732824427482,0.574468085106383,5.077262693156732,862.2222222222221
7.999421826802508,10.0,11.600073313782993,board,12.345679012345679,7.647825253880055,18.414006179196704,215.1151688203039,E10+,16.984732824427482,0.574468085106383,12.30684326710817,626.6666666666667
16.997072941988904,10.0,36.33357771260997,board,27.77777777777778,6.459666602797472,23.789907312049436,149.87860215151545,M,37.595419847328245,0.8829787234042552,21.219646799116994,500.0
13.137725711218224,10.0,36.33357771260997,board,27.77777777777778,6.55278789040046,21.13285272914521,156.99879056825105,M,37.595419847328245,0.8829787234042552,16.390728476821188,477.7777777777778
25.99921951114242,10.0,36.33357771260997,board,27.77777777777778,5.904387813757426,25.489186405767253,144.1406214478626,M,37.595419847328245,0.8829787234042552,24.55849889624724,302.2222222222223
24.07179362274064,10.0,36.33357771260997,board,27.77777777777778,5.442230312320368,26.107106076210094,144.1406214478626,M,37.595419847328245,0.8829787234042552,32.31236203090507,317.77777777777777
15.978852618436711,10.0,36.33357771260997,board,27.77777777777778,5.493964360988696,26.910401647785786,117.43309478125651,M,37.595419847328245,0.8829787234042552,29.249448123620308,335.5555555555556
15.194395901174643,10.0,36.33357771260997,board,27.77777777777778,4.949032381682315,28.98043254376931,88.87049986814466,M,37.595419847328245,0.8829787234042552,40.67328918322295,322.22222222222223
19.53026125245982,10.0,36.33357771260997,board,27.77777777777778,4.923165357348152,27.49742533470649,98.33680400840237,M,37.595419847328245,0.8829787234042552,46.71633554083885,322.22222222222223
15.031435694866621,10.0,36.33357771260997,board,27.77777777777778,5.4249856294309255,25.427394438722967,90.27998799661722,M,37.595419847328245,0.8829787234042552,34.10596026490066,342.22222222222223
14.677418694956089,10.0,36.33357771260997,board,27.77777777777778,6.023376125694578,29.104016477857876,118.51521792505162,M,37.595419847328245,0.8829787234042552,29.083885209713024,328.8888888888889
29.918131506977417,10.0,36.33357771260997,board,27.77777777777778,5.600881394903239,27.281153450051495,128.7180932808337,M,37.595419847328245,0.8829787234042552,38.13465783664459,319.99999999999994
12.419576939971144,10.0,36.33357771260997,board,27.77777777777778,5.542249473079135,15.911431513903192,149.87860215151545,M,37.595419847328245,0.8829787234042552,31.098233995584984,371.1111111111111
11.622757724299502,10.0,42.65872434017595,board,33.33333333333334,6.438972983330141,24.31513903192585,140.75784993952846,,46.75572519083969,0.5531914893617023,23.261589403973506,395.55555555555554
14.145831263344402,10.0,42.65872434017595,board,33.33333333333334,5.055949415596858,27.80638516992791,111.28590784675683,,46.75572519083969,0.5531914893617023,39.95584988962472,306.6666666666667
25.252974152600856,10.0,42.65872434017595,board,33.33333333333334,5.364629239317877,28.578784757981463,128.981803962935,,46.75572519083969,0.5531914893617023,42.3841059602649,304.4444444444444
16.283419624708948,10.0,42.65872434017595,board,33.33333333333334,5.643993102126845,25.118434603501544,102.47433367585411,,46.75572519083969,0.5531914893617023,24.061810154525382,300.0
19.545995341344735,10.0,42.65872434017595,board,33.33333333333334,5.081816439931021,26.35427394438723,121.26144640762396,,46.75572519083969,0.5531914893617023,38.71412803532009,295.55555555555554
15.077514098029582,10.0,42.65872434017595,board,33.33333333333334,5.509484575589195,21.503604531410918,145.54101610453856,,46.75572519083969,0.5531914893617023,28.449227373068425,360.0
17.257809272081744,10.0,42.65872434017595,board,33.33333333333334,5.242191990802836,24.624098867147268,147.11418672534987,,46.75572519083969,0.5531914893617023,23.64790286975717,315.55555555555554
14.965127748851632,10.0,42.65872434017595,board,33.33333333333334,4.985246215750144,21.68898043254377,122.57090634633397,,46.75572519083969,0.5531914893617023,37.63796909492273,342.22222222222223
16.558766180194915,10.0,42.65872434017595,board,33.33333333333334,4.742096187009006,19.248197734294543,148.18721639734832,,46.75572519083969,0.5531914893617023,32.781456953642376,317.77777777777777
8.043252502981908,10.0,110.88306451612902,board,40.329218106995874,4.981797279172255,20.638516992790937,102.58345533741326,E10+,0.19083969465648853,0.6914893617021278,34.87858719646798,377.77777777777777
8.342200191795245,10.0,110.88306451612902,board,40.329218106995874,5.212876029890784,25.087538619979398,97.10009184406515,E10+,0.19083969465648853,0.6914893617021278,34.602649006622514,340.0
10.740524883252624,10.0,110.88306451612902,board,40.329218106995874,5.1387238934661825,27.80638516992791,87.05180550882521,E10+,0.19083969465648853,0.6914893617021278,44.70198675496688,344.44444444444446
17.190377462574975,10.0,110.88306451612902,board,40.329218106995874,4.957654723127036,29.073120494335736,74.09360819867416,E10+,0.19083969465648853,0.6914893617021278,65.34216335540839,273.33333333333337
11.358649803731328,10.0,110.88306451612902,board,40.329218106995874,4.997317493772753,28.70236869207003,79.72246724076786,E10+,0.19083969465648853,0.6914893617021278,43.73620309050772,306.6666666666667
19.2852590112519,10.0,110.88306451612902,board,40.329218106995874,5.181835600689787,26.416065911431513,78.50394202002383,E10+,0.19083969465648853,0.6914893617021278,36.09271523178808,364.4444444444444
43.82257062727296,10.0,110.88306451612902,board,40.329218106995874,4.538608928913586,28.640576725025745,57.07062899544418,E10+,0.19083969465648853,0.6914893617021278,70.44701986754967,237.77777777777774
29.41464066266022,10.0,94.48130498533725,board,49.17695473251029,4.676566392029124,28.764160659114314,59.89869872418591,AO,47.70992366412214,0.9148936170212765,42.66004415011038,248.88888888888889
36.86360788617451,10.0,94.48130498533725,board,49.17695473251029,5.949223989269976,29.62924819773429,62.09931889896244,AO,47.70992366412214,0.9148936170212765,37.69315673289183,288.88888888888886
99.33018848626074,10.0,94.48130498533725,board,49.17695473251029,4.579996167848247,28.36251287332647,77.32179068646619,AO,47.70992366412214,0.9148936170212765,45.83333333333333,206.66666666666669
38.50782017464787,10.0,94.48130498533725,board,49.17695473251029,5.995784633071471,29.660144181256438,89.92534259654994,AO,47.70992366412214,0.9148936170212765,29.994481236203086,315.55555555555554
134.35988966153485,10.0,94.48130498533725,board,49.17695473251029,5.76815481893083,29.28939237899073,103.7928870863607,AO,47.70992366412214,0.9148936170212765,29.05629139072847,324.44444444444446
66.60328360564272,10.0,94.48130498533725,board,49.17695473251029,5.847480360222265,29.35118434603502,108.92160517964153,AO,47.70992366412214,0.9148936170212765,25.91059602649006,400.0
37.356983959065694,10.0,94.48130498533725,board,49.17695473251029,4.899022801302932,28.578784757981463,121.87980248979258,AO,47.70992366412214,0.9148936170212765,36.69977924944811,297.77777777777777
109.99790075023142,10.0,94.48130498533725,board,49.17695473251029,4.786932362521556,29.505664263645727,110.61299093380863,AO,47.70992366412214,0.9148936170212765,42.99116997792494,235.55555555555554
62.97657611767039,10.0,94.48130498533725,board,49.17695473251029,5.7836750335313285,29.44387229660144,89.21605179641536,AO,47.70992366412214,0.9148936170212765,42.02538631346579,291.11111111111114
36.550049971968036,10.0,94.48130498533725,board,49.17695473251029,5.105958995976241,27.99176107106076,76.13963935290856,AO,47.70992366412214,0.9148936170212765,41.85982339955849,275.5555555555555
39.886800679061274,10.0,94.48130498533725,board,49.17695473251029,5.988886759915692,29.505664263645727,65.49118387909321,AO,47.70992366412214,0.9148936170212765,35.48565121412803,268.8888888888889
28.363828297846418,10.0,94.48130498533725,board,49.17695473251029,4.959379191415981,29.44387229660144,49.013812983659044,AO,47.70992366412214,0.9148936170212765,54.056291390728475,184.44444444444446
61.486333127570816,10.0,94.48130498533725,board,49.17695473251029,5.466372868365587,29.35118434603502,49.02290645545564,AO,47.70992366412214,0.9148936170212765,46.1644591611479,284.44444444444446
32.98290724906002,10.0,94.48130498533725,board,49.17695473251029,5.506035639011307,28.022657054582904,43.857814474988416,AO,47.70992366412214,0.9148936170212765,61.89293598233995,200.0
183.3266219983662,10.0,94.48130498533725,board,49.17695473251029,3.514274765280706,30.0,28.171575625858203,AO,47.70992366412214,0.9148936170212765,90.1766004415011,208.8888888888889
373.5304032106146,10.0,84.40469208211142,card,100.0,4.1764705882352935,30.0,17.459465849466685,M,41.221374045801525,0.2234042553191489,69.23289183222958,186.66666666666669
460.7815453949135,10.0,84.40469208211142,board,100.0,4.28856102701667,30.0,25.661777409997363,M,41.221374045801525,0.2234042553191489,68.12913907284768,235.55555555555554
312.6945485371004,10.0,84.40469208211142,board,100.0,3.3142364437631726,29.320288362512873,19.66917949603981,M,41.221374045801525,0.2234042553191489,76.04856512141279,151.11111111111114
267.6950543262506,10.0,84.40469208211142,board,100.0,5.430159034297758,30.0,26.32560085114897,M,41.221374045801525,0.2234042553191489,71.93708609271523,195.55555555555557
242.48792006912902,10.0,84.40469208211142,board,100.0,4.564475953247749,30.0,35.19173585283125,M,41.221374045801525,0.2234042553191489,41.1699779249448,235.55555555555554
266.490272663063,10.0,84.40469208211142,board,100.0,3.353899214408891,28.67147270854789,30.117578590330016,M,41.221374045801525,0.2234042553191489,76.71081677704194,213.33333333333331
262.26117434349686,10.0,84.40469208211142,board,100.0,3.8022609695343936,28.084449021627186,36.373887186388906,M,41.221374045801525,0.2234042553191489,73.3719646799117,284.44444444444446
307.5506253352258,10.0,84.40469208211142,board,100.0,4.511017436290478,28.424304840370752,36.019241786321615,M,41.221374045801525,0.2234042553191489,54.415011037527584,231.11111111111111
186.46894432138157,10.0,84.40469208211142,board,100.0,5.416363287986204,29.16580844490216,44.41251625458085,M,41.221374045801525,0.2234042553191489,34.1335540838852,366.66666666666663
168.4556602751403,10.0,84.40469208211142,board,100.0,4.178195056524238,30.0,42.01183970027916,M,41.221374045801525,0.2234042553191489,31.87086092715231,324.44444444444446
126.90193153008634,10.0,84.40469208211142,card,100.0,3.502203487258095,26.292481977342945,43.70322545444626,M,41.221374045801525,0.2234042553191489,28.669977924944806,228.88888888888889
241.82821219945444,10.0,84.40469208211142,board,100.0,4.704157884652233,29.53656024716787,44.885376788003896,M,41.221374045801525,0.2234042553191489,38.79690949227373,319.99999999999994
159.18715805843505,10.0,84.40469208211142,card,100.0,5.428434566008814,28.764160659114314,56.3613381953096,M,41.221374045801525,0.2234042553191489,36.94812362030905,266.6666666666667
397.5765864807281,10.0,84.40469208211142,card,100.0,5.468097336654532,24.624098867147268,56.00669279524231,M,41.221374045801525,0.2234042553191489,36.67218543046357,235.55555555555554
275.26315107989353,10.0,84.40469208211142,board,100.0,3.9505652423835995,28.146240988671472,55.179186861751944,M,41.221374045801525,0.2234042553191489,39.762693156732894,180.0
137.80340740034714,10.0,84.40469208211142,board,45.26748971193415,6.832151753209427,29.196704428424308,67.99188862315744,M,41.221374045801525,0.2234042553191489,7.891832229580572,806.6666666666666
151.20660340330906,10.0,84.40469208211142,board,45.26748971193415,5.319793063805327,30.0,57.07972246724078,M,41.221374045801525,0.2234042553191489,12.969094922737304,428.8888888888889
160.44251357875268,10.0,84.40469208211142,board,100.0,6.08545698409657,30.0,57.86176104174814,M,41.221374045801525,0.2234042553191489,15.618101545253863,406.6666666666667
143.40923849734313,10.0,84.40469208211142,card,45.26748971193415,5.637095228971068,27.71369721936148,60.817139375642235,M,41.221374045801525,0.2234042553191489,10.402869757174392,488.88888888888886
164.75140620623515,10.0,84.40469208211142,board,45.26748971193415,7.773711438972985,27.157569515962923,76.50337822477245,M,41.221374045801525,0.2234042553191489,0.0,1000.0
206.38043380523834,10.0,84.40469208211142,card,45.26748971193415,8.31347001341253,29.44387229660144,82.85062153879733,M,41.221374045801525,0.2234042553191489,0.5242825607064016,1000.0
171.00683040147968,10.0,84.40469208211142,card,45.26748971193415,9.301590342977583,28.115345005149333,93.88100282806973,M,41.221374045801525,0.2234042553191489,4.387417218543046,1000.0
252.30037221585553,10.0,84.40469208211142,board,45.26748971193415,4.954205786549148,27.466529351184345,117.52402949922252,M,41.221374045801525,0.2234042553191489,27.345474613686534,393.3333333333333
328.9074032695109,10.0,84.40469208211142,board,45.26748971193415,5.380149453918376,27.83728115345005,104.92047758913876,M,41.221374045801525,0.2234042553191489,22.29580573951435,444.4444444444444
226.2076335272117,10.0,84.40469208211142,board,45.26748971193415,8.532477486108451,28.8259526261586,83.32348207222036,M,41.221374045801525,0.2234042553191489,5.43598233995585,1000.0
202.61661497126892,10.0,84.40469208211142,board,45.26748971193415,4.993868557194865,23.57363542739444,117.87867489928979,M,41.221374045801525,0.2234042553191489,28.725165562913908,417.7777777777778
258.82327592214347,10.0,84.40469208211142,board,45.26748971193415,5.756083540908221,28.795056642636453,88.24305031417947,M,41.221374045801525,0.2234042553191489,25.855408388520967,417.7777777777778
275.5834521750507,10.0,84.40469208211142,board,45.26748971193415,5.899214408890593,28.51699279093718,103.01994198364996,M,41.221374045801525,0.2234042553191489,26.462472406181014,384.44444444444446
135.98724399763154,10.0,84.40469208211142,board,45.26748971193415,4.9904196206169775,28.331616889804323,117.87867489928979,M,41.221374045801525,0.2234042553191489,35.04415011037527,275.5555555555555
260.3404916360458,10.0,84.40469208211142,board,45.26748971193415,4.999041962061698,29.16580844490216,114.49590339095563,M,41.221374045801525,0.2234042553191489,28.42163355408388,313.33333333333337
15.927154897814857,10.0,16.660190615835777,board,25.720164609053498,4.467905729066871,26.446961894953656,133.35576389709829,M,20.801526717557252,0.4255319148936172,35.7615894039735,402.2222222222223
10.604537400747308,10.0,16.660190615835777,board,25.720164609053498,5.923356964935813,25.087538619979398,137.92068673899007,M,20.801526717557252,0.4255319148936172,20.17108167770419,413.33333333333337
9.782993188256519,10.0,16.660190615835777,board,25.720164609053498,4.962828127993869,20.329557157569518,142.97665705789817,M,20.801526717557252,0.4255319148936172,21.82671081677704,391.11111111111114
7.779144582413734,10.0,16.660190615835777,board,25.720164609053498,6.147537842498564,9.330587023686922,182.11495967045258,M,20.801526717557252,0.4255319148936172,9.933774834437086,542.2222222222222
8.181487712470782,10.0,16.660190615835777,board,25.720164609053498,5.2404675225138915,13.686920700308963,220.54397148287245,M,20.801526717557252,0.4255319148936172,23.123620309050768,404.44444444444446
6.386677716098976,10.0,16.660190615835777,board,25.720164609053498,5.749185667752444,21.781668383110198,198.9560694377506,M,20.801526717557252,0.4255319148936172,12.582781456953644,435.5555555555556
7.7544195855945866,10.0,16.660190615835777,board,25.720164609053498,6.689020885227056,22.090628218331616,162.3821258718366,M,20.801526717557252,0.4255319148936172,14.32119205298013,553.3333333333334
6.785649255680686,10.0,9.72434017595308,board,21.19341563786008,6.8959570799003655,17.14727085478888,154.53445971137322,T,1.1450381679389312,0.5531914893617023,9.133554083885208,715.5555555555557
7.693730957038493,10.0,9.72434017595308,board,21.19341563786008,8.249664686721594,24.840370751802265,146.53220453036766,T,1.1450381679389312,0.5531914893617023,16.08719646799117,773.3333333333334
8.030890004572331,10.0,9.72434017595308,board,21.19341563786008,5.454301590342978,18.321318228630282,133.51944638943704,T,1.1450381679389312,0.5531914893617023,21.302428256070634,693.3333333333334
10.520247638863848,10.0,9.72434017595308,board,21.19341563786008,7.197739030465607,27.590113285272913,142.85844192454238,T,1.1450381679389312,0.5531914893617023,8.526490066225167,731.1111111111111
11.537344098924263,10.0,9.72434017595308,board,21.19341563786008,6.176853803410615,28.640576725025745,156.1712846347607,T,1.1450381679389312,0.5531914893617023,10.899558498896246,611.1111111111112
9.626776162899173,10.0,9.72434017595308,board,21.19341563786008,4.523088714313087,26.848609680741504,168.9839863961662,T,1.1450381679389312,0.5531914893617023,33.80242825607064,475.5555555555555
7.085720807985804,10.0,9.72434017595308,board,21.19341563786008,5.469821804943476,20.360453141091657,195.5187370986369,T,1.1450381679389312,0.5531914893617023,31.5121412803532,546.6666666666667
6.585601554143941,10.0,9.72434017595308,board,21.19341563786008,8.363479593791915,15.664263645726058,188.1984923023761,T,1.1450381679389312,0.5531914893617023,7.505518763796909,1000.0
9.140143270958665,28.0,13.99926686217009,board,10.699588477366254,6.554512358689404,11.802265705458291,241.79541507152015,M,40.26717557251908,0.276595744680851,13.65894039735099,600.0
14.42679713628927,28.0,13.99926686217009,board,10.699588477366254,6.164782525388007,8.094747682801236,312.5517191208432,M,40.26717557251908,0.276595744680851,7.80905077262693,551.1111111111111
9.6964556993895,28.0,13.99926686217009,board,10.699588477366254,7.249473079133934,11.122554067971164,312.5517191208432,M,40.26717557251908,0.276595744680851,10.09933774834437,664.4444444444443
10.480912416651567,28.0,13.99926686217009,board,10.699588477366254,6.845947499520981,5.746652935118435,486.5189280615446,M,40.26717557251908,0.276595744680851,9.299116997792494,711.1111111111111
8.056738864883261,28.0,13.99926686217009,board,10.699588477366254,6.480360222264802,8.619979402677654,486.5189280615446,M,40.26717557251908,0.276595744680851,8.167770419426049,566.6666666666666
10.026871565972662,28.0,13.99926686217009,board,10.699588477366254,7.237401801111324,7.229660144181257,486.5189280615446,M,40.26717557251908,0.276595744680851,3.145695364238411,697.7777777777777
2.7476077297170685,34.0,11.774560117302055,board,3.292181069958851,6.585552787890401,2.1627188465499487,462.85771444679864,E,14.885496183206106,0.3191489361702127,9.105960264900663,580.0000000000001
1.9069578378660283,34.0,11.774560117302055,board,3.292181069958851,6.24755700325733,4.912461380020598,462.85771444679864,E,14.885496183206106,0.3191489361702127,7.312362030905077,535.5555555555555
1.8417737553428193,42.0,1.0,board,7.613168724279832,8.439356198505461,8.990731204943359,410.91580354463525,AO,12.977099236641221,0.19148936170212774,3.4216335540838854,1000.0
4.797534738722812,42.0,5.623900293255133,board,3.9094650205761354,7.425368844606247,9.639546858908343,561.9219961989288,E10+,27.099236641221374,0.0,6.484547461368654,628.8888888888888
5.533665325838363,42.0,5.623900293255133,board,3.9094650205761354,7.114964552596284,10.411946446961897,561.9219961989288,E10+,27.099236641221374,0.0,18.98454746136865,562.2222222222223
4.524435910220403,42.0,5.623900293255133,board,3.9094650205761354,7.402950756849973,10.937178166838311,561.9219961989288,E10+,27.099236641221374,0.0,13.493377483443709,657.7777777777778
3.829888272300693,48.0,5.405791788856305,board,3.703703703703707,6.8873347384556425,3.831101956745623,593.2399130664097,T,41.030534351145036,0.46808510638297873,7.80905077262693,664.4444444444443
2.287947561579267,48.0,5.405791788856305,board,3.703703703703707,7.163249664686722,3.3985581874356336,593.2399130664097,T,41.030534351145036,0.46808510638297873,7.505518763796909,620.0
4.161428002375636,43.0,7.848607038123167,board,6.172839506172833,5.485342019543975,10.968074150360454,467.4408242322836,E10+,30.725190839694655,0.2234042553191489,15.72847682119205,424.44444444444446
2.736369094799274,43.0,7.848607038123167,board,6.172839506172833,7.982372101935239,3.9546858908341913,467.4408242322836,E10+,30.725190839694655,0.2234042553191489,3.807947019867549,828.8888888888888
4.234479129341301,48.0,10.68401759530792,board,6.399176954732513,8.401417896148688,9.361483007209065,362.6840291354836,AO,7.061068702290077,0.2234042553191489,5.739514348785872,966.6666666666666
2.5475600281803237,48.0,10.68401759530792,board,6.399176954732513,8.713546656447598,8.959835221421216,362.6840291354836,AO,7.061068702290077,0.2234042553191489,3.1732891832229577,1000.0
15.621464028050843,10.0,45.188782991202345,board,21.399176954732507,5.018011113240085,5.993820803295573,256.0539788485846,AO,17.17557251908397,0.6382978723404257,25.220750551876375,391.11111111111114
26.103738815877914,10.0,45.188782991202345,board,21.399176954732507,5.76815481893083,15.324407826982492,293.2917458556502,AO,17.17557251908397,0.6382978723404257,25.49668874172185,431.11111111111103
28.60995440254612,10.0,45.188782991202345,board,21.399176954732507,4.831768538034107,21.5653964984552,293.2917458556502,AO,17.17557251908397,0.6382978723404257,45.060706401766,388.8888888888889
15.55965153600297,10.0,45.188782991202345,card,21.399176954732507,5.316344127227438,17.363542739443872,282.77059898698724,AO,17.17557251908397,0.6382978723404257,35.67880794701986,431.11111111111103
49.25757447351845,10.0,45.188782991202345,card,21.399176954732507,4.0747269591875845,30.0,249.65217470378016,AO,17.17557251908397,0.6382978723404257,58.940397350993365,333.3333333333333
19.896640750779927,10.0,45.188782991202345,card,21.399176954732507,5.136999425177238,27.55921730175077,249.8431376115087,AO,17.17557251908397,0.6382978723404257,42.88079470198675,371.1111111111111
42.52226056728412,10.0,45.188782991202345,card,21.399176954732507,4.178195056524238,26.477857878475795,230.555883930926,AO,17.17557251908397,0.6382978723404257,61.396247240618095,317.77777777777777
24.698909451153582,10.0,45.188782991202345,card,21.399176954732507,4.873155776968769,15.726055612770338,229.42829342814795,AO,17.17557251908397,0.6382978723404257,39.45916114790287,386.6666666666667
16.082248059680424,10.0,45.188782991202345,board,21.399176954732507,5.852653765089099,9.083419155509784,256.0539788485846,AO,17.17557251908397,0.6382978723404257,21.10927152317881,513.3333333333334
32.831185677669794,10.0,45.188782991202345,board,21.399176954732507,4.191990802835793,2.1318228630278067,223.50844328856314,AO,17.17557251908397,0.6382978723404257,76.76600441501104,415.55555555555554
22.544463137412343,10.0,45.188782991202345,board,21.399176954732507,5.519831385322861,12.203913491246139,256.0539788485846,AO,17.17557251908397,0.6382978723404257,21.357615894039732,444.4444444444444
5.414535795709739,10.0,59.58394428152493,card,33.95061728395062,5.012837708373252,16.40576725025747,180.27807836753993,M,16.984732824427482,0.40425531914893603,32.5055187637969,406.6666666666667
8.171372941044766,10.0,59.58394428152493,board,33.95061728395062,6.313086798237211,25.39649845520082,208.37690621902536,M,16.984732824427482,0.40425531914893603,21.964679911699776,526.6666666666666
12.729763263702276,10.0,59.58394428152493,card,33.95061728395062,5.121479210576739,28.084449021627186,160.01782320472134,M,16.984732824427482,0.40425531914893603,44.67439293598234,366.66666666666663
13.129858666775768,10.0,59.58394428152493,card,33.95061728395062,5.84920482851121,27.6519052523172,203.12087952059218,M,16.984732824427482,0.40425531914893603,24.199779249448124,400.0
40.53414605032625,10.0,26.03885630498534,card,25.102880658436217,6.845947499520981,26.446961894953656,157.50802498886048,,22.900763358778626,0.5106382978723403,22.019867549668874,482.22222222222223
46.11075669653595,10.0,26.03885630498534,card,25.102880658436217,5.488790956121862,27.312049433573634,174.44916294592113,,22.900763358778626,0.5106382978723403,54.44260485651215,371.1111111111111
70.36935016659571,10.0,26.03885630498534,card,25.102880658436217,6.721785782716996,23.110195674562306,194.82763324209552,,22.900763358778626,0.5106382978723403,22.626931567328914,500.0
69.3736071128791,10.0,26.03885630498534,board,25.102880658436217,6.27169955930255,24.06797116374871,194.82763324209552,,22.900763358778626,0.5106382978723403,16.197571743929355,557.7777777777778
35.72850575947725,10.0,26.03885630498534,board,24.485596707818928,9.113623299482661,23.29557157569516,160.4815902663478,,22.900763358778626,0.5106382978723403,6.650110375275937,884.4444444444443
59.50945724553073,10.0,26.03885630498534,board,24.485596707818928,9.905154244108067,24.747682801235836,160.4815902663478,,22.900763358778626,0.5106382978723403,8.002207505518763,1000.0
43.237037748055855,10.0,26.03885630498534,board,24.485596707818928,8.72389346618126,25.829042224510815,189.69891514881468,,22.900763358778626,0.5106382978723403,3.8631346578366443,724.4444444444445
46.63560094719696,10.0,26.03885630498534,board,24.485596707818928,7.211534776777161,23.789907312049436,189.69891514881468,,22.900763358778626,0.5106382978723403,12.775938189845476,591.1111111111111
33.80220373456725,10.0,26.03885630498534,board,24.485596707818928,8.113431691895,4.3563336766220395,204.19390919259067,,22.900763358778626,0.5106382978723403,6.043046357615894,926.6666666666667
49.939759613028585,10.0,26.03885630498534,board,24.485596707818928,6.157884652232228,5.715756951596293,204.19390919259067,,22.900763358778626,0.5106382978723403,5.601545253863134,588.8888888888889
60.641187781752656,10.0,26.03885630498534,board,24.485596707818928,5.173213259245066,20.14418125643666,231.1469595977048,,22.900763358778626,0.5106382978723403,27.373068432671083,428.8888888888889
52.32010248861749,10.0,26.03885630498534,board,24.485596707818928,7.6409273807242775,22.863027806385173,231.1469595977048,,22.900763358778626,0.5106382978723403,9.713024282560706,593.3333333333333
64.94446109177622,10.0,26.03885630498534,board,25.102880658436217,9.2360605479977,21.75077239958805,246.32396402622558,,22.900763358778626,0.5106382978723403,2.0419426048565126,815.5555555555555
37.542421435209306,10.0,26.03885630498534,board,25.102880658436217,9.080858401992721,20.854788877445934,229.36463912557176,,22.900763358778626,0.5106382978723403,6.125827814569536,962.2222222222222
50.628687933489395,10.0,26.03885630498534,card,25.102880658436217,6.457942134508528,19.64984552008239,229.36463912557176,,22.900763358778626,0.5106382978723403,17.439293598233995,533.3333333333334
37.427787359047805,10.0,26.03885630498534,board,25.102880658436217,5.354282429584212,18.105046343975285,229.36463912557176,,22.900763358778626,0.5106382978723403,25.248344370860927,422.22222222222223
58.79580392825078,10.0,26.03885630498534,card,25.102880658436217,6.294117647058824,22.7394438722966,274.47735270849057,,22.900763358778626,0.5106382978723403,21.550772626931565,446.6666666666667
57.81242337294374,10.0,26.03885630498534,board,25.102880658436217,7.547806093121288,21.225540679711635,274.47735270849057,,22.900763358778626,0.5106382978723403,8.27814569536424,588.8888888888889
9.554848899425288,22.0,20.49890029325513,board,8.8477366255144,6.035447403717188,4.819773429454171,460.1569533232093,,21.564885496183205,0.4255319148936172,12.775938189845476,415.55555555555554
10.687703299138988,22.0,20.49890029325513,board,8.8477366255144,6.251005939835218,12.142121524201857,460.1569533232093,,21.564885496183205,0.4255319148936172,15.56291390728477,406.6666666666667
13.021967771564938,22.0,20.49890029325513,board,8.8477366255144,6.752826211917993,15.88053553038105,473.4516090898344,,21.564885496183205,0.4255319148936172,26.6280353200883,377.77777777777777
12.216157647959061,22.0,20.49890029325513,board,8.8477366255144,5.36980264418471,19.2173017507724,473.4516090898344,,21.564885496183205,0.4255319148936172,29.44260485651214,335.5555555555556
11.854273603606073,22.0,20.49890029325513,board,8.8477366255144,5.823337804177045,15.447991761071062,537.0513508352353,,21.564885496183205,0.4255319148936172,26.186534216335538,382.2222222222222
14.626844837826011,22.0,20.49890029325513,board,8.8477366255144,5.8836941942900935,1.513903192584964,537.0513508352353,,21.564885496183205,0.4255319148936172,9.547461368653423,415.55555555555554
23.4502971117866,18.8,24.555718475073316,board,9.465020576131684,4.504119563134701,22.7394438722966,620.6567305331503,,27.29007633587786,0.6914893617021278,29.718543046357617,280.0
21.792598461411885,18.8,24.555718475073316,board,9.465020576131684,4.524813182602032,20.792996910401648,620.6567305331503,,27.29007633587786,0.6914893617021278,46.1644591611479,300.0
38.481971314336946,18.8,24.555718475073316,board,9.465020576131684,5.392220731940984,9.88671472708548,629.8047631605272,,27.29007633587786,0.6914893617021278,20.50220750551876,428.8888888888889
22.381502931104325,18.8,24.555718475073316,board,9.465020576131684,5.595707990036406,23.57363542739444,629.8047631605272,,27.29007633587786,0.6914893617021278,23.23399558498896,344.44444444444446
18.764910214558007,18.8,24.555718475073316,board,9.465020576131684,5.952672925847864,14.273944387229662,608.9807127463195,,27.29007633587786,0.6914893617021278,21.49558498896247,433.33333333333337
21.725166651905116,18.8,24.555718475073316,board,9.465020576131684,6.444146388196973,4.51081359423275,608.9807127463195,,27.29007633587786,0.6914893617021278,13.327814569536422,471.1111111111111
16.057523062861275,18.8,24.555718475073316,board,9.465020576131684,6.045794213450853,3.120494335736354,569.8969709645445,,27.29007633587786,0.6914893617021278,11.506622516556291,431.11111111111103
24.35051176870195,18.8,24.555718475073316,board,9.465020576131684,5.961295267292584,1.8537590113285274,569.8969709645445,,27.29007633587786,0.6914893617021278,5.132450331125827,440.0
9.52900003911436,18.8,24.555718475073316,board,9.465020576131684,6.856294309254647,1.2049433573635429,707.2083950931627,,27.29007633587786,0.6914893617021278,4.966887417218542,546.6666666666667
41.753537938906966,18.8,24.555718475073316,board,9.465020576131684,9.101552021460051,1.6992790937178168,707.2083950931627,,27.29007633587786,0.6914893617021278,4.99448123620309,840.0
5.70561644008062,42.0,14.871700879765399,board,1.440329218106997,5.392220731940984,8.990731204943359,735.7255226472915,E,24.427480916030532,0.40425531914893603,13.35540838852097,375.55555555555554
4.27718594202892,42.0,14.871700879765399,board,1.440329218106997,4.992144088905921,5.005149330587025,735.7255226472915,E,24.427480916030532,0.40425531914893603,20.75055187637969,353.33333333333326
2.018220323552195,46.0,15.351539589442817,board,1.8518518518518534,7.713355048859935,9.670442842430486,473.4516090898344,T,10.877862595419847,0.3510638297872341,3.807947019867549,866.6666666666667
69.01846624947679,18.0,16.311217008797655,board,53.90946502057613,9.86894041004024,25.952626158599383,61.05356964235376,M,14.694656488549619,0.042553191489361736,9.354304635761588,1000.0
74.85918481625467,18.0,16.311217008797655,board,53.90946502057613,7.5046943858976825,30.0,69.56505924396876,M,14.694656488549619,0.042553191489361736,16.721854304635762,688.8888888888889
74.08821446089395,18.0,16.311217008797655,board,53.90946502057613,6.657980456026059,30.0,80.12257999981813,M,14.694656488549619,0.042553191489361736,14.266004415011036,557.7777777777778
60.99070932769607,18.0,16.311217008797655,board,53.90946502057613,7.2805135083349315,24.376930998970135,89.34336040156771,M,14.694656488549619,0.042553191489361736,21.688741721854303,639.9999999999999
60.317515096120175,18.0,16.311217008797655,board,53.90946502057613,7.827169955930255,26.72502574665294,91.86225208922517,M,14.694656488549619,0.042553191489361736,15.259381898454743,846.6666666666666
58.74635393461248,18.0,16.311217008797655,board,53.90946502057613,9.3412531136233,27.37384140061792,105.38424465076523,M,14.694656488549619,0.042553191489361736,11.534216335540838,973.3333333333333
93.03767679578752,18.0,16.311217008797655,board,53.90946502057613,7.494347576164017,28.300720906282184,86.31523429330086,M,14.694656488549619,0.042553191489361736,26.269315673289178,577.7777777777777
62.11007736550841,18.0,16.311217008797655,board,53.90946502057613,7.285686913201765,27.404737384140063,72.79324173176077,M,14.694656488549619,0.042553191489361736,17.57726269315673,700.0
85.88540953410299,18.0,16.311217008797655,board,53.90946502057613,4.4472121095995405,18.506694129763133,77.9219598250416,M,14.694656488549619,0.042553191489361736,24.061810154525382,395.55555555555554
88.59167282230794,18.0,16.311217008797655,board,53.90946502057613,6.95458900172447,25.24201853759011,91.23480253525992,M,14.694656488549619,0.042553191489361736,36.03752759381898,571.1111111111111
65.28723945676896,18.0,16.311217008797655,board,39.094650205761305,9.167081816439934,19.804325437693098,117.48765561203614,M,14.694656488549619,0.042553191489361736,15.756070640176603,1000.0
61.03454000387547,18.0,16.311217008797655,board,39.094650205761305,7.7409465414830425,15.355303810504635,158.44465258391,M,14.694656488549619,0.042553191489361736,3.945916114790287,855.5555555555555
10.477540826176227,18.0,29.35410557184751,card,16.255144032921816,5.068020693619467,18.105046343975285,253.51690021733398,T,6.870229007633588,0.6382978723404257,32.89183222958057,348.88888888888886
33.91121849326985,18.0,29.35410557184751,board,16.255144032921816,4.957654723127036,12.111225540679712,300.0300084569288,T,6.870229007633588,0.6382978723404257,31.098233995584984,357.7777777777778
18.508669338432288,18.0,29.35410557184751,board,16.255144032921816,5.619850546081626,4.140061791967044,300.0300084569288,T,6.870229007633588,0.6382978723404257,13.410596026490062,448.8888888888889
13.169193888988046,18.0,29.35410557184751,board,16.255144032921816,6.13374209618701,17.239958805355307,253.51690021733398,T,6.870229007633588,0.6382978723404257,16.556291390728475,431.11111111111103
25.22600142879815,18.0,29.35410557184751,card,16.255144032921816,8.12205403333972,15.108135942327497,294.34658858405555,T,6.870229007633588,0.6382978723404257,13.383002207505518,671.1111111111112
6.632803820798679,26.0,26.954912023460412,card,12.757201646090536,6.513125119754743,9.268795056642636,268.07554856368614,AO,12.786259541984732,0.5319148936170215,4.966887417218542,608.8888888888888
11.08330324824536,26.0,26.954912023460412,board,12.757201646090536,6.67867407549339,12.327497425334707,285.325864561831,AO,12.786259541984732,0.5319148936170215,3.449227373068432,600.0
12.055445168634598,26.0,26.954912023460412,card,12.757201646090536,7.3908794788273635,14.243048403707519,332.60282443234007,AO,12.786259541984732,0.5319148936170215,11.920529801324504,626.6666666666667
7.175629887328161,26.0,26.954912023460412,card,12.757201646090536,6.630388963402951,7.631307929969106,339.47748911056755,AO,12.786259541984732,0.5319148936170215,6.705298013245033,624.4444444444445
9.25590121061195,26.0,26.954912023460412,board,12.757201646090536,6.037171872006132,9.0216271884655,273.7771553801526,AO,12.786259541984732,0.5319148936170215,15.066225165562916,535.5555555555555
23.933558413251767,18.0,13.51942815249267,board,11.913580246913583,6.606246407357732,9.052523171987644,270.1761405487001,M,5.534351145038168,0.24468085106382986,8.609271523178807,668.8888888888889
4.310901846782304,18.0,13.51942815249267,board,11.913580246913583,8.34451044261353,19.031925849639546,324.19136302048764,M,5.534351145038168,0.24468085106382986,5.601545253863134,897.7777777777778
4.453632510238297,18.0,13.51942815249267,board,11.913580246913583,6.875263460433034,10.59732234809475,374.20545790177226,M,5.534351145038168,0.24468085106382986,7.891832229580572,675.5555555555555
7.1778776143117184,18.0,13.51942815249267,card,11.913580246913583,8.042728492048285,14.459320288362514,371.2227991524884,M,5.534351145038168,0.24468085106382986,3.5320088300220744,911.1111111111111
1.976637374356355,46.0,4.271627565982405,card,3.292181069958851,8.522130676374786,6.766220391349125,432.4309578153843,E,2.099236641221374,0.10638297872340426,3.945916114790287,1000.0
1.3079385967475734,46.0,11.949046920821116,board,3.086419753086423,7.082199655106343,5.530381050463441,561.7674071783866,E,18.702290076335878,0.28723404255319157,16.887417218543042,604.4444444444446
1.5214726601856716,32.0,8.808284457478006,board,0.8230452674897127,5.987162291626749,8.959835221421216,561.7674071783866,E,21.564885496183205,0.28723404255319157,17.93598233995585,377.77777777777777
2.4981100345420275,42.0,6.670821114369502,board,0.0,5.602605863192183,8.836251287332647,723.8039811219526,E,10.305343511450381,0.5957446808510638,30.905077262693155,335.5555555555556
4.640193849873688,31.0,22.200146627565985,board,4.115226337448563,5.566392029124353,8.774459320288363,562.6676608862498,,20.229007633587788,0.4255319148936172,14.928256070640176,404.44444444444446
5.448251700463124,31.0,22.200146627565985,board,4.115226337448563,5.749185667752444,13.192584963954687,562.6676608862498,,20.229007633587788,0.4255319148936172,16.197571743929355,384.44444444444446
5.11895969737174,31.0,22.200146627565985,board,4.115226337448563,6.180302739988504,6.179196704428424,562.6676608862498,,20.229007633587788,0.4255319148936172,21.46799116997792,440.0
4.2254882214070655,42.0,20.586143695014666,board,5.349794238683121,6.690745353515999,7.723995880535531,362.56581400212787,AO,11.068702290076336,0.702127659574468,4.415011037527594,522.2222222222223
9.152505769368238,42.0,20.586143695014666,board,5.349794238683121,7.185667752442997,7.662203913491246,362.56581400212787,AO,11.068702290076336,0.702127659574468,5.049668874172186,717.7777777777777
4.352484795978144,42.0,20.586143695014666,board,5.349794238683121,6.2923931787698795,6.333676622039135,362.56581400212787,AO,11.068702290076336,0.702127659574468,8.195364238410596,508.88888888888886
9.578450032752656,10.0,59.71480938416423,board,10.699588477366254,5.4249856294309255,4.7888774459320285,397.66661513699313,AO,19.46564885496183,0.3617021276595745,18.90176600441501,420.0
9.50427504229521,10.0,59.71480938416423,board,10.699588477366254,5.221498371335506,12.173017507723996,397.66661513699313,AO,19.46564885496183,0.3617021276595745,23.923841059602648,371.1111111111111
14.823520948887419,10.0,59.71480938416423,board,10.699588477366254,6.375167656639204,8.712667353244079,439.28743555001864,AO,19.46564885496183,0.3617021276595745,12.527593818984545,524.4444444444445
6.327112951034665,10.0,59.71480938416423,board,10.699588477366254,6.1527112473653975,14.860968074150362,439.28743555001864,AO,19.46564885496183,0.3617021276595745,15.618101545253863,491.11111111111114
16.139565097761174,10.0,59.71480938416423,board,10.699588477366254,4.843839816056716,17.02368692070031,471.9875601305823,AO,19.46564885496183,0.3617021276595745,38.934878587196465,340.0
7.556619611041398,38.0,8.764662756598241,board,3.086419753086423,5.800919716420771,5.314109165808446,609.0989278796751,M,32.63358778625955,0.23404255319148948,8.940397350993376,388.8888888888889
6.539523150980983,38.0,8.764662756598241,board,3.086419753086423,7.001149645525964,2.1936148300720903,609.0989278796751,M,32.63358778625955,0.23404255319148948,8.305739514348787,533.3333333333334
5.253823316385275,38.0,8.764662756598241,board,3.086419753086423,6.707990036405443,13.748712667353246,609.0989278796751,M,32.63358778625955,0.23404255319148948,11.975717439293597,440.0
4.2648234436193455,23.6,25.559017595307918,board,9.87654320987654,6.223414447212109,11.585993820803298,396.6663332393675,,27.099236641221374,0.37234042553191504,21.440397350993376,377.77777777777777
10.703437388023902,23.6,25.559017595307918,board,9.87654320987654,6.059589959762407,4.7888774459320285,396.6663332393675,,27.099236641221374,0.37234042553191504,19.150110375275936,475.5555555555555
11.52835319099003,23.6,25.559017595307918,board,9.87654320987654,6.899406016478253,4.572605561277034,396.6663332393675,,27.099236641221374,0.37234042553191504,8.636865342163356,624.4444444444445
6.487825430359129,23.200000000000003,8.502932551319649,board,17.901234567901227,7.337420961870091,11.802265705458291,263.01957824477813,,6.679389312977099,0.6170212765957446,14.348785871964678,691.1111111111111
6.447366344655067,23.200000000000003,8.502932551319649,board,17.901234567901227,6.2682506227246595,17.054582904222453,203.7301421309642,,6.679389312977099,0.6170212765957446,19.86754966887417,520.0
8.722066052016704,23.200000000000003,8.502932551319649,board,17.901234567901227,7.654723127035831,21.318228630278067,179.10502050577892,,6.679389312977099,0.6170212765957446,13.079470198675496,631.1111111111111
5.832613014651701,23.200000000000003,8.502932551319649,board,17.901234567901227,6.670051734048669,20.82389289392379,186.6980694559376,,6.679389312977099,0.6170212765957446,16.00441501103753,515.5555555555555
55.69394069093944,10.0,42.178885630498534,board,32.71604938271606,6.301015520214602,24.59320288362513,198.9560694377506,AO,22.328244274809162,0.6170212765957446,7.753863134657836,395.55555555555554
39.557508675969885,10.0,42.178885630498534,board,32.71604938271606,5.157693044644569,22.801235839340887,179.40510507506661,AO,22.328244274809162,0.6170212765957446,22.737306843267106,340.0
296.4816938046898,10.0,42.178885630498534,board,32.71604938271606,3.43494922398927,10.7826982492276,126.38107102910823,AO,22.328244274809162,0.6170212765957446,30.104856512141282,246.6666666666667
89.12101252693607,10.0,42.178885630498534,board,32.71604938271606,5.416363287986204,15.41709577754892,137.37507843119423,AO,22.328244274809162,0.6170212765957446,11.72737306843267,380.0
29.700101989572197,10.0,42.178885630498534,board,32.71604938271606,5.245640927380725,27.033985581874358,154.98913330120305,AO,22.328244274809162,0.6170212765957446,27.566225165562912,319.99999999999994
30.564353014750612,10.0,42.178885630498534,board,32.71604938271606,5.664686721594176,24.685890834191554,193.98194036501195,AO,22.328244274809162,0.6170212765957446,17.02538631346578,368.8888888888889
41.78275838969323,10.0,42.178885630498534,board,32.71604938271606,6.183751676566393,26.076210092687948,224.85427711445953,AO,22.328244274809162,0.6170212765957446,20.83333333333333,417.7777777777778
28.786400970755498,10.0,42.178885630498534,board,32.71604938271606,4.697260011496455,23.110195674562306,256.0176049613982,AO,22.328244274809162,0.6170212765957446,26.959161147902865,248.88888888888889
36.05892162606041,10.0,42.178885630498534,board,32.71604938271606,5.057673883885802,24.809474768280126,260.8917058443743,AO,22.328244274809162,0.6170212765957446,45.80573951434877,284.44444444444446
27.849098818611424,10.0,42.178885630498534,board,32.71604938271606,4.8300440697451625,21.256436663233778,263.901645009048,AO,22.328244274809162,0.6170212765957446,39.21081677704194,328.8888888888889
45.47127836971343,10.0,42.178885630498534,board,32.71604938271606,5.864725043111708,19.866117404737384,218.50703380043467,AO,22.328244274809162,0.6170212765957446,23.813465783664455,402.2222222222223
53.726055716833606,10.0,42.178885630498534,board,32.71604938271606,5.400843073385707,17.270854788877447,261.19179041366203,AO,22.328244274809162,0.6170212765957446,30.353200883002206,355.55555555555554
19.125670395419213,10.0,31.186217008797655,board,22.22222222222222,5.940601647825255,15.262615859938208,310.16013603833807,M,19.083969465648856,0.74468085106383,15.093818984547463,417.7777777777778
20.697955420418687,10.0,31.186217008797655,board,22.22222222222222,5.854378233378043,15.88053553038105,310.16013603833807,M,19.083969465648856,0.74468085106383,14.183222958057396,402.2222222222223
39.75306092353952,10.0,31.186217008797655,board,22.22222222222222,5.276681356581721,14.521112255406798,326.5920395747893,M,19.083969465648856,0.74468085106383,16.473509933774835,342.22222222222223
32.19845053179795,10.0,31.186217008797655,board,22.22222222222222,4.702433416363289,22.059732234809474,326.5920395747893,M,19.083969465648856,0.74468085106383,27.62141280353201,300.0
38.623578114301154,10.0,31.186217008797655,board,22.22222222222222,5.921632496646867,11.49330587023687,326.5920395747893,M,19.083969465648856,0.74468085106383,12.113686534216336,444.4444444444444
21.852163226476197,10.0,31.186217008797655,board,22.22222222222222,5.949223989269976,3.64572605561277,389.77348161754674,M,19.083969465648856,0.74468085106383,9.2439293598234,435.5555555555556
34.395603658226804,10.0,31.186217008797655,board,22.22222222222222,5.744012262885612,8.032955715756952,389.77348161754674,M,19.083969465648856,0.74468085106383,12.196467991169976,400.0
27.378200015555826,10.0,31.186217008797655,board,22.22222222222222,5.34910902471738,12.605561277033988,389.77348161754674,M,19.083969465648856,0.74468085106383,30.518763796909486,382.2222222222222
7.7263229983001,10.0,13.126832844574782,board,15.432098765432102,4.9783483425943675,7.075180226570547,371.46832289099655,AO,46.37404580152672,0.4574468085106382,22.737306843267106,317.77777777777777
7.8465763919205,10.0,13.126832844574782,board,15.432098765432102,5.780226096953441,4.418125643666324,371.46832289099655,AO,46.37404580152672,0.4574468085106382,15.480132450331125,391.11111111111114
5.396553979841268,10.0,13.126832844574782,board,15.432098765432102,5.454301590342978,9.052523171987644,431.3943020305722,AO,46.37404580152672,0.4574468085106382,20.30905077262693,328.8888888888889
5.93488459240363,24.0,25.428152492668623,board,10.88477366255144,4.698984479785401,7.878475798146242,501.15032418226957,E,22.328244274809162,0.4574468085106382,29.52538631346578,268.8888888888889
4.1850291357030045,24.0,25.428152492668623,board,10.88477366255144,5.259436673692278,6.302780638516994,501.15032418226957,E,22.328244274809162,0.4574468085106382,16.832229580573948,319.99999999999994
6.0023164019104,10.0,21.633064516129036,board,26.74897119341564,5.750910136041387,10.875386199794027,484.5729250970728,M,7.061068702290077,0.8085106382978723,10.899558498896246,382.2222222222222
4.490720005467018,10.0,21.633064516129036,board,26.74897119341564,5.740563326307721,10.998970133882597,484.5729250970728,M,7.061068702290077,0.8085106382978723,13.852097130242825,348.88888888888886
4.7413415641338394,10.0,21.633064516129036,board,26.74897119341564,5.269783483425944,9.763130792996911,441.5517100273713,M,7.061068702290077,0.8085106382978723,17.328918322295802,357.7777777777778
4.141198459523606,10.0,21.633064516129036,board,26.74897119341564,4.980072810883311,13.40885684860968,372.96874573743503,M,7.061068702290077,0.8085106382978723,22.2682119205298,322.22222222222223
3.7073871516967314,10.0,21.633064516129036,board,26.74897119341564,5.024908986395861,17.518022657054583,407.8785839645718,M,7.061068702290077,0.8085106382978723,24.365342163355407,300.0
4.00521097701829,10.0,21.633064516129036,board,26.74897119341564,5.307721785782718,10.628218331616889,334.8761923814893,M,7.061068702290077,0.8085106382978723,18.708609271523176,346.6666666666667
6.467595887507097,10.0,21.633064516129036,board,26.74897119341564,5.180111132400844,13.130792996910403,334.8761923814893,M,7.061068702290077,0.8085106382978723,22.102649006622517,311.11111111111114
7.202602611130868,10.0,21.633064516129036,board,26.74897119341564,5.150795171488792,17.17816683831102,334.8761923814893,M,7.061068702290077,0.8085106382978723,20.860927152317878,304.4444444444444
1.7518646760004621,24.0,5.623900293255133,board,11.728395061728394,7.346043303314811,14.335736354273944,537.2695941583537,E,18.51145038167939,0.30851063829787234,10.375275938189846,615.5555555555557
3.097129275660482,10.0,7.237903225806452,board,27.366255144032927,6.137191032764898,17.548918640576726,467.1589266065891,E,44.847328244274806,0.3510638297872341,19.09492273730684,255.55555555555554
3.147703132790558,32.0,15.482404692082111,board,20.370370370370367,6.4062080858402,16.529351184346034,418.5270394383872,M,34.9236641221374,0.5319148936170215,15.038631346578363,420.0
3.716378059630967,32.0,15.482404692082111,board,20.370370370370367,6.7131634412722745,7.785787847579815,485.2094681228346,M,34.9236641221374,0.5319148936170215,7.9470198675496695,582.2222222222222
3.788305323104853,10.0,18.1433284457478,board,11.728395061728394,5.230120712780227,14.08856848609681,625.9945984777529,T,31.48854961832061,0.6595744680851064,24.282560706401764,277.77777777777777
7.214965109540442,10.0,18.1433284457478,board,11.728395061728394,5.0300823912626935,15.262615859938208,625.9945984777529,T,31.48854961832061,0.6595744680851064,30.187637969094922,271.1111111111111
2.3913430028229783,44.0,17.096407624633432,board,9.053497942386828,6.095803793830236,7.662203913491246,673.4352408406005,AO,31.297709923664126,0.5638297872340424,12.775938189845476,402.2222222222223
1.976637374356355,42.0,7.761363636363636,board,10.288065843621396,6.301015520214602,8.280123583934088,656.03942929371,AO,17.748091603053435,0.46808510638297873,11.754966887417218,433.33333333333337
3.547798535864047,26.0,4.446114369501467,board,9.053497942386828,6.825253880053651,9.763130792996911,696.7872764142622,E,28.24427480916031,0.7553191489361701,11.479028697571744,480.00000000000006
7.270034420637635,26.0,4.446114369501467,board,9.053497942386828,6.050967618317686,12.821833161688982,696.7872764142622,E,28.24427480916031,0.7553191489361701,11.72737306843267,397.7777777777777
9.224433032842125,34.0,6.3654692082111435,board,5.349794238683121,6.2044452960337235,10.1956745623069,871.2182524165901,AO,42.74809160305343,0.6063829787234043,10.375275938189846,424.44444444444446
8.430985407645823,34.0,6.3654692082111435,board,5.349794238683121,5.005939835217475,4.819773429454171,871.2182524165901,AO,42.74809160305343,0.6063829787234043,16.721854304635762,302.2222222222223
2.210400980646484,46.0,7.804985337243402,board,5.144032921810693,6.461391071086415,10.257466529351186,1000.0,M,0.0,0.46808510638297873,7.643487858719647,557.7777777777778
5.123455151338858,42.0,7.3251466275659824,board,5.761316872427978,4.624832343360798,5.8702368692070035,859.8877865580299,AO,28.053435114503817,1.0,17.439293598233995,293.3333333333333
12.268979232072697,42.0,7.3251466275659824,board,5.761316872427978,5.095612186242576,5.128733264675593,859.8877865580299,AO,28.053435114503817,1.0,10.596026490066226,346.6666666666667
1009.8517974847217,10.0,77.94868035190616,card,79.21810699588477,5.571565433991186,29.196704428424308,90.26180105302403,,91.41221374045801,0.8085106382978723,43.79139072847682,284.44444444444446
432.94344670353604,10.0,77.94868035190616,card,79.21810699588477,5.887143130867982,27.21936148300721,125.0897980339914,,91.41221374045801,0.8085106382978723,31.843267108167765,371.1111111111111
584.8976578365622,10.0,77.94868035190616,card,79.21810699588477,5.4249856294309255,24.87126673532441,144.86809919159037,,91.41221374045801,0.8085106382978723,26.90397350993377,393.3333333333333
479.2027918886707,10.0,77.94868035190616,board,79.21810699588477,5.399118605096763,24.222451081359424,125.4444434340587,,91.41221374045801,0.8085106382978723,30.187637969094922,391.11111111111114
510.73952533149424,10.0,77.94868035190616,board,79.21810699588477,5.892316535734816,26.292481977342945,126.27194936754907,,91.41221374045801,0.8085106382978723,16.721854304635762,444.4444444444444
431.49815825310765,10.0,77.94868035190616,board,79.21810699588477,5.638819697260013,27.250257466529348,106.02078767652704,,91.41221374045801,0.8085106382978723,34.381898454746135,331.1111111111111
413.67143554650175,10.0,77.94868035190616,board,79.21810699588477,4.10576738838858,28.8259526261586,88.57041529885697,,91.41221374045801,0.8085106382978723,23.34437086092715,351.11111111111114
474.82871517866494,10.0,77.94868035190616,card,79.21810699588477,4.866257903812992,26.601441812564364,70.48349989542508,,91.41221374045801,0.8085106382978723,35.62362030905077,262.22222222222223
390.75136349515134,10.0,77.94868035190616,card,68.5185185185185,10.0,24.716786817713697,70.48349989542508,,91.41221374045801,0.8085106382978723,9.823399558498897,375.55555555555554
512.3073149025265,10.0,77.94868035190616,board,68.5185185185185,1.0,26.261585993820805,43.97602960834417,,91.41221374045801,0.8085106382978723,14.873068432671083,500.0
415.77643186660475,10.0,77.94868035190616,board,68.5185185185185,3.417704541099828,27.34294541709578,56.62504887741091,,91.41221374045801,0.8085106382978723,33.85761589403973,375.55555555555554
1520.0004091272237,10.0,77.94868035190616,board,50.617283950617285,1.5207894232611614,30.0,34.64612754503542,,91.41221374045801,0.8085106382978723,32.00883002207505,402.2222222222223
550.7827815435966,10.0,77.94868035190616,board,50.617283950617285,3.4297758191224372,30.0,18.450654275295772,,91.41221374045801,0.8085106382978723,4.221854304635761,1000.0
637.5180703851685,10.0,77.94868035190616,card,50.617283950617285,6.383789998083924,29.01132852729145,20.6512744500723,,91.41221374045801,0.8085106382978723,5.518763796909492,1000.0
735.157082823985,10.0,77.94868035190616,card,50.617283950617285,6.958037938302358,29.227600411946447,6.620047467922776,,91.41221374045801,0.8085106382978723,3.3940397350993377,1000.0
1037.874209788751,10.0,77.94868035190616,board,50.617283950617285,5.578463307146964,30.0,3.591921359655911,,91.41221374045801,0.8085106382978723,21.523178807947016,1000.0
929.4157635145737,10.0,77.94868035190616,card,58.23045267489712,4.9904196206169775,26.786817713697218,0.0,,91.41221374045801,0.8085106382978723,19.729580573951434,1000.0
1248.688523576743,10.0,77.94868035190616,board,58.23045267489712,3.3194098486300057,30.0,4.055688421282359,,91.41221374045801,0.8085106382978723,91.16997792494482,195.55555555555557
2079.2348826366856,10.0,77.94868035190616,board,58.23045267489712,1.9950182027208279,30.0,0.6729169129482011,,91.41221374045801,0.8085106382978723,100.0,195.55555555555557
2204.0848779384664,10.0,77.94868035190616,board,58.847736625514415,7.470205020118797,29.35118434603502,16.977511844247022,,91.41221374045801,0.8085106382978723,32.31236203090507,222.2222222222222
1718.4522245056414,10.0,77.94868035190616,board,58.847736625514415,6.325158076259821,27.929969104016475,19.578244778073827,,91.41221374045801,0.8085106382978723,59.35430463576158,197.77777777777777
1104.315895559261,10.0,77.94868035190616,board,58.847736625514415,6.575205978156735,29.62924819773429,20.769489583428072,,91.41221374045801,0.8085106382978723,53.83554083885209,184.44444444444446
2658.02458090311,10.0,77.94868035190616,board,58.847736625514415,5.861276106533819,28.8259526261586,23.32475515827189,,91.41221374045801,0.8085106382978723,60.59602649006622,180.0
2008.2629031308124,10.0,77.94868035190616,board,58.847736625514415,5.590534585169573,30.0,23.32475515827189,,91.41221374045801,0.8085106382978723,55.32560706401766,115.55555555555554
10000.0,10.0,77.94868035190616,board,58.847736625514415,6.875263460433034,27.49742533470649,26.089170584437444,,91.41221374045801,0.8085106382978723,42.715231788079464,120.00000000000001
1784.3555796635894,10.0,77.94868035190616,board,58.847736625514415,6.145813374209619,29.72193614830072,35.428166119542794,,91.41221374045801,0.8085106382978723,53.39403973509933,131.11111111111111
1032.7853558979737,10.0,77.94868035190616,board,64.81481481481481,4.405824870664878,30.0,40.99337085906029,,91.41221374045801,0.8085106382978723,60.347682119205295,140.0
898.5353663509493,10.0,77.94868035190616,board,64.81481481481481,4.37823337804177,30.0,36.69215869926979,,91.41221374045801,0.8085106382978723,62.996688741721854,162.22222222222223
2257.5583028773335,10.0,77.94868035190616,board,64.81481481481481,2.3916459091780045,27.281153450051495,28.1806690976548,,91.41221374045801,0.8085106382978723,79.74613686534215,84.44444444444446
1889.7065433829969,10.0,77.94868035190616,board,64.81481481481481,3.95918758382832,29.412976313079298,26.962143876910762,,91.41221374045801,0.8085106382978723,80.242825607064,48.88888888888889
2741.819842850187,10.0,77.94868035190616,board,64.81481481481481,2.881394903238169,30.0,30.699560785312237,,91.41221374045801,0.8085106382978723,73.2615894039735,122.22222222222221
2539.895289282171,10.0,77.94868035190616,board,64.81481481481481,3.481509867790765,26.755921730175075,35.35541834517,,91.41221374045801,0.8085106382978723,83.49889624724061,53.33333333333334
1611.2019314851273,10.0,77.94868035190616,board,64.81481481481481,3.2745736731174557,30.0,41.82087679255062,,91.41221374045801,0.8085106382978723,79.71854304635761,115.55555555555554
916.434016321029,10.0,77.94868035190616,board,64.81481481481481,4.154052500479018,29.660144181256438,54.42442870263438,,91.41221374045801,0.8085106382978723,52.75938189845475,144.44444444444443
782.7403392024357,10.0,77.94868035190616,board,64.81481481481481,4.71105575780801,29.073120494335736,72.46587674708329,,91.41221374045801,0.8085106382978723,42.43929359823399,224.44444444444446
595.1562837895252,10.0,77.94868035190616,board,64.81481481481481,5.293926039471164,24.59320288362513,94.40842419227238,,91.41221374045801,0.8085106382978723,46.992273730684325,404.44444444444446
1301.487630420542,10.0,77.94868035190616,board,64.81481481481481,3.5435907261927566,29.073120494335736,58.23459338540862,,91.41221374045801,0.8085106382978723,66.08719646799116,104.44444444444443
971.8427341927402,10.0,77.94868035190616,board,63.37448559670781,5.538800536501245,27.71369721936148,60.162409406287225,,91.41221374045801,0.8085106382978723,37.086092715231786,195.55555555555557
1501.748866020725,10.0,77.94868035190616,board,63.37448559670781,5.011113240084307,28.36251287332647,59.33490347279689,,91.41221374045801,0.8085106382978723,40.34216335540839,171.11111111111111
979.9334274700605,10.0,77.94868035190616,board,63.37448559670781,6.0182027208277455,29.62924819773429,54.20618537951606,,91.41221374045801,0.8085106382978723,42.466887417218544,180.0
660.2279799635562,10.0,77.94868035190616,board,63.37448559670781,5.904387813757426,28.764160659114314,49.75947767098002,,91.41221374045801,0.8085106382978723,48.675496688741724,166.66666666666666
862.5200368933846,10.0,77.94868035190616,board,63.37448559670781,4.7696876796321135,29.660144181256438,45.812910911256814,,91.41221374045801,0.8085106382978723,50.19315673289183,77.77777777777779
4310.508504675964,10.0,77.94868035190616,board,63.37448559670781,4.262694002682507,30.0,32.73649846775001,,91.41221374045801,0.8085106382978723,79.63576158940397,0.0
1114.774569213761,10.0,77.94868035190616,board,63.37448559670781,4.95075684997126,23.14109165808445,33.7185934217825,,91.41221374045801,0.8085106382978723,77.92494481236201,28.888888888888886
2815.1294584189613,10.0,77.94868035190616,board,63.37448559670781,5.183560068978733,30.0,41.75722248997445,,91.41221374045801,0.8085106382978723,69.09492273730685,13.333333333333325
1600.2442624402775,10.0,77.94868035190616,board,63.37448559670781,5.797470779842882,30.0,40.420482135874664,,91.41221374045801,0.8085106382978723,51.29690949227373,48.88888888888889
1078.7165329435084,10.0,77.94868035190616,board,63.37448559670781,5.902663345468481,30.0,46.32214533186626,,91.41221374045801,0.8085106382978723,51.26931567328917,157.77777777777777
2787.6622346798713,10.0,77.94868035190616,board,63.37448559670781,4.083349300632306,28.764160659114314,52.123780338095294,,91.41221374045801,0.8085106382978723,49.779249448123615,73.33333333333334
4667.604890553971,10.0,77.94868035190616,board,63.37448559670781,4.397202529220157,25.489186405767253,43.44860824414153,,91.41221374045801,0.8085106382978723,70.77814569536423,77.77777777777779
7633.660463518664,10.0,77.94868035190616,board,63.37448559670781,4.659321709139682,30.0,26.89848957433459,,91.41221374045801,0.8085106382978723,58.63686534216335,0.0
2328.507805113371,10.0,77.94868035190616,board,56.378600823045275,1.9950182027208279,30.0,4.410333821349652,,91.41221374045801,0.8085106382978723,59.63024282560706,153.33333333333334
1343.4302159337517,10.0,77.94868035190616,board,56.378600823045275,4.529986587468864,30.0,14.149442115505275,,91.41221374045801,0.8085106382978723,28.697571743929355,508.88888888888886
832.3858850883017,10.0,77.94868035190616,board,43.621399176954725,4.5455068020693625,29.35118434603502,29.562876810737585,,91.41221374045801,0.8085106382978723,68.07395143487858,271.1111111111111
1622.9575436091404,10.0,77.94868035190616,board,43.621399176954725,6.675225138915502,30.0,30.54497176477008,,91.41221374045801,0.8085106382978723,49.80684326710817,500.0
5747.255592566833,10.0,77.94868035190616,board,43.621399176954725,4.786932362521556,30.0,25.77089907155654,,91.41221374045801,0.8085106382978723,23.123620309050768,222.2222222222222
1579.3965946677683,10.0,77.94868035190616,board,43.621399176954725,6.338953822571375,30.0,36.182924278660366,,91.41221374045801,0.8085106382978723,53.78035320088299,271.1111111111111
2114.389332659547,10.0,77.94868035190616,board,43.621399176954725,2.8400076643035073,30.0,38.58360083296203,,91.41221374045801,0.8085106382978723,90.06622516556291,286.66666666666663
3220.810463046595,10.0,77.94868035190616,board,43.621399176954725,3.748802452577123,30.0,41.811783320754024,,91.41221374045801,0.8085106382978723,50.63465783664458,251.11111111111111
5141.526886402454,10.0,77.94868035190616,board,63.37448559670781,2.6520406208085845,30.0,48.06809191681292,,91.41221374045801,0.8085106382978723,97.26821192052981,44.44444444444444
2032.751888616687,10.0,77.94868035190616,board,60.493827160493844,5.954397394136809,30.0,64.11806963780703,,91.41221374045801,0.8085106382978723,75.38631346578366,48.88888888888889
1217.9059025369033,10.0,77.94868035190616,board,60.493827160493844,6.554512358689404,27.157569515962923,62.73586192472423,,91.41221374045801,0.8085106382978723,66.39072847682118,55.55555555555555
2915.6590477586346,10.0,77.94868035190616,board,60.493827160493844,4.005748227629815,26.632337796086507,47.09509043457702,,91.41221374045801,0.8085106382978723,68.73620309050771,120.00000000000001
8264.51875735923,10.0,77.94868035190616,board,60.493827160493844,5.131826020310405,30.0,61.199065191099315,,91.41221374045801,0.8085106382978723,52.124724061810156,84.44444444444446
1327.830990667853,10.0,77.94868035190616,board,68.5185185185185,6.6269400268250624,22.7394438722966,60.417026616591954,,91.41221374045801,0.8085106382978723,57.974613686534205,75.55555555555557
1246.3621261487594,10.0,77.94868035190616,board,68.5185185185185,5.91473462349109,30.0,66.31868981258356,,91.41221374045801,0.8085106382978723,36.67218543046357,260.0
789.5329701467508,10.0,77.94868035190616,board,68.5185185185185,5.216324966468673,28.54788877445932,67.74636488464931,,91.41221374045801,0.8085106382978723,38.5485651214128,204.44444444444443
1354.3429304389304,10.0,77.94868035190616,board,47.119341563786,4.598965319026633,26.168898043254377,74.71196428084278,,91.41221374045801,0.8085106382978723,34.1335540838852,351.11111111111114
792.660682244373,10.0,77.94868035190616,board,47.119341563786,5.383598390496264,25.39649845520082,81.1319553692404,,91.41221374045801,0.8085106382978723,59.49227373068432,186.66666666666669
988.4039866076024,10.0,77.94868035190616,board,40.94650205761316,4.455834451044263,20.916580844490213,84.92393310842147,,91.41221374045801,0.8085106382978723,42.57726269315673,148.88888888888889
1782.7709321401803,10.0,77.94868035190616,board,60.493827160493844,5.026633454684806,28.578784757981463,70.92908001345833,,91.41221374045801,0.8085106382978723,62.52759381898454,73.33333333333334
1376.7078139253417,10.0,77.94868035190616,board,40.94650205761316,4.924889825637095,17.548918640576726,78.93133519446391,,91.41221374045801,0.8085106382978723,38.52097130242825,115.55555555555554
4232.973162378099,10.0,77.94868035190616,board,60.493827160493844,5.554320751101744,23.419155509783728,66.68242868444744,,91.41221374045801,0.8085106382978723,35.2924944812362,131.11111111111111
828.252315165537,10.0,77.94868035190616,board,60.493827160493844,5.538800536501245,23.23377960865087,73.29338268057361,,91.41221374045801,0.8085106382978723,54.60816777041943,133.33333333333334
1049.853470747628,10.0,77.94868035190616,board,60.493827160493844,5.861276106533819,28.640576725025745,76.2578544862643,,91.41221374045801,0.8085106382978723,61.672185430463564,100.0
954.6892057177101,10.0,77.94868035190616,board,40.94650205761316,5.806093121287603,25.705458290422243,83.94183815438899,,91.41221374045801,0.8085106382978723,43.90176600441501,211.11111111111111
1131.1548796064465,10.0,77.94868035190616,board,40.94650205761316,6.642460241425561,28.2389289392379,87.17002064218099,,91.41221374045801,0.8085106382978723,49.55849889624724,202.22222222222223
724.5129716933416,10.0,77.94868035190616,board,40.94650205761316,5.93887717953631,22.21421215242018,97.37289599796307,,91.41221374045801,0.8085106382978723,28.42163355408388,246.6666666666667
627.5258000797575,10.0,77.94868035190616,board,67.48971193415638,5.957846330714697,26.261585993820805,107.86676245123624,,91.41221374045801,0.8085106382978723,39.983443708609265,206.66666666666669
1563.9659489256362,10.0,77.94868035190616,board,67.48971193415638,5.56466756083541,28.45520082389289,99.35527284962126,,91.41221374045801,0.8085106382978723,37.086092715231786,148.88888888888889
1254.5663296387493,10.0,77.94868035190616,board,73.04526748971193,6.290668710480936,28.331616889804323,90.48913784793895,,91.41221374045801,0.8085106382978723,59.437086092715234,186.66666666666669
1620.9907824985264,10.0,77.94868035190616,board,73.04526748971193,6.000958037938304,27.929969104016475,79.38600878429378,,91.41221374045801,0.8085106382978723,45.033112582781456,102.22222222222221
1705.999817016725,10.0,77.94868035190616,board,73.04526748971193,5.468097336654532,30.0,71.3473797161018,,91.41221374045801,0.8085106382978723,68.21192052980132,82.22222222222221
1537.5214409640655,10.0,77.94868035190616,board,73.04526748971193,5.093887717953631,26.261585993820805,62.835890114486816,,91.41221374045801,0.8085106382978723,89.10044150110377,75.55555555555557
1055.6683404540952,10.0,77.94868035190616,board,73.04526748971193,4.562751484958804,28.115345005149333,62.52671207340251,,91.41221374045801,0.8085106382978723,58.36092715231788,173.33333333333334
2478.532342631012,10.0,77.94868035190616,board,73.04526748971193,4.892124928147155,27.6519052523172,66.98251325373515,,91.41221374045801,0.8085106382978723,56.23620309050772,122.22222222222221
1093.154807222399,10.0,77.94868035190616,board,73.04526748971193,5.90611228204637,29.134912461380022,85.06942865716705,,91.41221374045801,0.8085106382978723,49.089403973509924,268.8888888888889
637.1123556646362,10.0,77.94868035190616,board,73.04526748971193,5.5836367120137975,30.0,79.58606516381889,,91.41221374045801,0.8085106382978723,41.00441501103752,297.77777777777777
1120.3927628091665,10.0,77.94868035190616,board,73.04526748971193,6.0423452768729655,30.0,77.18538860951722,,91.41221374045801,0.8085106382978723,47.24061810154526,231.11111111111111
1439.0934763540201,10.0,77.94868035190616,board,73.04526748971193,4.954205786549148,28.949536560247164,69.65599396193473,,91.41221374045801,0.8085106382978723,60.87196467991169,128.8888888888889
1199.6543594304048,10.0,77.94868035190616,board,73.04526748971193,5.997509101360414,28.39340885684861,78.04926843019396,,91.41221374045801,0.8085106382978723,61.396247240618095,151.11111111111114
706.9829489485656,10.0,77.94868035190616,board,73.04526748971193,5.794021843264995,28.887744593202886,85.69687821113224,,91.41221374045801,0.8085106382978723,44.315673289183216,220.0
1115.7073759119376,10.0,77.94868035190616,board,73.04526748971193,5.638819697260013,28.949536560247164,97.15465267484473,,91.41221374045801,0.8085106382978723,40.590507726269315,168.88888888888889
1048.7520845256845,10.0,77.94868035190616,board,67.48971193415638,5.5250047901896915,29.598352214212152,102.93810073748057,,91.41221374045801,0.8085106382978723,45.25386313465783,202.22222222222223
846.1105060499126,10.0,77.94868035190616,board,67.48971193415638,5.925081433224756,29.474768280123584,95.9725013412871,,91.41221374045801,0.8085106382978723,48.50993377483443,177.77777777777777
755.2697438728702,10.0,77.94868035190616,board,67.48971193415638,6.497604905154245,27.71369721936148,108.57605325137084,,91.41221374045801,0.8085106382978723,43.349889624724064,186.66666666666669
611.7995782392873,10.0,77.94868035190616,board,67.48971193415638,6.335504885993487,29.44387229660144,111.44959033909556,,91.41221374045801,0.8085106382978723,44.150110375275936,226.66666666666666
572.3553412683034,10.0,77.94868035190616,board,67.48971193415638,5.718145238551447,27.466529351184345,112.63174167265319,,91.41221374045801,0.8085106382978723,42.88079470198675,246.6666666666667
927.2624410643242,10.0,77.94868035190616,board,67.48971193415638,7.608162483234336,29.783728115345003,120.31572534077786,,91.41221374045801,0.8085106382978723,41.41832229580573,284.44444444444446
1069.4918614029825,10.0,77.94868035190616,board,67.48971193415638,6.461391071086415,28.177136972193612,124.26229210050107,,91.41221374045801,0.8085106382978723,46.85430463576159,220.0
534.391232515993,10.0,77.94868035190616,board,67.48971193415638,6.111324008430735,25.829042224510815,118.77892860715293,,91.41221374045801,0.8085106382978723,45.25386313465783,202.22222222222223
525.0024769056674,10.0,77.94868035190616,board,67.48971193415638,5.1645909178003455,26.261585993820805,131.94627576862572,,91.41221374045801,0.8085106382978723,47.682119205298015,171.11111111111111
921.9229656148799,10.0,77.94868035190616,board,67.48971193415638,5.095612186242576,23.913491246138,150.0059107566678,,91.41221374045801,0.8085106382978723,41.97019867549669,188.88888888888889
871.5345459609478,10.0,77.94868035190616,board,67.48971193415638,5.725043111707224,24.963954685890833,150.3605561567351,,91.41221374045801,0.8085106382978723,40.01103752759382,220.0
764.6483847117698,10.0,77.94868035190616,board,67.48971193415638,5.345660088139492,25.18022657054583,144.39523865816727,,91.41221374045801,0.8085106382978723,35.78918322295805,333.3333333333333
541.1074407428671,10.0,77.94868035190616,board,67.48971193415638,6.414830427284921,26.910401647785786,133.48307250225065,,91.41221374045801,0.8085106382978723,40.53532008830022,253.3333333333333
415.3448682857614,10.0,77.94868035190616,board,67.48971193415638,5.854378233378043,26.416065911431513,130.71865707608507,,91.41221374045801,0.8085106382978723,35.65121412803532,282.22222222222223
748.2118811444952,10.0,77.94868035190616,board,67.48971193415638,5.752634604330332,24.747682801235836,145.93203539179223,,91.41221374045801,0.8085106382978723,33.83002207505518,322.22222222222223
654.5075147903988,10.0,77.94868035190616,board,67.48971193415638,6.090630388963404,26.87950566426365,152.04284843910557,,91.41221374045801,0.8085106382978723,23.620309050772622,337.77777777777777
881.322273110855,10.0,77.94868035190616,board,55.55555555555556,5.566392029124353,19.30998970133883,166.75608580599987,,91.41221374045801,0.8085106382978723,31.70529801324503,364.4444444444444
355.835172532547,10.0,77.94868035190616,board,55.55555555555556,4.790381299099446,13.995880535530384,176.1314552282916,,91.41221374045801,0.8085106382978723,34.21633554083885,331.1111111111111
424.54593869295985,10.0,77.94868035190616,board,55.55555555555556,5.123203678865684,25.272914521112256,158.39918522492704,,91.41221374045801,0.8085106382978723,42.549668874172184,311.11111111111114
497.2936225158447,10.0,77.94868035190616,board,40.94650205761316,5.21115156160184,28.300720906282184,128.281606634597,,91.41221374045801,0.8085106382978723,54.056291390728475,313.33333333333337
1750.7857771641368,10.0,77.94868035190616,board,40.12345679012345,5.0783675033531335,21.040164778578784,161.75467631787137,,91.41221374045801,0.8085106382978723,45.25386313465783,313.33333333333337
1469.7524724097639,10.0,77.94868035190616,board,40.12345679012345,4.71105575780801,16.622039134912466,154.05250570615357,,91.41221374045801,0.8085106382978723,35.95474613686534,335.5555555555556
489.03434971475747,10.0,77.94868035190616,board,40.12345679012345,5.493964360988696,25.056642636457262,173.12151606361792,,91.41221374045801,0.8085106382978723,40.1766004415011,331.1111111111111
454.1518746569064,10.0,77.94868035190616,board,30.246913580246922,5.600881394903239,27.126673532440783,179.11411397757547,,91.41221374045801,0.8085106382978723,30.739514348785868,324.44444444444446
401.36063485754954,10.0,77.94868035190616,board,40.12345679012345,5.959570799003641,22.276004119464467,160.67255317407634,,91.41221374045801,0.8085106382978723,34.85099337748344,404.44444444444446
522.5367204047033,10.0,77.94868035190616,board,47.119341563786,6.8959570799003655,19.989701338825952,127.60868972164884,,91.41221374045801,0.8085106382978723,27.40066225165563,551.1111111111111
905.650546117405,10.0,77.94868035190616,board,40.94650205761316,4.217857827169956,28.578784757981463,118.23332029935712,,91.41221374045801,0.8085106382978723,45.281456953642376,195.55555555555557
718.7891349297088,10.0,77.94868035190616,board,40.94650205761316,5.485342019543975,29.196704428424308,97.8821304185725,,91.41221374045801,0.8085106382978723,61.72737306843267,184.44444444444446
547.7697035221358,10.0,77.94868035190616,board,47.119341563786,6.04062080858402,28.022657054582904,106.91194791259355,,91.41221374045801,0.8085106382978723,46.771523178807946,260.0
1688.7147965131571,10.0,77.94868035190616,board,47.119341563786,4.005748227629815,29.16580844490216,88.30670461675562,,91.41221374045801,0.8085106382978723,63.962472406181014,155.55555555555557
1150.339229411122,10.0,77.94868035190616,board,47.119341563786,5.5250047901896915,28.98043254376931,94.6539479307805,,91.41221374045801,0.8085106382978723,44.977924944812365,213.33333333333331
1611.2019314851273,10.0,77.94868035190616,board,47.119341563786,5.600881394903239,26.292481977342945,74.71196428084278,,91.41221374045801,0.8085106382978723,31.401766004415006,364.4444444444444
654.8289397490477,10.0,77.94868035190616,board,30.246913580246922,5.6232994826595135,19.093717816683835,208.65880384471987,,91.41221374045801,0.8085106382978723,24.862030905077262,400.0
641.8112289237661,10.0,77.94868035190616,board,30.246913580246922,6.499329373443189,22.245108135942328,200.24734243286747,,91.41221374045801,0.8085106382978723,16.583885209713024,415.55555555555554
644.3938672278753,10.0,77.94868035190616,board,30.246913580246922,7.035639011304848,22.89392378990731,207.42209168038266,,91.41221374045801,0.8085106382978723,14.569536423841056,444.4444444444444
317.0371570693362,10.0,77.94868035190616,board,30.246913580246922,4.7955547039662765,11.555097837281153,269.9578972255818,,91.41221374045801,0.8085106382978723,23.979028697571742,373.33333333333337
267.6085168373836,10.0,77.94868035190616,board,40.74074074074073,4.983521747461201,12.049433573635428,235.92103229091836,,91.41221374045801,0.8085106382978723,32.036423841059595,346.6666666666667
413.1600776577421,10.0,77.94868035190616,board,40.74074074074073,5.744012262885612,15.139031925849642,260.2642562904091,,91.41221374045801,0.8085106382978723,24.420529801324502,360.0
639.9647212067724,10.0,77.94868035190616,board,40.74074074074073,5.402567541674651,23.75901132852729,219.72555902117873,,91.41221374045801,0.8085106382978723,36.56181015452539,313.33333333333337
543.753015402516,10.0,77.94868035190616,board,40.74074074074073,5.042153669285304,15.540679711637488,183.93365402977201,,91.41221374045801,0.8085106382978723,26.821192052980123,346.6666666666667
17.24432291018039,10.0,120.0,board,46.090534979423865,4.264418470971451,27.744593202883625,62.8631705298766,AO,100.0,0.7978723404255321,45.060706401766,226.66666666666666
20.898003121955433,10.0,120.0,board,46.090534979423865,4.195439739413681,29.474768280123584,56.90694650310543,AO,100.0,0.7978723404255321,61.368653421633546,44.44444444444444
23.605390273652162,10.0,120.0,board,46.090534979423865,3.6418854186625795,29.38208032955716,63.01775955041876,AO,100.0,0.7978723404255321,77.12472406181014,68.88888888888887
12.173450835271442,10.0,120.0,board,46.090534979423865,5.176662195822955,29.62924819773429,67.1552892178705,AO,100.0,0.7978723404255321,45.08830022075055,191.1111111111111
12.800566663684384,10.0,120.0,board,46.090534979423865,5.176662195822955,24.902162718846547,89.1433040220426,AO,100.0,0.7978723404255321,32.06401766004415,335.5555555555556
19.767396449225288,10.0,41.262829912023456,board,41.152263374485585,4.700708948074344,15.787847579814628,113.85936036519382,,38.93129770992366,0.702127659574468,28.366445916114785,373.33333333333337
31.709569912873885,10.0,41.262829912023456,board,41.152263374485585,5.0783675033531335,12.265705458290425,113.85936036519382,,38.93129770992366,0.702127659574468,32.726269315673285,433.33333333333337
20.405750912556027,10.0,41.262829912023456,board,41.152263374485585,4.636903621383407,8.00205973223481,151.77004428520766,,38.93129770992366,0.702127659574468,43.79139072847682,402.2222222222223
32.83680499512869,10.0,41.262829912023456,board,41.152263374485585,4.154052500479018,21.627188465499486,151.77004428520766,,38.93129770992366,0.702127659574468,53.55960264900662,326.6666666666667
30.451966665572666,10.0,41.262829912023456,board,41.152263374485585,4.850737689212493,20.916580844490213,160.32700124580566,,38.93129770992366,0.702127659574468,34.1335540838852,295.55555555555554
27.16354208862595,10.0,41.262829912023456,board,41.152263374485585,5.238743054224948,19.279093717816686,116.35097163746147,,38.93129770992366,0.702127659574468,30.87748344370861,360.0
20.275382747509607,10.0,41.262829912023456,board,41.152263374485585,4.462732324200038,21.812564366632337,115.51437223217454,,38.93129770992366,0.702127659574468,36.89293598233995,277.77777777777777
25.506967301743018,10.0,41.262829912023456,board,41.152263374485585,5.252538800536502,23.728115345005147,124.4532550082296,,38.93129770992366,0.702127659574468,34.768211920529794,262.22222222222223
7.328475322210169,10.0,51.034090909090914,board,38.68312757201645,6.228587852078943,20.453141091658082,122.67093453609655,E,16.412213740458014,0.8936170212765957,21.90949227373068,386.6666666666667
5.377448300481016,10.0,51.034090909090914,board,38.68312757201645,5.4129143514083164,22.801235839340887,105.29330993279926,E,16.412213740458014,0.8936170212765957,20.281456953642383,346.6666666666667
7.118312849247409,10.0,51.034090909090914,board,38.68312757201645,6.889059206744588,27.21936148300721,94.38114377688257,E,16.412213740458014,0.8936170212765957,10.789183222958055,420.0
12.606138279606537,10.0,51.034090909090914,board,38.68312757201645,6.575205978156735,26.694129763130793,114.51409033454883,E,16.412213740458014,0.8936170212765957,13.107064017660045,377.77777777777777
5.617955087721822,10.0,51.034090909090914,board,38.68312757201645,5.257712205403335,24.06797116374871,125.07161109039819,E,16.412213740458014,0.8936170212765957,16.97019867549669,153.33333333333334
