player_count,is_multiplayer,game_genre_id,has_dlc,user_rating,average_playtime_hours,age_rating,distance_to_server_km,number_of_patches,server_capacity,graphics_quality_score,difficulty_level,replayability_score
70.0,0.0,50.0,0.0,0.9994315442156729,1.035125456614736,30.0,4.3029456296702335,10.0,995.0,55.00369081615895,0.9028916068583914,0.5517870795833701
38.0,0.0,48.0,0.0,0.6703942503787412,3.162980095451442,28.0,21.329435303985015,5.0,812.0,59.931959382672744,0.8857276784522816,1.2132049515349053
5.0,1.0,2.0,0.0,0.4196926752944404,6.437232805086725,2.0,88.14620731942689,1.0,143.0,11.336829312959562,0.31743687267863196,68.78121142438923
5.0,0.0,29.0,0.0,0.6332552095709905,7.28803452316546,25.0,38.75683065070803,6.0,593.0,44.71865208018625,0.41790696421853796,61.19253487481559
10.0,0.0,41.0,1.0,0.6682462461538266,2.463478027306671,9.0,6.7514408987222065,6.0,748.0,32.87442621404797,0.5621978711291064,28.172896809714473
20.0,1.0,18.0,0.0,0.48288886163778444,3.5000256405915233,22.0,36.43089091020043,6.0,801.0,68.96827925687944,0.6930161103172352,24.3364228485895
4.0,0.0,20.0,1.0,0.2467060493922778,6.807246484186381,2.0,41.9901666745149,2.0,214.0,24.39583467508068,0.013308757310088182,86.54269383679548
17.0,0.0,7.0,1.0,0.2342196839147474,9.257610342323389,9.0,21.154514636791497,2.0,300.0,62.990669830898035,0.01492831139818046,96.68521765376305
8.0,1.0,33.0,0.0,0.4763790424941124,3.265709192472549,23.0,52.876937551733384,2.0,295.0,22.608244136929773,0.610997253254754,52.99710407873951
49.0,0.0,39.0,0.0,0.8420533771136569,5.898803879330385,19.0,6.891262110187617,3.0,422.0,58.3824339435729,0.7822736421028473,41.5923429953957
95.0,0.0,39.0,0.0,0.8067032124282574,5.919102654698117,29.0,1.4505872318193287,9.0,827.0,27.449117204212484,0.6557130559792274,59.001637385647214
73.0,1.0,34.0,0.0,0.8209182309361683,1.2516888341951962,27.0,6.094032108259254,9.0,926.0,83.21275824987616,0.9434041075105916,6.116369356787352
44.0,1.0,19.0,0.0,0.47994901766704845,4.3415055103162405,3.0,21.03231991710383,2.0,257.0,11.012734361037083,0.44233113578403077,80.6126517118604
36.0,0.0,20.0,1.0,0.4948827406626547,2.6667356035017575,14.0,60.53007328960605,4.0,609.0,54.08016353412882,0.7460188241045409,5.106936095005942
26.0,0.0,39.0,1.0,0.9291985275531995,5.582602481241685,30.0,12.48971866398935,3.0,722.0,34.6220696789223,0.5572980203265708,50.31682801470626
43.0,1.0,10.0,0.0,0.14031614767800488,8.07991288854135,9.0,37.91449614245344,2.0,415.0,29.862874344851285,0.3164962599924188,60.95436386154299
41.0,1.0,27.0,0.0,0.6396842962217633,3.9387607643237983,22.0,15.60549536488097,3.0,416.0,56.30522415865521,0.5285784831273992,60.75149525094032
38.0,1.0,16.0,0.0,0.38672944384879604,9.506836262029784,8.0,37.427136586065046,3.0,534.0,23.569270986756003,0.4428209869650777,90.37742516148572
81.0,0.0,41.0,0.0,0.8873158142015365,7.579520008901525,16.0,3.1851779464422596,9.0,949.0,64.69455642405174,0.24636784308347423,40.654165444788454
48.0,0.0,31.0,0.0,0.6310091339090372,6.01874194942608,21.0,36.37166885177064,7.0,558.0,27.16849280738038,0.8191359785527262,32.91351038363558
37.0,0.0,35.0,1.0,0.8578692072706977,4.791854022590454,13.0,4.960805321671807,4.0,755.0,19.84832686561023,0.773884007755973,28.426842297872756
1.0,1.0,2.0,0.0,0.42587511122934024,7.773797634712793,6.0,44.832303644146066,2.0,210.0,25.121563446792738,0.4370854105638483,53.51439639384769
0.0,0.0,40.0,0.0,0.459033302644062,8.49880444629175,27.0,12.96618728260463,6.0,627.0,30.126384421568076,0.34536626188547614,62.00611438914468
56.0,0.0,40.0,0.0,0.9418610380739754,7.879127925622971,18.0,11.486233736224778,6.0,877.0,19.25349685538282,0.5865379742797201,70.66137822100248
42.0,0.0,13.0,0.0,0.6278902507063249,6.164405605163654,25.0,13.327639574418457,2.0,328.0,61.60536440388879,0.6757871351049911,35.878373879618906
57.0,0.0,47.0,1.0,0.6234754169373831,5.980574929347232,22.0,20.574067403145005,9.0,910.0,94.90463634930695,0.26059928773240376,68.0336117346757
26.0,1.0,13.0,1.0,0.5895868721581491,7.864110086652115,5.0,15.644066921767335,1.0,240.0,10.065316324129636,0.09548926210072595,99.01643339680055
88.0,1.0,23.0,0.0,0.5257445751959164,7.932716026077153,18.0,10.757779185756949,9.0,919.0,68.35941784850631,0.59974268558361,64.47761443434368
39.0,1.0,2.0,1.0,0.07941727489137101,4.065755196409004,5.0,93.80608091227424,1.0,139.0,45.264904594694016,0.4668644854795793,29.489636111154507
7.0,0.0,15.0,0.0,0.5884557195566404,3.619919785168206,24.0,6.882826057083624,4.0,660.0,32.18462909430025,0.3382881635745221,63.56640075811594
15.0,0.0,23.0,1.0,0.31802047504025155,5.3722097000984705,23.0,56.55356378597534,1.0,179.0,46.50282399473349,0.6416965473577418,42.199748812060875
89.0,0.0,50.0,1.0,0.9117416206588198,4.318304395437984,30.0,2.3343061392839486,6.0,840.0,48.48529200825542,0.9867183999809097,12.444104924223872
24.0,0.0,36.0,1.0,0.4424522730102368,6.20558664287893,15.0,13.202038542078258,6.0,835.0,34.757019517097554,0.6489878733485248,75.4524626547574
10.0,0.0,28.0,1.0,0.7960906321378526,6.4239181355236585,14.0,6.2367116022103986,1.0,297.0,32.63313263687166,0.36218751875303345,88.70186157632504
54.0,0.0,48.0,0.0,0.9254904310438177,3.567705781894913,21.0,5.78303630200676,7.0,710.0,46.67155624554846,0.8254845778979218,16.40566549760186
51.0,0.0,17.0,1.0,0.6818767387953755,5.110694675070261,27.0,24.22864476944974,8.0,788.0,42.34731554657198,0.32353276455376523,67.45631122432788
76.0,1.0,27.0,0.0,0.37144113006962864,7.524857906395491,8.0,22.870556477113357,6.0,757.0,64.22662425986276,0.5380077121587903,45.458625109832596
26.0,0.0,25.0,0.0,0.8340922383651459,3.571510246282244,24.0,17.721110094413916,7.0,708.0,76.62018200131179,0.874263414250028,13.974223988703649
65.0,1.0,45.0,0.0,0.7871045297172186,3.9331996858241807,25.0,4.832765892439112,5.0,799.0,19.048306681952116,0.8460176003027162,39.129419747038284
3.0,0.0,41.0,0.0,0.6388181303663762,1.436958953173857,16.0,16.08753472030948,2.0,449.0,69.3658405075124,0.7613091674801644,7.28775760007882
53.0,1.0,23.0,0.0,0.5679652126937363,8.658549001129504,6.0,16.101902260200873,4.0,538.0,13.090164935656093,0.4345769662649677,88.83290291971896
59.0,0.0,14.0,1.0,0.4310411247681112,8.33811131989233,14.0,41.667303252383384,8.0,545.0,37.608093326227625,0.06587208372465991,59.14998284184941
11.0,0.0,21.0,0.0,0.6470267257927879,2.344616761088189,8.0,28.089939541192436,2.0,431.0,65.80740580372515,0.1981258315464858,42.57645174679633
14.0,0.0,10.0,0.0,0.17759036544505596,7.765789720250352,17.0,67.38550136521505,1.0,146.0,61.19075060228229,0.06746218149221272,63.51167919739447
34.0,0.0,48.0,0.0,0.7171376925909672,3.203646272931038,23.0,15.316337157233368,4.0,669.0,39.642078140450245,0.643993334201417,42.93500561037232
28.0,1.0,36.0,0.0,0.74176695114512,1.6861791741393257,9.0,63.54609620196656,4.0,548.0,26.105791634655503,0.66421641696393,38.58606005816842
47.0,1.0,40.0,0.0,0.8049232761156809,1.9898508241037933,11.0,29.670937175040564,7.0,784.0,24.80191000855014,0.8534511342057292,19.334621156345417
53.0,1.0,30.0,0.0,0.677442415503739,8.674726684343538,17.0,47.450348817335744,9.0,822.0,78.88775910006859,0.621795448627249,16.459178800777217
13.0,0.0,27.0,0.0,0.7516467804793574,2.200935980015772,13.0,14.817861176243552,1.0,236.0,19.238334449032923,0.8371302869055772,34.07594424654691
7.0,0.0,43.0,0.0,0.8916876739130654,5.696443166194078,23.0,3.9847528715006546,5.0,848.0,29.997437328078156,0.5014690499851222,42.05470492137653
5.0,1.0,7.0,0.0,0.4672171299789816,9.037833235342081,11.0,74.42656901916133,2.0,229.0,25.311060973981892,0.4949436291772802,81.24783856733345
29.0,1.0,37.0,1.0,0.8117028335609183,6.845051254281949,8.0,14.058127726425848,6.0,881.0,15.673803149210679,0.19767187382512377,94.37338025954756
66.0,1.0,36.0,0.0,0.7528907675407042,3.907319134331916,12.0,59.67358473839711,5.0,652.0,18.58499295192574,0.8222730390943688,22.424116315789117
49.0,1.0,39.0,0.0,0.7546456744241028,1.6669817070493727,26.0,40.17315926748397,6.0,876.0,24.46991350288279,0.9492369230964343,6.118492708404979
81.0,0.0,49.0,1.0,0.979505775276228,5.229458501990709,27.0,3.27704704307359,10.0,996.0,87.12521391762701,0.937776736746533,5.480593110128055
54.0,0.0,17.0,0.0,0.5477546407388867,5.507644549322774,27.0,5.557468038814255,4.0,520.0,22.199290935022713,0.7723965490430889,27.82465656725466
14.0,0.0,42.0,0.0,0.42596347368308335,4.038193120681588,20.0,34.8454525271962,6.0,573.0,65.56855239145962,0.3556972487021414,18.633466534078124
10.0,1.0,6.0,0.0,0.2278254848459641,9.887709799121719,8.0,56.60915886061184,2.0,417.0,27.30513894086175,0.18161999754470315,91.79962385875075
51.0,0.0,18.0,1.0,0.4546985178088449,5.618739306979796,10.0,11.197735744621271,2.0,330.0,28.490945498398165,0.46929657887079546,76.38838305444142
43.0,0.0,13.0,0.0,0.3855198510022688,8.34084055607409,14.0,44.74966348569813,2.0,241.0,25.633315642592713,0.11785596408089188,79.78618681461543
54.0,1.0,36.0,1.0,0.7530420083832782,5.143397571530709,7.0,51.84388989880359,4.0,730.0,42.206651671238994,0.2790755608184286,15.449826658325883
44.0,1.0,5.0,0.0,0.058040683459806175,4.263203441575262,0.0,79.09162112352054,1.0,192.0,19.95578809520891,0.06775480421130475,80.0345397835498
7.0,1.0,22.0,0.0,0.1421555200810456,9.005256996336287,8.0,31.168323203718455,1.0,168.0,21.994724823413534,0.3002701105511358,65.17687274469226
1.0,0.0,10.0,0.0,0.15888450334604348,3.940345983479527,1.0,50.13027810850611,2.0,162.0,58.50389879935248,0.5197360760985532,30.787017983514495
61.0,0.0,50.0,0.0,0.8766118507291166,3.6124683582540813,25.0,12.343790686223672,10.0,964.0,55.386570557658104,0.6556249892162684,27.936023617797527
9.0,0.0,42.0,0.0,0.901997655004646,7.890730046874916,18.0,6.504515606582934,8.0,860.0,25.654617301915835,0.2885340868383871,74.71641051946943
57.0,1.0,38.0,0.0,0.6475792730610362,2.0909936029918805,19.0,18.94608943535317,5.0,734.0,29.64440104874107,0.9622648138244919,5.998410045869477
48.0,0.0,45.0,0.0,0.9295293220449191,6.988980640630161,29.0,6.55554643591728,7.0,866.0,49.39957536156533,0.8533344449185152,18.291642200783347
33.0,1.0,30.0,0.0,0.44676082817452006,7.398171936683436,9.0,25.868665682620872,5.0,776.0,32.63814263127909,0.060812041045969656,67.38549927686009
11.0,0.0,40.0,0.0,0.6221023671597637,5.692181603465419,23.0,3.880513171710842,4.0,537.0,22.066553715592903,0.49885351457219385,85.66521454950397
51.0,1.0,24.0,1.0,0.42635838225086364,4.686683913857472,23.0,41.03037510515479,7.0,846.0,73.66586346433154,0.6063197835112493,41.3746565856325
6.0,0.0,44.0,0.0,0.4753512964171264,4.699923686996113,28.0,4.183329112139988,2.0,429.0,57.54986934173141,0.48183542579530225,64.86968670216912
11.0,1.0,4.0,1.0,0.1470736289857103,8.8480525700293,2.0,78.8266620488855,1.0,123.0,18.589800601979796,0.13917823131192836,83.24077315593482
46.0,0.0,49.0,1.0,0.9625922564295853,4.082143576256112,26.0,1.9126276464564689,9.0,913.0,65.26142441331226,0.7602197688784731,30.594206428486995
45.0,0.0,25.0,1.0,0.6768839223675067,3.4632231022907813,20.0,19.29353671652521,8.0,632.0,83.5330382229978,0.9030682343748431,38.57916996031609
74.0,1.0,24.0,0.0,0.2709924251939595,8.544443220720563,18.0,29.939917674084004,4.0,589.0,65.90243775982081,0.6866997834605948,28.007860802855312
34.0,0.0,31.0,1.0,0.38717256937657774,6.1001291122550505,23.0,14.150319789142896,5.0,533.0,77.38861343364923,0.5790157661200201,37.62244941061159
9.0,1.0,18.0,0.0,0.41122658669583656,3.3070576167709116,12.0,64.31689041939049,1.0,269.0,27.356479439084413,0.32385755710229824,36.58408319766187
47.0,0.0,20.0,1.0,0.38533300089740397,1.8216383219568497,23.0,45.8407464230726,1.0,148.0,30.229407686581457,0.8368513056411033,15.3957789506809
50.0,0.0,43.0,0.0,0.6180499706183666,2.510983440297564,25.0,20.34898765718603,8.0,931.0,97.20467214406547,0.5425323388232782,6.667378612652172
25.0,0.0,18.0,1.0,0.5889177022734174,8.051846348565263,16.0,22.035179529180297,1.0,140.0,11.413456126629717,0.4681326410118996,52.00344470737067
97.0,0.0,50.0,1.0,0.9944646834559061,1.2156016105703378,30.0,3.4897840129717093,10.0,990.0,35.773123278596564,0.9996951301243364,0.33677137651180544
16.0,0.0,7.0,0.0,0.49462611004219803,5.621803491464817,20.0,14.609882371274683,6.0,559.0,26.67076445078331,0.26144383632069457,60.98453626556655
21.0,1.0,3.0,0.0,0.4590761348706957,9.453046365884923,13.0,52.09901963556471,1.0,224.0,15.292246235060292,0.056044177516801796,86.79954305117039
65.0,0.0,32.0,0.0,0.5006274252526179,8.110910206595037,17.0,30.83021272914982,5.0,707.0,36.82613417899864,0.49062218878317204,44.56058167589607
43.0,0.0,36.0,1.0,0.5162091565581289,1.629664043382955,22.0,5.291751940113276,3.0,443.0,27.539231197419298,0.5729343947910759,59.01850422996996
50.0,0.0,31.0,0.0,0.42756745492481696,1.8957444354720274,24.0,31.68412396452534,5.0,720.0,43.22401989031731,0.7172255881597186,22.943857152613518
44.0,1.0,33.0,1.0,0.5615172949747762,8.527947545097007,13.0,16.785104659738792,8.0,823.0,16.446745730341004,0.49972384703169687,64.81010139829331
1.0,1.0,1.0,0.0,0.0009377519308998439,4.767691699911721,0.0,96.41113515408031,2.0,288.0,65.52725019855009,0.32314197147448037,22.945614320003056
19.0,1.0,5.0,1.0,0.49885382614076307,9.878563390291013,16.0,15.448507642059568,1.0,156.0,24.721660337831377,0.3717327096707968,64.08403152857393
7.0,1.0,29.0,0.0,0.2154582263741901,8.58806495776094,7.0,38.222148199516376,4.0,723.0,49.60534123745299,0.17152296953628376,73.36847495383148
0.0,0.0,37.0,1.0,0.8720966878602578,4.724924573816703,23.0,26.449570665123755,7.0,854.0,55.21413141762405,0.7824659013598916,54.60878677049943
34.0,1.0,12.0,0.0,0.558212771831169,9.321976527848449,23.0,16.478389769015426,6.0,543.0,13.887985595012287,0.40332965188037484,71.43076917942969
19.0,1.0,3.0,0.0,0.15824407252722084,6.750160296984462,3.0,92.65494047551606,2.0,337.0,24.99350601323766,0.28390183327561397,39.28833080024125
14.0,0.0,33.0,1.0,0.8701226659977648,6.900101452402573,30.0,12.010211637905199,4.0,497.0,27.34200923748635,0.7283568481045917,62.807819455426525
57.0,1.0,44.0,0.0,0.48797602316324623,2.354349638500423,5.0,41.499699001363325,9.0,960.0,35.39883191018307,0.5571878493645719,11.550687456836151
20.0,1.0,29.0,0.0,0.5028754546437307,7.433145801154453,8.0,15.82166867587062,3.0,530.0,29.814389900743024,0.2138695843350849,81.29506709939895
6.0,1.0,4.0,0.0,0.15391463849164633,7.2898430818758495,0.0,54.69231762566485,1.0,131.0,13.723965304253321,0.26931814017874656,63.44710274021617
37.0,0.0,38.0,0.0,0.900920508011396,4.14815175040129,18.0,5.460823347008863,7.0,900.0,26.22965771746361,0.6769089748112087,35.06427485223757
54.0,0.0,27.0,1.0,0.8228209043965387,6.974418008815332,28.0,1.731872110960872,4.0,498.0,47.18469990792727,0.2992682007179658,62.145628625696304
79.0,1.0,41.0,0.0,0.6323178561964651,4.647460256304467,26.0,14.19255669952873,9.0,935.0,48.166346915303336,0.8032111261717633,32.62204976549074
72.0,1.0,44.0,0.0,0.6360533057134121,8.036873996483138,16.0,6.6215807874517525,5.0,728.0,32.350305651330565,0.6697933737502482,78.44278913985329
38.0,0.0,32.0,0.0,0.46719747168655645,7.257388521279881,25.0,16.807643363958064,3.0,265.0,50.47380218462865,0.34947180123883986,29.72889272217304
27.0,1.0,13.0,0.0,0.6529118653684682,4.335419146905558,4.0,39.037742923505796,4.0,384.0,26.78313506026713,0.5503388606029584,38.44711673982551
44.0,1.0,15.0,0.0,0.3136013179699233,5.044951964661337,18.0,46.71403320873655,6.0,597.0,55.39901881440476,0.3493910341431826,58.967620938687304
70.0,1.0,17.0,0.0,0.31622107852043124,8.606324807934602,6.0,31.725340134894424,2.0,243.0,22.196283115899664,0.36932409529847077,43.95964441954473
93.0,1.0,42.0,0.0,0.8252172374087507,5.206369461482626,14.0,7.385233478816027,10.0,974.0,42.7803597331924,0.5409760656527012,59.34551652265424
15.0,1.0,7.0,0.0,0.49958684580398405,7.660404442685358,10.0,33.63022903719117,6.0,705.0,52.05369131419275,0.09546977685216229,41.96421050876735
8.0,1.0,4.0,0.0,0.43126251505661894,3.5130301119396488,10.0,75.14493311643723,3.0,289.0,50.83055005464299,0.6542265295417491,58.77932888249813
38.0,0.0,24.0,1.0,0.3036128778246485,7.695157720695374,2.0,29.498339546140596,3.0,362.0,57.19057118257523,0.026797274469396004,58.32452839348169
47.0,1.0,34.0,0.0,0.7596430335116208,2.1764997676123286,20.0,51.775652154517815,7.0,767.0,30.27836165286924,0.8449623342095935,27.950247869791696
1.0,1.0,19.0,0.0,0.11016738954511845,8.557014438035838,8.0,33.210284035693554,2.0,381.0,35.08655077665374,0.22019002426866113,79.36965883093033
1.0,1.0,26.0,1.0,0.6293286238005256,4.840428581839798,12.0,18.07328968358076,3.0,406.0,13.358244280954377,0.07907880640185438,65.21412166697155
93.0,0.0,26.0,1.0,0.4101878459966965,2.7871164578595167,22.0,22.564382120560648,3.0,470.0,40.503190707386814,0.7815029274478903,49.396347731850156
60.0,1.0,5.0,0.0,0.0652911836757446,6.221241430569429,1.0,48.379212496104195,2.0,170.0,46.12778057347856,0.1495412244492919,61.26208221123914
20.0,0.0,22.0,0.0,0.5493467877187735,4.9013015635282775,18.0,13.652558867091207,4.0,503.0,52.219118878076884,0.48915211279787596,30.865505126537766
70.0,1.0,31.0,0.0,0.7413211032815565,5.7477223719321815,20.0,8.812435820017567,6.0,587.0,15.726727340736131,0.3949337907625526,66.40702287734734
44.0,0.0,46.0,0.0,0.8112972673687113,2.90415927080784,29.0,13.999526353135714,5.0,825.0,58.359234439514566,0.8733393476704517,8.125785986990302
71.0,0.0,35.0,0.0,0.6266119365432696,4.745302469406785,29.0,13.154371133040833,7.0,774.0,30.557428065609137,0.5806076628200384,53.62461356573096
9.0,1.0,16.0,0.0,0.16873904363793818,2.7647115367654864,4.0,43.511309023965445,1.0,175.0,50.542000744293404,0.3314847418334525,70.93534899476448
63.0,0.0,16.0,0.0,0.7533508113401444,4.845580151989133,11.0,8.900467265456296,6.0,766.0,53.337265319622205,0.6331612786071774,35.860543347277954
63.0,0.0,17.0,0.0,0.4942381530603662,3.624520682118278,8.0,46.03270650182039,2.0,260.0,39.1342298273796,0.29160853240262563,35.7987905802114
7.0,1.0,7.0,0.0,0.038373741744951895,6.573068828972715,4.0,55.990157963696014,3.0,557.0,55.20084457609131,0.24822570197249164,74.47741789487574
16.0,1.0,30.0,1.0,0.5005146545841316,4.461537196180967,4.0,28.70887156191048,6.0,780.0,23.265110356732507,0.620629936460709,72.5503794606738
35.0,1.0,14.0,0.0,0.25653308028751365,3.5414408631536505,5.0,85.17240312788928,7.0,680.0,79.36223126464343,0.16097310484509986,43.36229282856806
13.0,1.0,26.0,1.0,0.7695068883717684,6.144524603227182,10.0,64.63384936946181,6.0,865.0,21.85161983035812,0.47974450591375994,51.36923215135359
8.0,1.0,12.0,0.0,0.28287090072376675,2.579504073777071,1.0,95.61542768160606,2.0,351.0,24.91979701365736,0.1716481572392451,38.35491634738456
14.0,0.0,38.0,0.0,0.7261278611072068,8.48806663760133,29.0,16.470564496337953,5.0,667.0,23.815084963907857,0.6123035519455453,82.64919162646916
2.0,1.0,5.0,1.0,0.4377191455032417,9.702886398313492,3.0,84.39640563932424,1.0,163.0,10.516698393488513,0.2583450399450282,66.88826511019435
6.0,1.0,3.0,0.0,0.23129294226891495,6.089731172032721,2.0,79.28610738804937,2.0,430.0,55.84356598387899,0.05479518282834123,70.86217576555785
49.0,0.0,43.0,0.0,0.938182816834324,3.687360998121796,28.0,1.7107920867062751,5.0,686.0,25.501329195511694,0.9554253613896854,33.319796119646085
92.0,0.0,48.0,0.0,0.7229823381317244,6.676517377124739,30.0,7.98257799784351,10.0,958.0,55.01369523540052,0.9340932147585618,37.60877180505133
71.0,0.0,26.0,1.0,0.8659998336227195,3.1298347357786485,29.0,3.4966665342957204,3.0,516.0,41.881092857253876,0.5358663987328386,29.442295059715725
50.0,0.0,45.0,0.0,0.786879486890741,4.105081559560629,29.0,11.638434308628359,9.0,953.0,91.8435607382904,0.5497780686125974,19.203148719993763
8.0,0.0,12.0,0.0,0.24642204177648114,2.125089863642899,5.0,72.05876142272608,1.0,109.0,34.23739445511902,0.2651731262775764,50.05484166234697
76.0,1.0,31.0,1.0,0.5255250641969215,4.12581568291168,13.0,20.11506347693532,9.0,904.0,67.52191785205848,0.5220042996380039,57.167718714749604
7.0,1.0,1.0,0.0,0.3807322474393236,9.93851549091508,13.0,74.92778744064213,2.0,230.0,20.68876454642053,0.30895273339334767,92.51178945034464
64.0,0.0,26.0,0.0,0.8310829741945049,4.5512819198999015,29.0,3.712804557444988,9.0,944.0,81.38052235293785,0.5515901817986699,13.135231321007083
2.0,1.0,2.0,0.0,0.014287358617388835,8.115364908725848,0.0,87.1514714125766,1.0,101.0,18.498055750452394,0.004066081083523743,93.31368131272279
33.0,0.0,47.0,1.0,0.6919914303540967,1.1356427897685686,29.0,16.524157224523186,8.0,789.0,95.70383149575238,0.9824791490670257,8.402749999932283
44.0,1.0,5.0,1.0,0.1192614995460961,9.178927887163615,10.0,47.94737906648618,1.0,122.0,15.732310474431584,0.2844058221131215,97.34624464533141
6.0,0.0,7.0,0.0,0.31873375775832863,7.661986971818162,4.0,57.632206301117705,3.0,246.0,53.25644339403725,0.4022603381793979,40.86548500631142
3.0,0.0,37.0,1.0,0.579443767820203,8.580334229780343,18.0,16.539633849083188,6.0,583.0,24.832151414105372,0.10093942953368151,94.92064361470665
24.0,1.0,23.0,0.0,0.44775249590434685,3.9926724959245905,2.0,64.42058489124801,3.0,339.0,15.1839453867012,0.3887033797418213,34.735133848422855
48.0,0.0,14.0,1.0,0.4461385077168422,5.623699520942562,24.0,36.350232554586576,2.0,378.0,25.630435369476974,0.5510936209046948,40.683992697703644
82.0,0.0,24.0,0.0,0.4528327982684667,6.806814415024501,10.0,26.161152508586323,4.0,488.0,45.60637949025197,0.09712028460355726,54.83366209271355
26.0,1.0,17.0,0.0,0.21661389905716555,7.432058503264762,15.0,75.70279370692732,5.0,567.0,42.918153093524,0.0852773128417329,79.8706506574397
42.0,1.0,19.0,1.0,0.5586922396673899,7.0666611722410595,17.0,41.11886782071127,5.0,620.0,39.3910193202794,0.7235840150538191,31.645968532539673
98.0,0.0,28.0,0.0,0.892371417908447,3.922153158569076,15.0,25.178972464009195,7.0,868.0,80.8257279981842,0.595559655761297,21.76368090501421
92.0,0.0,37.0,0.0,0.9046905545783243,1.1794641934894008,25.0,16.040536307675882,9.0,870.0,49.890700233082676,0.9327841610409866,4.132891923918137
25.0,0.0,48.0,1.0,0.8598504353141565,6.2402340152958615,30.0,6.225543047780564,5.0,515.0,36.202659843360635,0.9222029886108029,63.848460657454005
70.0,0.0,22.0,0.0,0.37399573564120153,6.6810558322058915,4.0,38.38599029329153,3.0,279.0,28.86331908421104,0.4361792812892963,38.39540604572362
79.0,1.0,37.0,0.0,0.8687141956802462,8.14881654238552,24.0,12.735426306302667,5.0,814.0,19.791268407445166,0.820182581783561,24.13588449911877
9.0,1.0,21.0,1.0,0.3029244493481116,5.314459037113491,2.0,54.279259101392526,3.0,526.0,27.289126923736383,0.4739392662030849,72.27595143612089
31.0,0.0,13.0,1.0,0.32371745685931885,7.5864987676677735,9.0,68.32809228699281,2.0,219.0,16.95895343030676,0.38660923220747384,86.13833127964799
100.0,0.0,49.0,0.0,0.843068078861219,5.720398430040867,20.0,2.9332273858415454,10.0,980.0,94.1579505673826,0.38940243584737605,69.0276994377638
7.0,0.0,40.0,1.0,0.7181860497386683,5.979838188355254,17.0,10.793665800676436,7.0,768.0,46.3264622439253,0.1434855797887346,80.11172219545902
30.0,0.0,17.0,1.0,0.6982274937495789,2.6253037957228047,12.0,33.53801425889982,2.0,195.0,29.816349382803555,0.4171664263844155,22.686253017570273
0.0,0.0,36.0,0.0,0.8514906053710714,8.505046729594596,22.0,22.675582661450036,2.0,491.0,34.028696536402435,0.6346780159136561,54.02483151117616
13.0,0.0,11.0,0.0,0.6241740709320769,4.329410233498886,15.0,34.60068248654969,1.0,282.0,18.17698448990257,0.6673313344786476,62.362694225518055
53.0,0.0,49.0,1.0,0.9744832291934247,1.0657543939337382,30.0,2.971754931317788,5.0,863.0,56.7904602979171,0.8986455548387221,1.2463061091620915
1.0,0.0,11.0,0.0,0.13460602518782305,3.264068628741775,3.0,72.6850641658043,2.0,235.0,25.050742534262298,0.051033814043538184,50.37768934992654
46.0,0.0,44.0,1.0,0.9690492220571284,7.112074578773168,20.0,5.46825152985877,7.0,890.0,16.107671164010572,0.7856157162335781,41.74562903359804
15.0,0.0,21.0,1.0,0.5247848044962073,9.426355181565949,7.0,41.885601095516556,2.0,167.0,12.056815929188511,0.013489861617967447,89.63688279493422
2.0,0.0,38.0,1.0,0.85179871470856,3.9482314729006083,11.0,18.781545791424033,3.0,602.0,15.883924340791179,0.27617240206839133,58.32475248719606
18.0,1.0,15.0,0.0,0.2831053412208266,9.739198825149813,1.0,69.8877829460179,1.0,132.0,13.313001249663388,0.025706738392949402,93.76674038912125
76.0,0.0,44.0,1.0,0.9451514529269561,2.470526948379968,18.0,2.9442458085157623,9.0,940.0,28.048601766805362,0.8386153442037656,39.507414106220686
13.0,1.0,1.0,0.0,0.0007771512967686967,7.462046841008596,0.0,98.03418078393302,1.0,110.0,23.34343637455278,0.03574005770492328,95.63310563039985
5.0,0.0,6.0,0.0,0.4023290398304764,5.4509486880778235,3.0,31.95678170773936,4.0,457.0,56.2073614896488,0.049810665424603384,86.14089356256918
99.0,1.0,44.0,1.0,0.7594459497735826,3.7610029888862764,19.0,19.51735342783413,6.0,838.0,21.16543419598597,0.7891000969177975,14.579128009757675
69.0,0.0,49.0,0.0,0.9829988304813093,2.59605704638726,23.0,1.3989868448567377,6.0,777.0,21.648909429942233,0.9636436440910416,29.972152381218013
14.0,0.0,10.0,1.0,0.4833955296322968,5.232797583490656,14.0,14.004673994537033,2.0,313.0,29.333679047834277,0.4865276314136815,41.7831648126012
15.0,1.0,28.0,0.0,0.6904361759341624,7.225720540474808,4.0,20.288554305744334,2.0,281.0,10.88668602285418,0.0985793654340808,66.24399398677045
22.0,1.0,10.0,0.0,0.4155177464572035,2.7755079464723615,1.0,82.56619537463898,5.0,690.0,51.29182618362196,0.2029854018923899,60.68055259612761
52.0,0.0,50.0,1.0,0.7431272766522672,3.8016090941558014,15.0,22.323023740838263,8.0,905.0,83.59189893542866,0.48785748751847374,19.06220743665176
35.0,0.0,45.0,0.0,0.5775279506802048,6.616105611173782,24.0,14.038813122160645,2.0,412.0,52.53003520551408,0.8380819025104764,21.181856565423544
85.0,1.0,46.0,1.0,0.8719612870641811,1.3219290579020573,15.0,5.000814221538717,8.0,906.0,77.48621355379008,0.9058144471391657,1.401174862300067
13.0,1.0,1.0,1.0,0.11871793611700565,9.973855571616875,13.0,30.396330620308273,1.0,137.0,11.72113220101418,0.09195345373681768,95.23372791065728
5.0,0.0,30.0,1.0,0.2876012747451129,3.388237115442318,3.0,23.611943779472156,3.0,574.0,70.28193413454903,0.645438803447123,57.75461331261765
57.0,1.0,41.0,0.0,0.7522654191905227,3.674641277056307,10.0,12.973041654177797,9.0,966.0,33.31195092102603,0.8573179302378922,27.176873100634822
28.0,1.0,37.0,0.0,0.45504562523276354,2.4870783506182623,4.0,31.6177572067551,3.0,606.0,30.500870298390467,0.5321024620724155,57.71314919603215
93.0,0.0,26.0,0.0,0.5959061285130103,1.2253612658425421,21.0,28.970287981845924,8.0,883.0,68.00218851133708,0.6130788809381588,2.69961577627614
39.0,1.0,36.0,1.0,0.7754245362028145,2.932544993789125,23.0,47.54108927070943,8.0,828.0,34.66530041846395,0.9399220621732054,6.557753331377313
56.0,1.0,18.0,0.0,0.7657860424948311,7.5675599789035655,10.0,13.940115205110986,9.0,761.0,57.024421216029275,0.7366694497581628,72.26835108252182
14.0,0.0,36.0,1.0,0.8062751610016713,5.794397549378672,15.0,32.56929655769969,8.0,903.0,54.50985763754774,0.18630812645167427,52.31416943877236
97.0,0.0,48.0,0.0,0.9649968751045128,1.2478984884709847,30.0,1.088142276641301,9.0,909.0,38.087424991309916,0.8676414574289366,10.152118472581023
85.0,0.0,42.0,1.0,0.9635927738256427,1.9011505630926955,28.0,2.903857255696435,10.0,983.0,62.80867205292992,0.8602154836914763,38.777982725706224
28.0,1.0,38.0,0.0,0.7878075012729217,6.139479593437006,25.0,33.97542707881164,3.0,621.0,24.11259133749291,0.42032833523551566,75.3899578024944
1.0,1.0,1.0,0.0,0.13907290082995383,9.780481895160605,6.0,93.1713405017206,1.0,118.0,30.588901365641156,0.16422273759060824,77.9175043853285
77.0,1.0,13.0,1.0,0.19745484559077287,5.758693928953479,2.0,45.90545563622992,5.0,399.0,63.260877059260665,0.27092372650711294,47.41368517851189
26.0,0.0,41.0,1.0,0.5590253628543235,1.1872535014775956,14.0,32.31712981951822,3.0,689.0,56.78923512040135,0.890494885849441,4.65251556904375
64.0,0.0,20.0,0.0,0.4468793711451251,8.351727199241685,6.0,24.27009828446845,7.0,815.0,60.72302199371597,0.14896536535813149,41.98132440667148
86.0,0.0,47.0,0.0,0.6833375633463834,1.10927977449591,18.0,8.729471008101406,10.0,988.0,85.34414172190607,0.9589432126907285,6.822829617122835
29.0,0.0,23.0,0.0,0.5414441843888061,3.3128608197657403,27.0,14.315582130951466,4.0,613.0,40.5295078717852,0.5120551059587184,27.078590795679254
99.0,1.0,9.0,0.0,0.33677830310132006,9.62568239889169,7.0,43.219769714234744,9.0,856.0,81.29524295110305,0.2760553896447761,35.53675557633773
73.0,0.0,48.0,0.0,0.9677725613691883,2.328524745107394,27.0,11.632414145089117,10.0,955.0,67.3659349454108,0.8508028320194904,21.415038798087384
7.0,0.0,6.0,1.0,0.33978401376666434,2.9368727768018457,6.0,42.2415836243649,1.0,136.0,35.514103666026216,0.36716577118886545,50.29126262248831
61.0,1.0,12.0,1.0,0.29914875509364824,3.319275817310406,6.0,79.37983365681474,7.0,554.0,72.63252915267917,0.29399224990080675,63.91098865803005
2.0,0.0,35.0,1.0,0.6260531004692867,3.8791296692114656,24.0,6.746641321666087,5.0,524.0,44.35683963799357,0.508908704486263,75.67770585739515
41.0,0.0,46.0,0.0,0.6595300264351333,7.003158384553743,28.0,13.479877177345504,6.0,641.0,48.08209851591473,0.28099216123127,43.220169902732735
3.0,0.0,20.0,0.0,0.545535014831164,9.050777096271613,19.0,11.561737864301135,1.0,204.0,14.324524543279104,0.45981486549673595,85.53213208178803
54.0,1.0,8.0,1.0,0.6220773244331913,9.084965425839473,26.0,53.90322557784713,4.0,331.0,12.793127928712865,0.3818732568923685,72.18484004495417
86.0,0.0,23.0,1.0,0.8318620482325987,5.492138566686487,29.0,10.577308149919997,9.0,837.0,71.62987685732882,0.904872447476663,13.499771853971708
57.0,1.0,13.0,0.0,0.19870456045465368,2.912161577377321,16.0,78.91579096139759,2.0,193.0,71.14147438806269,0.4762684327956839,21.29377141467722
9.0,0.0,32.0,0.0,0.45378454148382574,8.07424764766467,5.0,56.918639969850986,6.0,630.0,43.539623511140654,0.28597929477520057,77.30824300613565
54.0,0.0,15.0,0.0,0.4496973032616004,5.707036483109051,11.0,27.304307083874825,5.0,459.0,32.656552892586255,0.44367398572018707,49.45825384438428
15.0,1.0,19.0,0.0,0.5094966881743018,3.5329447236956177,2.0,63.96619485665434,4.0,464.0,24.984332381820433,0.13795531701138192,62.73515721164383
3.0,0.0,14.0,0.0,0.251429195808652,5.221613987420825,17.0,27.58253562682348,1.0,166.0,22.12400804619037,0.2609526612650534,92.91404839677352
8.0,0.0,40.0,0.0,0.6366007757399064,3.0285929631683395,23.0,27.22056188188951,7.0,783.0,58.82187617569141,0.5231461362665342,47.54698960976392
46.0,1.0,38.0,1.0,0.6961375435294951,7.226586018415236,27.0,21.110370940639726,3.0,637.0,14.873424229116125,0.2595576174072374,59.54712876628874
17.0,0.0,33.0,0.0,0.8620323455681045,7.6615414846998675,19.0,4.58412725505976,4.0,365.0,19.714185361887203,0.11616887248022006,89.01524889349673
29.0,0.0,32.0,1.0,0.8673806517469422,6.139460542797349,29.0,8.682353855922322,7.0,570.0,66.90134131562682,0.865949940112697,32.06806319018281
55.0,1.0,6.0,0.0,0.526769956660824,4.95452210682833,10.0,19.52674118953288,3.0,505.0,53.59490952245968,0.6578977884928235,44.21393409117262
40.0,1.0,27.0,1.0,0.4538387552846616,6.175940897907882,16.0,24.461022397209575,3.0,519.0,24.625181126558445,0.5909221930483854,71.4899616851212
66.0,1.0,19.0,0.0,0.28185768439790415,1.8550872598812842,19.0,46.00375813165047,2.0,361.0,24.877075653390126,0.3890066130129698,52.89630941168374
47.0,0.0,12.0,0.0,0.25077134777434834,3.81351757401898,17.0,40.44731684058888,7.0,601.0,83.60415554105037,0.5840586056435744,53.3304651631292
77.0,1.0,9.0,1.0,0.5948030445331285,7.354251795711878,8.0,35.40256549273743,7.0,664.0,40.97515455497224,0.16287757155084281,84.53246525664676
15.0,1.0,1.0,1.0,0.0951465787784373,9.42150472216518,2.0,97.78938801637455,1.0,158.0,15.1047899260229,0.01694933280854255,87.4540302362399
56.0,0.0,41.0,1.0,0.8935576070577429,5.9048794922827526,26.0,2.8070148807511095,9.0,850.0,68.01150690236472,0.3317023362671327,63.21907080173776
5.0,1.0,5.0,1.0,0.27868221386534486,5.24743777164967,12.0,62.17397342151748,2.0,141.0,18.467220240482476,0.5926184694369449,44.015524687127304
1.0,1.0,28.0,1.0,0.22244517070191722,3.9899865393399954,0.0,92.6614437625329,3.0,502.0,72.58564968425279,0.08909978484298875,56.25425568720681
42.0,1.0,39.0,1.0,0.6529950701367635,5.21486380261702,4.0,66.05677742479243,5.0,489.0,49.630697525822406,0.6376152999551571,26.703912609171507
12.0,0.0,8.0,0.0,0.10731329675810719,5.178561144964227,12.0,73.68680877428515,1.0,128.0,43.92998650069074,0.41430179437610176,29.365653211327267
37.0,1.0,24.0,1.0,0.7760947346401068,2.6990222586394617,17.0,15.945412128898594,7.0,673.0,21.480626706662306,0.8931728041848588,25.656322846451786
8.0,0.0,12.0,0.0,0.11194321803237306,4.726796767993743,6.0,49.214865343243375,1.0,113.0,63.485589515884776,0.5839232348269611,15.494966983188007
56.0,1.0,30.0,0.0,0.38719628513011073,3.776662552919312,21.0,57.446828947314906,5.0,595.0,42.110766535790376,0.7554131708132854,32.54464990186188
16.0,1.0,16.0,1.0,0.5131575032229571,4.191473789032721,15.0,33.14465063876297,6.0,798.0,68.34772882375371,0.41383168819317867,19.48572573502864
84.0,1.0,15.0,0.0,0.23943876592686475,3.107416587988332,1.0,45.34899607595627,3.0,274.0,48.68769410068553,0.3950621870557037,42.98482187505785
19.0,1.0,2.0,0.0,0.014911904002198995,3.502966111284625,0.0,95.5505431664644,3.0,250.0,57.40388953986206,0.2237207963796329,38.36252126183635
71.0,1.0,32.0,1.0,0.5265596770234426,6.085513037496856,24.0,16.191076424031948,9.0,843.0,71.98654006306843,0.8370677792545566,31.503579643722087
61.0,1.0,23.0,1.0,0.5022195974240896,5.561850655926657,15.0,23.575205239721356,4.0,527.0,40.752599172658634,0.30135383225071266,76.63825928076156
24.0,0.0,47.0,0.0,0.8663278785923557,2.836452309931207,13.0,23.911618648859342,8.0,888.0,57.93731562180349,0.7806904228412996,31.13498671952464
54.0,1.0,27.0,1.0,0.8152093403482574,6.144465740500749,21.0,16.749387620595705,5.0,439.0,12.138167006352832,0.3601194054345165,79.77988131433656
20.0,1.0,3.0,1.0,0.3508635145702521,9.947964469672005,19.0,49.79089386963854,3.0,299.0,19.26825508548289,0.28805789601131687,86.9987363808238
31.0,0.0,33.0,1.0,0.7543168348217145,1.6589272731571443,16.0,30.425714707485895,7.0,644.0,33.74441977987824,0.7758156160626608,13.492174521072272
60.0,1.0,35.0,1.0,0.5447633732656878,5.943508916517006,16.0,61.66929875733395,9.0,839.0,57.7428362852865,0.27873559647231594,24.728549708101177
0.0,0.0,16.0,0.0,0.1365416703089835,7.358216602596391,16.0,74.1478076040826,4.0,287.0,87.98633476210901,0.08736534846286736,36.229777241355784
15.0,1.0,20.0,1.0,0.2712894287696684,5.147634902512199,1.0,44.15199488649854,2.0,341.0,13.940893908446947,0.2688346486605583,49.949386575069084
30.0,1.0,4.0,0.0,0.0961437505815782,5.503917893814748,11.0,67.7183705291945,5.0,455.0,50.654850806823426,0.601252062849959,52.60581667880146
59.0,0.0,49.0,1.0,0.8926937909127906,6.461429646284515,23.0,5.6692238551561696,10.0,911.0,60.377952837441676,0.6085188109001842,41.73347157766255
21.0,1.0,34.0,0.0,0.7666261535326055,6.850419419413463,7.0,23.65547511355102,7.0,826.0,15.553897473229835,0.30315575901575353,53.141672637701355
63.0,1.0,21.0,1.0,0.3998798833395222,7.29653187713538,2.0,60.51297506344787,5.0,648.0,36.88710565081283,0.2224763991151711,77.67636557854003
18.0,0.0,22.0,1.0,0.6272400486705295,6.158049723083231,27.0,11.517206959249808,2.0,228.0,12.95453354162325,0.475129150588187,75.82938975946854
53.0,0.0,25.0,0.0,0.632310071612171,5.080431892442753,7.0,51.70374303430934,3.0,461.0,51.59913660013194,0.5707833009771984,28.0540863996301
47.0,1.0,11.0,1.0,0.23145350131247527,9.794326291534794,10.0,18.594659838419897,5.0,483.0,19.693577615777883,0.31224369472300734,91.93051783728589
2.0,1.0,2.0,0.0,0.13087491760426445,3.91025294661981,5.0,95.33716278680394,1.0,104.0,42.26644103467529,0.5104566929817056,34.849951966036656
2.0,0.0,5.0,1.0,0.5243775425750263,8.78586133396783,19.0,11.293657407543028,1.0,111.0,17.095818340097896,0.024650954133609515,90.88667666485179
62.0,1.0,33.0,0.0,0.4869834421458321,1.9897943168840526,9.0,29.129445992356178,4.0,603.0,38.15777342645859,0.7141426130829422,23.369590074517134
50.0,1.0,33.0,0.0,0.3015607919941796,5.500642703203535,19.0,72.54785473397142,5.0,853.0,91.40865747669515,0.6255334382188915,5.587982348934432
91.0,0.0,37.0,1.0,0.5148278419572756,7.496019724599217,21.0,7.242379405474201,6.0,568.0,46.69828901189426,0.3958048713469331,82.61141654014247
69.0,1.0,11.0,0.0,0.16109130896025464,9.57855233820299,9.0,31.706053296007862,8.0,654.0,45.225173971386624,0.029820829003344096,94.76468202604971
36.0,1.0,11.0,0.0,0.3675358029915562,8.22841030443319,5.0,79.53907605356498,5.0,653.0,37.72987137901561,0.4220229169134343,46.26313219456807
14.0,0.0,27.0,0.0,0.49503978029770845,3.406886920976223,25.0,29.33151442900605,1.0,244.0,40.52079792020719,0.2586540779575272,20.41342331391091
91.0,0.0,47.0,0.0,0.9175133053366389,1.4923818171173169,29.0,2.13627154789335,5.0,693.0,45.84523416996368,0.9718068200567889,19.54900829738339
26.0,1.0,4.0,1.0,0.5208900192289997,5.0511693927870605,15.0,36.598826197614805,3.0,267.0,32.69281960441845,0.24373128866731325,71.47690406188845
39.0,1.0,41.0,1.0,0.5499139092916282,8.477342805699385,10.0,34.75160165006987,6.0,711.0,39.41488658405515,0.1722747226116894,88.76855359844166
17.0,1.0,22.0,0.0,0.4095908754016622,4.219378933218423,9.0,53.256225789478435,3.0,552.0,46.33471904533612,0.648600990469475,44.71013967050844
77.0,0.0,28.0,0.0,0.5439855532549794,3.3757317857269893,14.0,13.459998108390948,8.0,820.0,85.38774295937392,0.5338817381727792,46.806567753513804
69.0,0.0,46.0,0.0,0.9731783570629555,7.515226794877683,30.0,1.062856162636602,10.0,994.0,90.18377555329194,0.8447251994711338,16.55569532903325
24.0,0.0,15.0,0.0,0.19239385661779745,2.212672790808558,3.0,72.19577394086322,2.0,315.0,57.09999191050785,0.2579645502145078,53.75968999045314
58.0,0.0,16.0,1.0,0.3350396394704417,4.525115145138347,25.0,17.66630854358093,2.0,327.0,27.55650012850567,0.5281204191828103,36.261711036315425
12.0,0.0,5.0,0.0,0.039097556452792226,3.1945606107054694,14.0,32.808409181442556,1.0,121.0,21.27091969621744,0.6155065216935187,72.64028014734946
49.0,0.0,34.0,0.0,0.836027210730079,1.6452179533650924,26.0,14.64955081963569,7.0,635.0,28.66840024663365,0.8214879687288241,32.24266759338548
33.0,1.0,11.0,0.0,0.20171962135208354,2.832773025042014,4.0,90.4523945652201,1.0,183.0,17.490771649870414,0.39816507017984404,17.07563460450536
5.0,1.0,3.0,0.0,0.27886285013815315,5.6483846382862115,9.0,89.50947239316109,3.0,521.0,34.294442215723855,0.2527290120474684,54.01666462370212
46.0,0.0,50.0,0.0,0.701385380952612,3.6251999707879885,25.0,12.496725824910591,7.0,885.0,95.08731603993336,0.7771378480099147,26.76900428494961
64.0,0.0,24.0,0.0,0.5581341998212053,6.864708181102105,10.0,11.110226643259162,7.0,706.0,84.53665516516509,0.496046673565641,57.72718824519587
31.0,0.0,49.0,0.0,0.895678604349727,2.324249453313552,17.0,8.034228677389233,7.0,928.0,34.97591427669137,0.7870730968760113,31.4681469364986
17.0,1.0,13.0,0.0,0.22056514460067467,8.834268071002686,4.0,79.61038339538001,4.0,556.0,69.22555603299182,0.03188822923780715,58.48709920286301
59.0,1.0,37.0,1.0,0.6837437174727722,9.25912744373107,16.0,23.3761484019463,3.0,694.0,37.75878576402484,0.29641442491599,79.23056265736076
7.0,1.0,7.0,1.0,0.49177030582210807,4.49297021746184,6.0,83.02598298292293,1.0,187.0,25.43142024557887,0.47738345950632355,36.46817194794436
54.0,0.0,15.0,0.0,0.6887377728454914,7.442947621538368,28.0,11.527445606788753,8.0,772.0,30.00369041603504,0.22294044662257806,86.49310784301542
18.0,0.0,33.0,0.0,0.8033076520011664,3.815978622636016,24.0,17.041820480574277,4.0,781.0,37.698181965771774,0.6141955343489591,53.80313279044851
38.0,1.0,29.0,1.0,0.37107986330098297,7.045276955237723,8.0,19.880068664738253,8.0,902.0,29.639765607497246,0.6115773357519427,68.67527566414907
30.0,0.0,30.0,0.0,0.32209825528240654,1.9791266807722474,2.0,40.760630473495816,7.0,874.0,41.66637182752346,0.6878748828843129,42.28534282908352
94.0,1.0,48.0,0.0,0.5880141839633211,1.1565124110310672,27.0,22.66343712399903,8.0,951.0,88.56393134134142,0.8954654777399802,2.599294613269876
31.0,0.0,16.0,0.0,0.6897253733405101,6.390845477648827,22.0,3.982079524970438,5.0,414.0,65.13223635215583,0.3151992151961703,78.74800452162567
9.0,0.0,43.0,0.0,0.5503869632352525,5.387179960566069,28.0,22.453935434957142,2.0,409.0,70.70234521850422,0.8204930080784607,35.929913252559416
6.0,0.0,6.0,1.0,0.12971344807423124,4.4085691319953435,10.0,60.931106825926,2.0,138.0,20.782142882747404,0.5419900995877533,43.034238808176234
2.0,0.0,13.0,0.0,0.293615951061163,5.6818895364525215,4.0,56.873276625393586,3.0,396.0,31.49837443250291,0.11567999730594847,55.41204635413879
70.0,0.0,34.0,0.0,0.42022708074105575,7.715593174654839,25.0,24.19423369885014,5.0,575.0,81.20836431382388,0.28339881720375737,33.8021049135804
84.0,0.0,21.0,0.0,0.4980675061701745,6.029798664515763,21.0,27.516666563862458,6.0,685.0,86.37951266225477,0.20021263390571353,26.06380059290088
16.0,0.0,10.0,0.0,0.3857405016978397,9.39419578675032,5.0,54.783062629558266,1.0,115.0,21.193217452376988,0.27153199026920916,47.116842394070815
31.0,0.0,43.0,0.0,0.47587728778577776,4.0955345075541,19.0,30.772431670036397,4.0,782.0,84.75199676895342,0.4027424163943705,34.30146421918127
77.0,1.0,6.0,1.0,0.21914633223667346,7.947995680490298,15.0,61.76806164607484,5.0,623.0,64.46268102587818,0.4434289324881131,74.42559068270108
73.0,1.0,9.0,0.0,0.388700429075532,9.542608538720515,13.0,17.20109415680915,7.0,785.0,22.997207396158117,0.5429564837632179,74.34590274586262
21.0,0.0,40.0,0.0,0.9278620821714758,6.971443346173049,17.0,19.8321846219801,6.0,794.0,43.831489232732295,0.30952775310568803,50.93395048651131
31.0,0.0,19.0,0.0,0.5567020134757024,7.142051252928208,11.0,39.95660395894783,4.0,387.0,69.42822112581409,0.21936427389239824,51.146507241063475
45.0,1.0,15.0,0.0,0.36403237478485384,4.2443106342352905,9.0,84.07770724898492,2.0,225.0,58.48029643099394,0.33060465315398446,58.58532042095983
13.0,1.0,3.0,0.0,0.33562249661453303,7.822519615238038,5.0,79.31948759156126,3.0,207.0,26.896934844574883,0.31865374478523,41.948954774327156
13.0,0.0,39.0,0.0,0.8960580070457813,2.2558361990174016,20.0,13.465695727841839,5.0,857.0,52.05278420359122,0.7112236262706838,5.2496541792230005
100.0,1.0,30.0,1.0,0.834786452098683,6.913086767202538,10.0,18.515861408671533,9.0,742.0,46.74438763247587,0.18550628579761116,86.37527999714763
16.0,1.0,20.0,0.0,0.1410285230343194,8.146958780081956,1.0,74.17506335332268,2.0,424.0,38.988980857352324,0.024655768373433862,95.67897886464895
1.0,1.0,5.0,0.0,0.06793501375362865,9.79377983054105,6.0,85.19185886728184,3.0,343.0,20.3922537049462,0.25161317936195465,94.63311244339774
35.0,1.0,8.0,1.0,0.6732757006907875,6.266821782548063,9.0,35.045047538542825,5.0,645.0,17.656780280072343,0.46885477951496674,47.71997894207939
9.0,1.0,28.0,1.0,0.7950054760184015,5.1222426472874405,24.0,42.06485433690643,6.0,625.0,53.38301717454283,0.5127868708880028,19.23203046806183
12.0,1.0,11.0,0.0,0.11074744013995591,7.57825904295313,1.0,50.680285579115726,2.0,238.0,34.83732912093737,0.13819290664719774,70.16842728119542
73.0,0.0,32.0,1.0,0.8836451539293889,5.5419133189479775,29.0,1.6765036561806113,5.0,427.0,15.342456605293277,0.5758974518561587,81.8558858757668
28.0,0.0,8.0,0.0,0.40293669597215864,8.161794250445663,4.0,72.17658711980646,2.0,264.0,22.091544671236203,0.02375118175248564,81.763044342038
33.0,0.0,25.0,0.0,0.5773938398816166,2.8624929916217337,23.0,17.59106984111706,6.0,849.0,87.84042500895808,0.8731417837642955,11.16173907776058
15.0,1.0,12.0,1.0,0.262191896478816,9.73505239821556,2.0,77.63023458462473,1.0,263.0,10.348125743593242,0.0623264866095376,77.94251451715327
7.0,1.0,22.0,0.0,0.507534158914557,2.9578952999250596,14.0,27.978537213566334,1.0,367.0,27.15373818173283,0.8176905523578587,44.68567018463985
97.0,1.0,19.0,0.0,0.6833722542964126,5.328395268338086,27.0,14.600098823436314,6.0,679.0,29.135368357741818,0.5902442988064953,68.59714060411324
19.0,0.0,18.0,0.0,0.3753781604122931,1.4509786646695044,6.0,34.07118477743671,2.0,338.0,68.05851061142546,0.41360975910098696,11.83691172024772
5.0,0.0,8.0,1.0,0.4907272097221664,6.15872861412787,4.0,57.21426226927737,3.0,259.0,17.043387111668718,0.35032327096970384,68.31937173762059
21.0,0.0,26.0,0.0,0.2546385271248076,4.365978918786261,12.0,51.58510546728241,4.0,372.0,55.39606887183828,0.5602024622163537,50.317395065321456
21.0,0.0,29.0,1.0,0.4238390902782292,1.9929740573137145,19.0,13.225551419949088,6.0,460.0,86.5627646711931,0.779525464235238,31.11797221192415
4.0,1.0,26.0,0.0,0.17601104373826065,8.139907808818288,11.0,62.6287592843782,1.0,215.0,12.796235769828396,0.267875472691967,85.84414764510504
5.0,0.0,22.0,1.0,0.600850681839812,9.147990176053586,13.0,7.041918850360668,4.0,408.0,22.46993907979956,0.2744600523791344,98.64579283333988
18.0,1.0,10.0,0.0,0.12789110002263826,7.6216644726639595,1.0,40.26446475717108,2.0,278.0,17.018122800498656,0.4114457240239759,72.57727082860555
50.0,1.0,31.0,0.0,0.40578405392643124,8.682068808370573,20.0,63.172289722696846,3.0,509.0,39.3712897245995,0.11277035659365375,42.19451022259803
13.0,0.0,44.0,0.0,0.9125167561947605,3.5017651099572875,25.0,6.0543095512185685,2.0,649.0,60.91426731470045,0.697044950771342,38.43742297196727
64.0,0.0,38.0,0.0,0.775500670452605,5.763079985002512,22.0,17.031788504421613,5.0,472.0,26.184047422857713,0.2984986668097351,45.11391261812436
24.0,0.0,31.0,0.0,0.6905050144700406,1.579481343810122,14.0,14.924890343052075,5.0,675.0,35.597979292574536,0.41651884549540563,22.87244485563882
86.0,1.0,45.0,1.0,0.5820132110748601,1.3617042509052695,25.0,20.536173448614708,7.0,895.0,69.27801838327143,0.9181352011997312,16.670836384798022
3.0,0.0,20.0,0.0,0.4605461849026258,5.737367069479734,5.0,17.57141958680486,4.0,354.0,69.27376409151113,0.06969446022769865,92.13140141364835
50.0,1.0,21.0,0.0,0.42705272953150597,2.478558839353901,1.0,62.02192789375578,6.0,564.0,26.840416271043022,0.7823006335539595,7.798180201005408
37.0,0.0,25.0,0.0,0.31053952842882376,2.794082683784309,20.0,42.15230427819879,6.0,547.0,86.05141119152246,0.71563839823233,36.471866922221
37.0,1.0,34.0,0.0,0.814433750588641,6.909136569233911,22.0,8.81317999363857,3.0,499.0,16.198803487109906,0.2558689538412887,77.32194624649513
77.0,1.0,46.0,0.0,0.9048385154595892,3.724574453642381,26.0,4.852238191395405,10.0,998.0,91.46837189777925,0.9755092365590049,12.608198013047897
65.0,1.0,32.0,1.0,0.5708843301613544,9.104582614196431,17.0,15.121381860474832,3.0,353.0,12.230088154131545,0.1201400014135599,66.59174052204749
30.0,1.0,35.0,0.0,0.4178232700304277,5.825430200974365,13.0,42.21122729932508,2.0,275.0,40.63101277023298,0.3380570829094497,65.98886736311616
72.0,0.0,21.0,1.0,0.6623980068300169,5.946176635384501,29.0,15.0525060143791,8.0,864.0,65.49517324729902,0.634121974768297,15.345921171192003
85.0,1.0,23.0,1.0,0.3563422586700687,4.970359142481535,7.0,44.80095159191347,3.0,280.0,30.103417231097087,0.14833406304944402,56.6979808491205
40.0,0.0,43.0,0.0,0.8146515569871796,1.7097128210260322,13.0,3.569802217592149,7.0,666.0,51.933261643725835,0.5672452150249809,45.179834317534834
24.0,1.0,20.0,0.0,0.31377984667558584,5.165154479047779,3.0,70.80467823003144,3.0,345.0,44.62418465350641,0.10636748922757705,60.98935068779027
44.0,0.0,14.0,0.0,0.4524118490715232,5.4671716999106295,8.0,33.41841261763438,2.0,356.0,22.383007180865697,0.09964035496096274,79.8743297821259
4.0,1.0,19.0,0.0,0.5184713468056514,3.7674328107530526,13.0,79.97830055691772,1.0,340.0,22.309588787546893,0.39731081848385835,56.571317824825584
10.0,0.0,42.0,1.0,0.6938967305054824,7.325363778199544,26.0,3.250551032640088,2.0,402.0,39.5252622102589,0.4502045607506299,45.28349097177315
13.0,0.0,23.0,0.0,0.45810209027642557,7.8434111289837904,18.0,21.081120884076185,4.0,523.0,59.349401230228345,0.28408828633797045,44.26233094388457
65.0,1.0,32.0,0.0,0.6914461248934403,7.252087035183955,13.0,28.19160936562015,7.0,844.0,25.041732329702615,0.14161498980126502,45.87421715769048
66.0,1.0,43.0,0.0,0.7935908387554759,5.267473829850392,8.0,7.542295397041727,7.0,732.0,34.27350016178106,0.3015645646427755,43.96698072225951
55.0,1.0,9.0,0.0,0.27935843279819145,8.805061178703705,4.0,36.575280862358824,2.0,451.0,35.879230689458026,0.21248010680778778,88.4053712595337
11.0,0.0,45.0,0.0,0.9132397842806912,4.860641539978395,27.0,7.055002403823638,2.0,617.0,42.336083252028835,0.5963689946781345,52.48675071192436
76.0,0.0,30.0,1.0,0.9285152024157605,3.1377125995912203,17.0,3.3657459192595898,4.0,473.0,12.713060555226587,0.6529487394432902,43.50588388907749
80.0,1.0,34.0,1.0,0.5885680541596982,8.412992283867517,18.0,50.076165078425355,10.0,897.0,29.78547132937617,0.16564609716811185,44.33636669200619
46.0,1.0,39.0,0.0,0.6918397235740111,3.0054655992448405,14.0,13.437388639316136,3.0,642.0,19.77139499107427,0.8423315553143151,12.636934057869155
8.0,1.0,27.0,0.0,0.5735005300894045,8.2176936451842,8.0,27.395860067564556,6.0,836.0,50.16568823085244,0.04349241439666357,71.27401221414729
76.0,0.0,44.0,0.0,0.8482824694678797,7.631475470288997,30.0,7.5797005989442825,8.0,924.0,52.02753830670391,0.5997932865787142,44.357935835981486
64.0,0.0,46.0,0.0,0.7601906459246303,7.36068216442922,22.0,8.828311471771896,7.0,908.0,45.90305674951246,0.4243317804712717,47.653154857963564
13.0,1.0,13.0,0.0,0.36932224811998504,9.750807036211148,7.0,20.09992891367355,1.0,185.0,22.824082002711812,0.055312364914590184,99.42173025067211
24.0,0.0,17.0,1.0,0.2457127944775368,6.356482859173759,2.0,37.00756769540406,4.0,474.0,72.41175689861566,0.07473051153928034,87.55761269583166
4.0,1.0,1.0,1.0,0.34776616990203923,7.038353195894029,1.0,48.2352828880732,1.0,117.0,10.036117813005898,0.008288338387436867,99.82601976823034
24.0,0.0,11.0,0.0,0.16837072707964784,3.548373172546619,8.0,80.3968308632699,5.0,588.0,70.80982534409276,0.6253478579368493,41.167071965858504
98.0,0.0,49.0,0.0,0.7138985051644646,5.13623839393573,15.0,11.533303864357299,10.0,939.0,97.31249519414233,0.3699737327231509,59.764188491190446
36.0,1.0,8.0,1.0,0.20911282701987166,2.969385325749048,0.0,97.62949022202116,2.0,323.0,56.10527103215142,0.11028961163363293,18.707710105716618
17.0,0.0,47.0,1.0,0.9724178575246749,2.633651083422845,29.0,4.5979856572894935,4.0,727.0,48.70386760455855,0.8133237990183169,37.80240511876753
12.0,1.0,25.0,1.0,0.7573295780016388,8.26163667795049,12.0,15.113035107637732,3.0,407.0,10.147918235474783,0.050722692319360996,91.28560766382554
20.0,0.0,35.0,0.0,0.5005812465160203,3.7249651916911812,27.0,12.007925920653854,5.0,655.0,39.05331298791357,0.603323567055867,27.43917021772706
87.0,0.0,40.0,0.0,0.6214264650801704,7.880834497422945,27.0,2.414583797911599,4.0,400.0,19.61701055651453,0.4647893691100376,85.80839136451212
97.0,1.0,29.0,0.0,0.8448080578606787,7.907841933304092,27.0,4.6768690552311565,8.0,842.0,32.30089990527559,0.8358334014707605,32.09687092243486
60.0,1.0,9.0,1.0,0.6712926140774782,7.712141181425949,16.0,14.03319562334562,4.0,418.0,27.551556573863355,0.1188893196375142,95.89757758886627
29.0,1.0,39.0,1.0,0.8271901595285891,7.613568111832741,24.0,5.638116546919067,5.0,735.0,26.156773503797822,0.4194428386843885,90.64272809470071
67.0,1.0,40.0,1.0,0.5132578099794969,8.734480986069446,27.0,4.0711961696651,9.0,841.0,34.041811110714775,0.22705537170358428,91.15686989764626
55.0,1.0,4.0,0.0,0.05369252900705623,4.357469161249313,1.0,96.76157579050037,6.0,404.0,83.07383866872838,0.4246113554749141,32.84430010648886
41.0,0.0,48.0,1.0,0.9814098720893347,1.4911828118468051,24.0,1.450147450966771,10.0,925.0,59.207153238922565,0.7229186894150061,12.473577385401548
19.0,0.0,43.0,0.0,0.8407127160007959,3.044215408722069,20.0,12.879933420956013,2.0,590.0,29.46974471540847,0.8790703441267146,33.19803787705316
6.0,1.0,6.0,0.0,0.0792587363704178,4.920810553418899,0.0,88.1901035517654,1.0,165.0,21.733236862784807,0.042804384625516334,57.36089507276057
39.0,1.0,10.0,1.0,0.415418795199358,5.661453748900199,8.0,36.42077875287885,1.0,242.0,10.18465607384913,0.4856828744996342,83.71157742943416
97.0,0.0,33.0,0.0,0.7136852830813711,7.043256626783839,21.0,13.413914966143508,8.0,879.0,33.754799771747535,0.6144675140705966,26.924464176934638
54.0,1.0,25.0,1.0,0.67314454902261,6.226443381472164,24.0,19.311282976191272,5.0,525.0,48.87533553536007,0.22062091177323329,87.31700999685893
30.0,1.0,19.0,0.0,0.47353479838909435,4.360240664955249,2.0,53.60087829509608,5.0,668.0,34.28018635132224,0.4526953445859546,24.465633196694732
2.0,1.0,1.0,0.0,0.32435117075411934,4.68811332699126,0.0,98.8810427495323,1.0,186.0,11.765992239826696,0.30923680959597527,77.08790756759689
11.0,1.0,1.0,0.0,0.11702500440544356,7.659971351896763,6.0,80.4944479446684,2.0,125.0,46.07149052808838,0.03191092035861387,72.47923605156078
41.0,0.0,25.0,1.0,0.8252775716366894,8.306291604678544,14.0,3.2880143812323834,4.0,604.0,28.79322876790982,0.1370157872495364,95.3892812600724
42.0,1.0,4.0,0.0,0.5302409840036747,2.9795396013316875,11.0,56.622313120899626,3.0,319.0,13.988660904789233,0.19370703326781663,31.872496006617588
99.0,1.0,19.0,0.0,0.387776312367617,9.173184282268736,20.0,54.814443551521364,3.0,292.0,40.98784081964121,0.18486946148608838,44.00437539478661
13.0,1.0,3.0,0.0,0.1096779904492326,5.337271863648632,9.0,91.13180382691243,1.0,309.0,28.463255858745363,0.0778726920199922,58.73316396835948
25.0,1.0,11.0,0.0,0.08479010305119261,9.395357054010393,11.0,50.39878152785746,2.0,348.0,58.416210996700805,0.22194525073887272,80.27254390484421
10.0,1.0,1.0,1.0,0.07272247995288322,9.102906282185666,10.0,82.30235306973269,2.0,142.0,19.060757747931515,0.38289114785115136,87.9243372026462
14.0,1.0,22.0,0.0,0.473345771923514,6.465391642964462,21.0,21.634600289133108,3.0,683.0,18.255628790185604,0.2697615887001755,79.89785659658385
71.0,0.0,45.0,1.0,0.7570908238566321,7.797792647338122,21.0,1.547673276267318,4.0,726.0,25.275427567452088,0.628351918381811,63.16290081811427
23.0,0.0,27.0,1.0,0.7314164599842299,4.3714147367061935,25.0,3.929015011678117,4.0,487.0,27.330238599762602,0.8653739441639445,24.36332123130071
60.0,1.0,17.0,0.0,0.6544677866291705,7.074895726437678,19.0,12.66744757557799,3.0,492.0,49.18502289013307,0.1580165892528556,39.91779239477586
0.0,1.0,14.0,0.0,0.4173593127698083,7.237327878599908,5.0,41.396291619236905,1.0,134.0,21.65223079208169,0.05054166224531442,84.37485968859428
29.0,1.0,5.0,1.0,0.21552106302560264,9.851267940598301,1.0,81.66699286510068,3.0,212.0,16.802109369085304,0.05752305769880928,90.85820527453382
90.0,1.0,39.0,1.0,0.5794395186176953,4.876142832615434,12.0,9.237243128364003,4.0,807.0,26.793466103897188,0.23022483211012973,84.59526591005229
35.0,0.0,21.0,0.0,0.7209149945896982,4.4186004256555,13.0,43.46818588218727,5.0,700.0,76.77355072759065,0.341370829927189,26.152532510117183
58.0,1.0,7.0,1.0,0.3042814418972861,6.270118157948627,17.0,36.87277429600178,2.0,189.0,23.48706509167549,0.4430220491071779,42.71388713308028
13.0,0.0,14.0,0.0,0.15928483223951778,7.361770384817163,11.0,32.33973861447849,1.0,108.0,13.934586545947015,0.29500528038034235,73.77693434248201
8.0,1.0,11.0,1.0,0.6269939331551488,4.897229774769105,2.0,39.575235488675546,3.0,553.0,43.520920498311305,0.06011019443943533,37.12230904805221
2.0,1.0,12.0,1.0,0.19661307256856958,9.176172454329649,10.0,78.66724895286846,4.0,311.0,26.73615700073624,0.25959013993923485,96.98881711337938
23.0,1.0,32.0,0.0,0.6506016438826747,1.959896256769294,21.0,26.697790380284196,6.0,889.0,72.46111345147338,0.907122849356568,4.594292384219052
26.0,0.0,49.0,1.0,0.9414442481460373,6.289852215644453,30.0,1.1239530947551195,4.0,638.0,29.18756970004767,0.496222412997185,78.00767653790541
22.0,1.0,8.0,0.0,0.405440812140429,9.830933490864085,18.0,42.373357573938264,5.0,471.0,33.20151926720583,0.19181162299821622,95.33982592630636
93.0,0.0,50.0,1.0,0.9994324235692149,6.289632874959167,28.0,3.6453225790653985,10.0,989.0,49.53993958857267,0.6214163039064495,19.557034819193063
97.0,1.0,18.0,1.0,0.33840710610760283,5.253056333598912,19.0,66.35687266687681,3.0,321.0,23.715434164310484,0.5649720735635866,54.6188839698437
12.0,1.0,30.0,1.0,0.77177178786526,2.2517492258828256,7.0,21.345780752310205,3.0,310.0,22.031274551835573,0.5018606066406133,27.689718057230845
52.0,0.0,32.0,0.0,0.517013304915849,5.6909050185277765,12.0,12.41036168298046,3.0,475.0,59.24271577792007,0.44222909181896375,70.42142895594282
100.0,1.0,45.0,1.0,0.6999535378196368,6.348723174059511,9.0,47.133345069893416,10.0,999.0,93.84196928818602,0.5018049515847633,56.66291643741045
91.0,1.0,24.0,0.0,0.411968446187632,9.064243716530491,16.0,16.474613778225756,6.0,566.0,44.89059753792794,0.23916005553724476,78.58864819286349
22.0,0.0,10.0,0.0,0.5436508171148178,6.765247969458261,9.0,21.268270343712906,2.0,178.0,16.70507066148539,0.4777328379796672,58.22849651849168
19.0,1.0,14.0,0.0,0.3656068328416563,6.492858196011227,5.0,27.53983455532112,5.0,390.0,29.701260518296678,0.5516024294386297,90.45366461967859
71.0,1.0,12.0,1.0,0.7553609722009673,2.5657961264244173,19.0,24.500416984998388,6.0,805.0,31.954764857054123,0.6006922944608699,15.800612436597362
11.0,0.0,16.0,0.0,0.6934226468099096,9.234029163720802,26.0,8.149960919854124,2.0,196.0,18.237929494851688,0.5871544665648001,94.7303926078876
17.0,0.0,41.0,1.0,0.8420464684938794,4.432805739098128,15.0,17.276523968033974,6.0,845.0,76.49983400711322,0.42014211386705713,24.804538070732857
68.0,0.0,38.0,1.0,0.8974325325909591,5.429927120627958,19.0,2.765669916475251,8.0,847.0,21.33704359383755,0.6039459775071114,61.91765403684426
77.0,0.0,28.0,1.0,0.6849664387407546,4.661515142386976,24.0,30.59313027222791,8.0,896.0,77.35908844260008,0.6254293464993539,8.693327128359044
51.0,0.0,43.0,0.0,0.8759129439937947,2.0763432356726006,28.0,5.478721086522478,4.0,688.0,58.9298490017384,0.9971339539295541,14.129364784790504
1.0,1.0,17.0,0.0,0.14696117838011746,4.3012075348654,1.0,91.82391968234322,3.0,608.0,42.03425417077691,0.5160069203190311,22.30036673969824
88.0,1.0,15.0,0.0,0.43015950657027113,6.368508369339803,24.0,21.579684904971113,6.0,614.0,29.832134828370528,0.5762062694925404,66.54430332034684
12.0,1.0,2.0,0.0,0.09393176040551976,4.898701233008304,0.0,99.29332094066643,1.0,157.0,25.121407972133778,0.15836299967236062,63.5606256816304
56.0,0.0,43.0,1.0,0.8871957156619185,6.111371262818673,30.0,12.637000877698002,10.0,915.0,38.44131061256002,0.8082396831577794,65.27259925235263
6.0,0.0,18.0,1.0,0.25202600442812756,2.160925918303156,5.0,81.54624687224815,1.0,155.0,43.72239518905663,0.1850197781379794,27.742894477131056
31.0,0.0,34.0,0.0,0.6163087062930556,3.145166797264396,9.0,31.078725663369447,4.0,434.0,40.065713989347856,0.7363205598741611,35.97017714349445
26.0,1.0,14.0,1.0,0.5167972254917822,6.974163262224267,7.0,21.551387903234954,5.0,636.0,14.81960387426439,0.355965432629773,80.01489244877936
7.0,1.0,12.0,1.0,0.5095226522612007,3.4158012776254996,5.0,41.94635543313742,2.0,254.0,15.202856479912558,0.2657957907971459,69.14195737885521
59.0,1.0,26.0,0.0,0.7535640620867544,8.802500680028329,20.0,8.421596194808734,4.0,458.0,36.68914510228445,0.11450760408861616,61.07193714281064
21.0,0.0,8.0,0.0,0.2684276382481013,5.651103699268297,22.0,14.963053107758444,3.0,425.0,54.37383292714356,0.1963167454283585,75.81033270280473
24.0,0.0,7.0,0.0,0.1759450532295101,1.9862374517681878,3.0,72.77055798222383,2.0,318.0,41.87699319800079,0.3769533950163522,25.831948548698964
24.0,1.0,37.0,0.0,0.7444015826758386,6.131802019888676,22.0,47.2753551910252,2.0,419.0,20.886060490413804,0.6805374373479274,39.8048382869551
32.0,1.0,39.0,1.0,0.7179087991714517,7.916526222438868,28.0,8.57384765058527,7.0,893.0,21.307650419757607,0.7415683727222022,36.63550979420035
13.0,0.0,18.0,0.0,0.5756366908469789,4.901403564367914,15.0,11.812867805261732,1.0,393.0,40.39417586100849,0.1505875604038744,49.563545001324876
73.0,1.0,29.0,0.0,0.6599760715690489,7.955793458273037,18.0,43.03431874532181,3.0,715.0,20.475890137845436,0.3727450647091066,53.757027692040445
12.0,0.0,31.0,0.0,0.7959383932165037,5.458442873269598,16.0,4.811258581343518,7.0,898.0,79.2852019951526,0.5441095243665925,48.08743284063596
28.0,1.0,2.0,0.0,0.18027326728996246,5.375139136655729,0.0,69.58853019317223,2.0,253.0,31.58036048351794,0.05661602040267416,44.71119212261253
23.0,1.0,2.0,1.0,0.32403496881160576,7.239328974137337,0.0,85.0729923091898,1.0,133.0,25.881611537082364,0.012113917172488942,96.57492355524774
29.0,0.0,38.0,0.0,0.7296116071188775,4.658327653383508,11.0,5.649584451532116,7.0,765.0,23.31802146910519,0.14956261807385618,74.79848409421291
8.0,0.0,40.0,1.0,0.5731922221673051,7.73851540448322,6.0,29.797157726584725,7.0,678.0,84.77835749323586,0.43603429088414963,78.95876854454536
8.0,0.0,12.0,1.0,0.23020085216285407,6.59400447453276,2.0,75.66197587994203,2.0,251.0,27.91957249653854,0.07773005443575409,49.76609664448791
78.0,0.0,24.0,0.0,0.7024045186362016,5.900255810831069,14.0,19.477584104807704,10.0,948.0,85.27060896724814,0.2190322409932126,29.741790906160276
35.0,0.0,23.0,1.0,0.7014953802204094,7.339263984260598,28.0,6.915224166128416,2.0,252.0,46.992420139051724,0.5250286034125002,63.66893280480051
0.0,0.0,29.0,0.0,0.8048788715930504,8.895761309610098,22.0,8.579930518864382,4.0,485.0,39.9728666786123,0.18784185645837387,55.16330199345116
36.0,0.0,20.0,1.0,0.579003841238626,5.221536233318893,26.0,15.645027269236445,4.0,452.0,40.484096906882506,0.7405788471036404,49.48657717489839
65.0,1.0,19.0,0.0,0.7260991644290037,2.7854435385501013,23.0,44.06623162708808,7.0,676.0,33.13716261881501,0.9308850852511454,11.011333773727614
78.0,1.0,20.0,0.0,0.23431455296496245,3.3678867326213036,11.0,34.97143005332404,3.0,481.0,42.85203419914372,0.8611792194188594,18.09093260726356
27.0,0.0,46.0,0.0,0.6926483298576068,6.823856499321982,20.0,5.992952473291483,4.0,716.0,65.18746183827183,0.17555836301803085,52.99933326998535
84.0,0.0,40.0,1.0,0.8581185599635606,3.5940018874429382,28.0,2.703691467654073,6.0,756.0,33.70342679379526,0.8924565730749002,54.209660841140604
80.0,1.0,42.0,0.0,0.9034580839474107,5.931228617300953,30.0,2.5808412924118245,7.0,750.0,13.488533216873412,0.48002837366641227,56.67694807948194
9.0,1.0,4.0,1.0,0.06859801546806676,8.641357893702796,11.0,54.06858575236436,2.0,206.0,25.97266898046872,0.36456362637141315,87.84268977610347
31.0,1.0,22.0,1.0,0.3741191334954262,8.779846333754552,20.0,15.433389726942035,2.0,436.0,43.79490286119394,0.3433551074607777,54.20562788808073
68.0,1.0,32.0,0.0,0.8301010652307168,7.1364506303765864,26.0,19.81576459435267,9.0,968.0,73.63947503559014,0.7772827221169275,44.850480761807226
61.0,0.0,50.0,0.0,0.872778316477307,5.392914969176721,30.0,3.103440947338125,10.0,970.0,59.260498909267824,0.6402871297683617,17.058505904181047
45.0,0.0,18.0,1.0,0.30710225955855597,7.1392938839662525,14.0,24.620264421189738,3.0,346.0,22.739575942528994,0.17861871663782541,62.67063571538385
66.0,0.0,27.0,0.0,0.431836756282693,6.139427175966086,19.0,28.136718158782696,8.0,762.0,95.5648736812407,0.5540178682083645,10.468698522093732
88.0,1.0,24.0,1.0,0.7797419360277413,6.789007640431911,12.0,43.38571458067295,5.0,760.0,13.848283921607035,0.1336701664440776,63.57077221916111
47.0,1.0,26.0,0.0,0.24556292120119688,3.6249784280691006,6.0,57.386771707034825,4.0,808.0,60.82791680797244,0.7432081431235199,29.733006037194745
49.0,0.0,28.0,1.0,0.8655922913476751,7.3099970774209595,28.0,6.204152097067948,9.0,878.0,49.97725879526808,0.7326604888699301,69.80203674257935
22.0,1.0,6.0,0.0,0.49849729733839543,9.743500119347296,12.0,24.05833080208822,1.0,298.0,29.35891608217128,0.07843713327893864,83.01279725515028
4.0,0.0,37.0,0.0,0.36744927075180495,6.937989543704959,7.0,63.752268469977636,4.0,809.0,76.06540471139002,0.18833140017946123,54.193260189018545
38.0,0.0,35.0,0.0,0.899550181138474,3.9735226637191943,16.0,9.098575600559766,5.0,851.0,19.787733269468227,0.5950055539468508,40.79463125379744
20.0,0.0,36.0,0.0,0.6069882863575106,3.9552716820276617,21.0,12.867907031052377,5.0,529.0,31.665104183546,0.8528385759679975,14.999529582420543
39.0,1.0,3.0,1.0,0.36521416682247515,9.973734073365812,1.0,41.569485117802316,3.0,272.0,28.90241626607106,0.01133545263811353,98.80266946385359
26.0,0.0,43.0,0.0,0.8695773351840934,1.9499287615827137,26.0,25.572148384352552,7.0,829.0,77.3027882184128,0.653895392426178,19.124505943055997
16.0,1.0,17.0,1.0,0.684953451112499,7.358986884316995,26.0,41.02536206666273,1.0,303.0,12.42629092731642,0.3686189470145657,83.90329349729402
9.0,0.0,38.0,0.0,0.5458768869669229,5.687339747989418,5.0,11.23492468697353,2.0,350.0,21.796752432413612,0.5181406115267972,60.47564981119329
83.0,1.0,7.0,1.0,0.3258286632688039,2.8906795943007464,3.0,79.63548321192654,5.0,382.0,56.95649388679103,0.6838997571967668,14.737401282558316
9.0,0.0,24.0,0.0,0.2802532892472793,1.7690577925783608,14.0,36.94182388106191,1.0,277.0,52.05858231607963,0.42240052519702054,10.919355841208251
46.0,1.0,16.0,0.0,0.19571609168237264,4.575839684439056,15.0,27.454939818442636,1.0,188.0,34.90383099759749,0.7953327712126395,42.46487115946224
20.0,0.0,44.0,0.0,0.7822469899542399,3.533934934531227,25.0,7.115281316197912,2.0,477.0,41.03152714665384,0.7228247010290034,12.053932562042114
78.0,0.0,24.0,0.0,0.5668101878666642,3.5968186377645743,27.0,18.22705263723061,5.0,395.0,45.56370435256836,0.6229947749668479,11.463862675411015
1.0,1.0,14.0,0.0,0.41300144853260945,3.1690716004139112,7.0,55.57051877323107,1.0,153.0,11.556463256528064,0.5152562197362096,29.582500505626207
13.0,1.0,33.0,0.0,0.7050728873354828,2.2250714881711575,8.0,77.06760170041942,7.0,703.0,22.709267602922043,0.5148833655779133,50.98747046492279
17.0,1.0,15.0,1.0,0.6457710192646487,2.967230927262461,22.0,14.916334784142647,6.0,833.0,40.853905853793954,0.4429964636352526,30.930574773795662
78.0,0.0,48.0,0.0,0.8477353972831823,1.554512634971327,30.0,1.1239841765778769,9.0,961.0,88.31556651141054,0.997349544063325,0.47043866069302
95.0,1.0,47.0,0.0,0.9656210034568258,5.331026217788864,25.0,21.607766133662956,10.0,943.0,41.069386074283486,0.525303117519438,49.04628656401221
9.0,0.0,29.0,1.0,0.631970435527515,9.490647532270767,12.0,38.7468577342886,6.0,550.0,22.55844813445517,0.2034469652437837,71.8965736780228
10.0,1.0,2.0,0.0,0.30182046198110524,9.036679236244483,7.0,69.61029882205605,3.0,226.0,27.10716856104409,0.20063625667544263,75.3430461279078
22.0,0.0,41.0,0.0,0.5366025603926047,1.2221026113495874,21.0,10.026088561163217,6.0,633.0,51.61357222160094,0.4662412167027993,34.838912116743444
1.0,1.0,1.0,1.0,0.24504726782030167,6.946300377762157,11.0,76.61120334172094,2.0,285.0,12.704921018645758,0.036004774914833504,96.75557081450779
55.0,1.0,21.0,0.0,0.6316474037303388,6.080040956217907,26.0,36.977340319110205,2.0,512.0,26.179916446040494,0.7064206010492389,23.50473170057967
76.0,1.0,38.0,0.0,0.9288158116826106,8.275058328849312,28.0,12.23019750267772,9.0,894.0,50.347807411290646,0.5429186369990164,43.50786568336851
3.0,0.0,6.0,0.0,0.1405108482133013,5.38679419665967,9.0,70.273135145093,1.0,208.0,40.01673703839586,0.5661953095484962,32.04133697630849
60.0,1.0,35.0,0.0,0.4141539162146415,5.050436616851013,20.0,50.56673671520658,9.0,947.0,90.95140463697636,0.7797380024296534,41.58397941907778
65.0,0.0,36.0,1.0,0.5052937351664731,7.869891220887739,17.0,35.0133433880788,9.0,795.0,77.69826564872311,0.35018665288151235,66.48797167012336
5.0,0.0,26.0,1.0,0.2892304648212326,9.488118537629937,7.0,30.67761618432682,3.0,482.0,29.904928024127145,0.057442098657944196,79.4619296048652
87.0,0.0,28.0,0.0,0.7608417393434199,6.977968051853054,22.0,3.175593788649131,5.0,513.0,21.397015613566584,0.16344170099355482,90.67763955615706
49.0,0.0,15.0,0.0,0.5114875079257479,9.136638208019427,16.0,21.940570205434025,3.0,258.0,17.277413544830402,0.17631440036405094,85.0042743147842
1.0,1.0,22.0,1.0,0.6405082632421976,4.194566264779703,21.0,34.92955581070981,2.0,335.0,18.42609879315447,0.8373128011327917,18.68701574933953
60.0,1.0,6.0,1.0,0.38215072161619146,9.672703287929629,6.0,64.99143385929052,2.0,154.0,16.23451726196554,0.05849010268861271,81.17096889589183
3.0,1.0,9.0,0.0,0.19288397982043726,3.2600696644775224,12.0,90.72817181595929,1.0,105.0,30.408689916578897,0.17526051157943723,64.03332712410221
33.0,0.0,42.0,0.0,0.7153075286520392,7.366228308961883,11.0,12.948673557108767,7.0,802.0,59.24751356992377,0.5137624529634193,72.42955833421013
55.0,1.0,5.0,0.0,0.5563250467206448,8.809611472341889,14.0,59.47289950390747,7.0,465.0,20.687020673184453,0.08408586018372621,75.28784351496085
24.0,0.0,8.0,1.0,0.35436243898676845,2.2113607168893283,18.0,61.115756832298175,5.0,357.0,73.67397551543199,0.7923783068915056,7.657949069271588
60.0,1.0,39.0,0.0,0.47483470766304803,1.9174884173531486,5.0,77.90433971323323,4.0,712.0,80.0823966612869,0.4794270430794987,11.372150144041754
32.0,0.0,34.0,1.0,0.9220717405251451,6.912184547260613,18.0,13.276769469091724,4.0,433.0,37.50421301286683,0.5192931770708821,29.359319986209467
5.0,1.0,3.0,0.0,0.02117470489603357,5.687665198984818,0.0,83.12365796080522,1.0,248.0,14.221635938427935,0.3373120564506812,76.34466776578623
3.0,0.0,10.0,1.0,0.3106576030625001,9.055880047386431,15.0,39.22518285303111,1.0,221.0,15.647765827120871,0.3403150642615424,65.51199730058057
63.0,1.0,45.0,0.0,0.9609192051045787,3.9762117208737218,26.0,8.547824672990327,9.0,946.0,57.883567864240895,0.9433464394591755,4.166771163603208
51.0,0.0,49.0,1.0,0.7627231537760188,6.955083279162751,24.0,6.274093217193318,4.0,549.0,48.97758774572247,0.2480217159623304,59.13163414106076
57.0,0.0,47.0,1.0,0.9812397984195014,2.4426864892136804,30.0,6.407746566126637,10.0,992.0,90.08890862020314,0.756347196018135,4.832496724886759
9.0,0.0,9.0,1.0,0.527541013976706,3.924817266723622,7.0,29.938467947917232,2.0,325.0,27.62674112831841,0.47561831790952214,48.03709443969668
29.0,1.0,30.0,1.0,0.6822379865576512,6.529718220451018,4.0,15.564637985651578,6.0,607.0,54.47085936795239,0.34189023603509483,77.00523850349808
38.0,1.0,28.0,1.0,0.5997186325363013,3.618000750769678,4.0,35.5361517684417,2.0,411.0,33.20042622414866,0.24730264306645935,66.19462922484904
0.0,1.0,14.0,0.0,0.39095249747622596,6.367332727566117,3.0,63.26726922555835,2.0,352.0,49.935608895905396,0.029972832549972794,70.05139458522879
55.0,0.0,50.0,1.0,0.7052992144825048,6.181004394129395,16.0,3.4089544594980885,8.0,899.0,91.71177333723935,0.659002363734879,28.18498013360947
87.0,1.0,46.0,1.0,0.8832681869524583,1.4294948357726165,28.0,19.10400302216581,6.0,862.0,25.250074190870592,0.7913835172592952,8.810447665537978
67.0,1.0,27.0,0.0,0.6602734935786235,2.113787035987585,21.0,11.587376234241606,7.0,662.0,20.307009222962623,0.8190689491371751,27.158029944827504
30.0,1.0,22.0,0.0,0.5875555925511107,3.0568122814081318,21.0,37.38663234805325,7.0,714.0,68.78318820988885,0.8555091152684959,8.277001268451706
12.0,1.0,21.0,0.0,0.14865746059746748,7.997610136679285,0.0,93.30681157669072,3.0,373.0,57.864916107766824,0.29550478561002047,48.02733672717965
29.0,0.0,34.0,0.0,0.7482594629132161,4.392800139578334,13.0,9.770657094945436,3.0,494.0,40.01909023973981,0.4952883034552134,41.33151016217603
34.0,0.0,44.0,0.0,0.9112708215713883,3.9817015987119158,20.0,3.447323916199672,10.0,985.0,55.62283922525878,0.36311432291451684,40.5596216564558
51.0,0.0,29.0,1.0,0.7785355694447808,8.541234195800117,22.0,4.1161167001614,4.0,584.0,12.794381642184252,0.0949607649102418,71.71188443608077
1.0,1.0,3.0,1.0,0.41499614495701564,5.529954864100637,11.0,51.98429698563436,1.0,100.0,12.506633844797522,0.4894803684762187,52.144417006670764
6.0,1.0,9.0,0.0,0.4234494957198336,4.298868750923625,7.0,62.44256540537454,5.0,770.0,40.56439433070729,0.20164444085713146,65.68326220124483
74.0,0.0,25.0,0.0,0.5048926790512158,1.6145708982511637,24.0,24.6428952276478,6.0,560.0,93.98894052815794,0.8647154854043487,0.9697014837572127
24.0,0.0,11.0,0.0,0.2843520682348995,8.606731353088179,6.0,38.950291430149406,3.0,201.0,37.84121829234367,0.08022363528449244,72.35619536586172
62.0,0.0,42.0,1.0,0.7237215583394598,2.375158711303703,18.0,18.505648514083365,8.0,791.0,82.13349272247724,0.5847283844340521,31.29851161475885
80.0,1.0,31.0,1.0,0.7733534819982297,5.48745071873731,28.0,28.475520814333986,4.0,442.0,50.101069769182125,0.8466001214658235,41.85365537820934
50.0,0.0,25.0,1.0,0.4636958810704289,2.446392406594386,17.0,27.72921257024433,8.0,656.0,47.32478684434445,0.3485011527001247,24.953721767906696
27.0,0.0,31.0,0.0,0.3360291298238862,1.3854082925922127,10.0,45.80994671041873,2.0,522.0,75.0602786398312,0.8615398769762423,3.996002929693823
32.0,1.0,31.0,0.0,0.6178310788179004,4.137254468228104,22.0,50.2639863498863,4.0,624.0,35.91379750530107,0.44461714612005904,60.79301505375313
17.0,0.0,46.0,0.0,0.8933526079138245,6.7924858373630395,29.0,2.817341356525785,3.0,628.0,13.185523085488061,0.4779465638163032,79.4836127935518
51.0,1.0,8.0,0.0,0.4122179517235396,3.6882231862988313,1.0,82.8758596437312,6.0,514.0,32.86416164452822,0.5146308002766845,53.01305642511226
65.0,0.0,42.0,0.0,0.730881917191713,4.306794092007124,23.0,23.20775097601235,5.0,531.0,81.48362587405734,0.6332962411921236,8.798579224142685
77.0,1.0,47.0,1.0,0.8539963804453468,2.3392770527382534,29.0,8.411279939245187,10.0,963.0,63.477330184181156,0.6377533999425207,13.123545500950392
