AtBat,StolenBases,StrikeOuts,DoublePlays,TriplePlays,IntentionalWalks,MVPsWon,TotalBases,TotalGames,GrandSlams,TotalWins,TotalLosses,SacrificeHits,Conference,Region,Saves,Holds,WildPitches,Endorsements,NewConference
293,19.198312236286917,5.0,34.61538461538462,2.396694214876033,16.0,0.0,97.62006555508052,36.45343367826905,0.0364963503649635,20.10166358595194,26.220614828209765,2.681992337164751,East,North,161.82873730043542,6.707317073170732,31.25,,East
315,23.628691983122362,35.0,27.692307692307693,3.1404958677685952,44.57142857142857,2.826086956521739,1222.032207496081,488.59360301034803,2.518248175182482,221.81146025878004,374.32188065099456,71.83908045977012,West,South,229.31785195936138,8.739837398373984,15.625,8.51619644723093,West
479,38.10126582278481,90.0,76.15384615384615,5.950413223140496,86.85714285714286,0.43478260869565216,571.8255664814023,266.3452492944497,2.2992700729927007,154.57486136783734,240.50632911392407,50.38314176245211,East,South,319.30333817126274,16.666666666666664,21.875,8.620689655172415,East
496,41.35021097046413,100.0,75.0,6.446280991735537,42.28571428571429,2.1739130434782608,1998.3611229870316,923.6829727187205,8.211678832116789,573.2439926062847,757.6853526220615,67.81609195402298,West,North,72.56894049346879,2.2357723577235773,4.6875,9.03866248693835,West
321,25.40084388185654,50.0,45.0,3.4710743801652892,34.285714285714285,0.21739130434782608,134.31665954111443,57.03198494825965,0.43795620437956206,32.57855822550832,41.59132007233273,6.32183908045977,West,North,292.0899854862119,8.130081300813007,6.25,0.5015673981191223,West
594,49.620253164556964,20.0,85.38461538461539,4.214876033057851,40.0,2.1739130434782608,1563.7024369388628,663.8052681091251,0.6934306569343065,346.58040665434385,303.79746835443035,37.16475095785441,East,South,102.322206095791,85.56910569105692,39.0625,14.263322884012538,East
185,10.632911392405063,5.0,26.53846153846154,0.6611570247933884,24.0,0.21739130434782608,69.47413424540402,22.342427093132645,0.0364963503649635,20.10166358595194,8.1374321880651,4.597701149425287,West,North,27.576197387518143,25.8130081300813,10.9375,0.052246603970741906,East
298,21.265822784810126,0.0,27.692307692307693,1.9834710743801653,8.0,0.43478260869565216,174.57602964229727,61.147695202257765,0.0,27.726432532347506,33.45388788426763,2.2988505747126435,East,South,43.90420899854862,57.52032520325203,14.0625,0.6792058516196446,East
323,23.628691983122362,30.0,30.0,2.644628099173554,9.142857142857144,0.21739130434782608,114.72139090779535,48.21260583254939,0.21897810218978103,21.487985212569313,30.741410488245933,1.5325670498084292,West,South,51.88679245283019,58.94308943089431,29.6875,0.1567398119122257,West
401,26.877637130801688,85.0,56.53846153846154,5.454545454545454,74.28571428571429,2.608695652173913,1848.0119709277467,780.8090310442145,9.233576642335766,542.7449168207024,804.7016274864376,165.90038314176246,East,North,0.0,0.0,0.0,21.577847439916408,East
574,46.666666666666664,105.0,123.46153846153845,6.198347107438017,67.42857142857143,1.9565217391304348,1643.1523443066837,761.994355597366,3.284671532846715,485.90573012939,455.6962025316456,93.48659003831418,East,North,86.35703918722787,90.4471544715447,34.375,9.39692789968652,East
202,15.358649789029537,20.0,35.769230769230774,2.1487603305785123,30.857142857142854,1.7391304347826086,661.6075245831552,272.22483537158985,0.5474452554744526,132.39371534195934,168.17359855334539,30.842911877394638,West,South,110.30478955007257,9.146341463414634,17.1875,9.299895506792058,West
418,33.08016877637131,65.0,55.38461538461539,5.041322314049586,53.714285714285715,0.6521739130434783,531.9224739917344,228.1279397930386,1.4963503649635037,141.4048059149723,184.44846292947557,38.888888888888886,West,North,76.56023222060958,2.2357723577235773,10.9375,10.083594566353186,West
239,17.426160337552744,0.0,34.61538461538462,0.9090909090909092,25.142857142857142,1.0869565217391304,684.7655693316232,297.5070555032926,0.145985401459854,213.49353049907577,93.12839059674504,39.6551724137931,East,North,43.90420899854862,30.691056910569102,9.375,13.218390804597702,East
196,12.405063291139241,35.0,33.46153846153846,2.231404958677686,34.285714285714285,2.608695652173913,1144.3636881858342,482.71401693320786,1.3138686131386863,259.93530499075786,262.2061482820977,45.593869731800766,West,North,29.027576197387518,9.146341463414634,12.5,3.605015673981191,West
183,11.223628691983123,15.0,23.076923076923077,1.2396694214876034,12.571428571428571,0.43478260869565216,64.84252529571042,22.342427093132645,0.10948905109489052,13.170055452865064,14.466546112115731,2.10727969348659,East,South,42.81567489114659,0.0,0.0,,East
568,46.37130801687764,100.0,102.6923076923077,6.198347107438017,83.42857142857143,3.0434782608695654,2867.678495083369,1334.0780809031044,6.459854014598541,723.6598890942698,897.8300180831827,140.22988505747128,West,South,38.09869375907112,58.94308943089431,15.625,14.78578892371996,West
190,13.29113924050633,10.0,27.692307692307693,0.6611570247933884,17.142857142857142,0.8695652173913043,163.8877012968505,57.61994355597366,0.18248175182481752,44.36229205175601,20.795660036166364,7.471264367816092,East,South,37.010159651669085,35.97560975609756,25.0,2.246603970741902,East
407,30.421940928270043,30.0,65.76923076923077,3.5537190082644625,74.28571428571429,2.391304347826087,1857.6314664386489,866.6509877704609,3.6496350364963503,445.0092421441774,594.9367088607595,125.09578544061303,East,South,330.91436865021774,17.88617886178862,14.0625,,East
127,9.156118143459917,40.0,18.461538461538463,1.8181818181818183,16.0,1.5217391304347827,252.24454895254382,103.48071495766699,0.8759124087591241,45.74861367837338,74.14104882459313,10.727969348659004,West,South,73.29462989840347,4.471544715447155,3.125,1.4106583072100314,West
413,26.877637130801688,80.0,83.07692307692308,3.9669421487603307,74.28571428571429,0.0,140.3733789368676,51.740357478833495,0.583941605839416,49.21441774491682,43.399638336347195,12.452107279693486,West,North,101.59651669085632,1.8292682926829267,7.8125,0.6792058516196446,West
426,31.89873417721519,15.0,63.46153846153846,3.5537190082644625,70.85714285714286,0.0,145.0049878865612,61.73565380997178,0.10948905109489052,37.43068391866913,38.87884267631103,11.877394636015326,East,South,130.98693759071116,4.471544715447155,3.125,0.9926854754440961,West
22,2.6582278481012658,5.0,4.615384615384616,0.1652892561983471,1.142857142857143,1.0869565217391304,23.158044748468008,12.935089369708374,0.072992700729927,5.545286506469501,8.1374321880651,0.5747126436781609,East,South,294.6298984034833,17.073170731707318,17.1875,,East
472,33.9662447257384,80.0,69.23076923076924,5.12396694214876,84.57142857142858,1.0869565217391304,678.7088499358699,285.1599247412982,2.445255474452555,167.05175600739372,226.94394213381554,45.97701149425287,West,South,187.9535558780842,11.178861788617885,4.6875,11.128526645768025,West
629,49.324894514767934,90.0,84.23076923076923,8.429752066115702,45.71428571428571,3.695652173913043,2994.5133247826707,1446.3781749764817,5.985401459854015,698.0129390018484,969.258589511754,77.01149425287356,East,North,387.15529753265605,31.910569105691057,21.875,14.82062695924765,East
587,47.848101265822784,20.0,106.15384615384616,4.214876033057851,80.0,1.0869565217391304,953.3988884138521,436.8532455315146,0.6204379562043796,305.68391866913123,179.02350813743217,60.727969348659,East,North,157.4746008708273,1.8292682926829267,4.6875,14.576802507836991,East
324,21.265822784810126,20.0,36.92307692307693,1.487603305785124,25.142857142857142,1.3043478260869565,681.2027932164742,286.33584195672626,0.4744525547445255,201.01663585951943,97.6491862567812,34.48275862068965,West,North,80.55152394775037,0.6097560975609756,4.6875,13.392539184952978,West
474,37.80590717299578,50.0,57.69230769230769,4.62809917355372,45.71428571428571,1.9565217391304348,823.7138378224313,352.77516462841015,2.226277372262774,169.82439926062847,295.6600361663653,31.800766283524904,West,South,265.60232220609583,16.869918699186993,20.3125,14.263322884012538,West
550,44.59915611814346,30.0,106.15384615384616,3.0578512396694215,92.57142857142857,0.8695652173913043,815.5194527575887,369.82596425211665,1.167883211678832,241.2199630314233,164.55696202531647,59.003831417624525,West,South,95.06531204644412,66.869918699187,25.0,11.650992685475444,West
513,40.16877637130801,100.0,103.84615384615384,7.8512396694214885,102.85714285714285,2.826086956521739,1846.2305828701726,810.2069614299154,6.058394160583942,528.18853974122,663.6528028933092,150.19157088122606,East,South,96.87953555878084,1.0162601626016259,4.6875,17.398119122257054,East
313,24.514767932489452,45.0,48.46153846153847,2.479338842975207,44.57142857142857,3.4782608695652173,2447.983468718826,1075.376293508937,8.175182481751825,715.3419593345656,781.1934900542497,208.23754789272033,East,South,46.081277213352685,44.918699186991866,10.9375,,East
419,31.60337552742616,30.0,63.46153846153846,2.975206611570248,25.142857142857142,0.43478260869565216,203.79079378651844,85.25399811853245,0.291970802919708,54.75970425138632,41.59132007233273,5.938697318007663,West,South,82.00290275761974,1.4227642276422763,6.25,0.8881922675026124,West
517,41.35021097046413,135.0,80.76923076923076,7.1900826446281,59.42857142857143,1.7391304347826086,1265.4980761008976,582.0790216368767,7.846715328467154,377.0794824399261,589.5117540687161,64.55938697318008,West,South,500.0,20.73170731707317,12.5,,West
583,49.324894514767934,85.0,95.76923076923076,6.6115702479338845,64.0,0.8695652173913043,579.6636739347299,263.4054562558796,1.6058394160583942,151.1090573012939,188.06509945750452,26.053639846743295,East,North,39.55007256894049,59.34959349593496,39.0625,11.389759665621735,East
204,14.177215189873417,30.0,26.53846153846154,2.066115702479339,13.714285714285714,1.3043478260869565,459.59811885421124,178.73941674506116,0.9854014598540146,86.64510166358596,119.3490054249548,12.64367816091954,East,South,152.03193033381712,9.34959349593496,7.8125,4.858934169278997,East
379,31.0126582278481,50.0,43.84615384615385,4.958677685950414,34.285714285714285,2.826086956521739,2204.645860054154,1118.2972718720603,5.328467153284672,594.731977818854,726.0397830018084,109.38697318007662,West,South,26.124818577648767,34.552845528455286,37.5,16.353187042842215,West
161,10.337552742616033,0.0,21.923076923076923,0.8264462809917356,19.42857142857143,0.6521739130434783,368.39105030639877,141.11006585136406,0.10948905109489052,107.43992606284658,77.75768535262206,20.49808429118774,East,North,25.39912917271408,30.284552845528456,18.75,,East
268,17.426160337552744,25.0,27.692307692307693,2.066115702479339,17.142857142857142,0.21739130434782608,117.92788941142938,43.508936970837254,0.18248175182481752,22.87430683918669,26.220614828209765,3.4482758620689653,West,South,160.37735849056602,11.991869918699187,9.375,0.4702194357366771,West
346,28.649789029535864,25.0,35.769230769230774,4.380165289256198,34.285714285714285,3.2608695652173916,2099.900242268776,947.2013170272812,8.576642335766424,542.7449168207024,814.6473779385171,107.27969348659003,East,North,0.0,0.0,0.0,,East
241,17.721518987341774,5.0,39.23076923076923,0.9917355371900827,16.0,0.0,79.0936297563061,33.51364063969896,0.0364963503649635,22.87430683918669,10.849909584086799,2.681992337164751,West,South,60.2322206095791,34.959349593495936,15.625,,West
181,11.814345991561181,5.0,17.30769230769231,1.7355371900826446,37.714285714285715,0.21739130434782608,75.88713125267209,27.04609595484478,0.145985401459854,13.170055452865064,26.220614828209765,8.620689655172413,East,North,118.28737300435414,5.894308943089431,7.8125,0.0,East
216,15.654008438818565,0.0,24.230769230769234,1.487603305785124,17.142857142857142,3.695652173913043,2600.4702864471997,1130.0564440263406,1.6788321167883211,551.0628465804066,566.9077757685352,92.52873563218391,West,South,37.37300435413643,17.073170731707318,7.8125,,West
200,16.540084388185655,30.0,26.53846153846154,1.15702479338843,16.0,1.7391304347826086,889.6251959526863,399.8118532455315,1.6788321167883211,256.4695009242144,207.95660036166365,37.35632183908046,West,South,25.036284470246734,0.20325203252032523,1.5625,,West
217,13.29113924050633,35.0,36.92307692307693,1.5702479338842976,10.285714285714286,0.6521739130434783,240.48738777255235,91.72154280338664,1.167883211678832,58.918669131238445,68.71609403254972,6.130268199233717,East,North,111.39332365747461,5.08130081300813,1.5625,2.3510971786833856,East
194,11.518987341772151,35.0,21.923076923076923,2.396694214876033,34.285714285714285,2.1739130434782608,1483.539974348012,626.175917215428,2.335766423357664,336.1829944547135,445.750452079566,116.4750957854406,East,North,117.9245283018868,4.471544715447155,3.125,,East
254,19.789029535864977,10.0,32.30769230769231,2.1487603305785123,25.142857142857142,1.0869565217391304,349.15205928459454,136.40639698965194,0.7664233576642336,74.16820702402957,105.7866184448463,22.60536398467433,East,North,130.2612481857765,6.097560975609756,6.25,4.963427377220481,East
416,38.69198312236287,35.0,65.76923076923077,4.049586776859504,37.714285714285715,0.43478260869565216,325.2814593130968,158.16086547507058,0.8759124087591241,77.63401109057301,109.40325497287522,15.325670498084293,West,South,26.48766328011611,35.97560975609756,28.125,3.082549634273772,West
205,16.540084388185655,40.0,39.23076923076923,2.644628099173554,10.285714285714286,0.8695652173913043,262.57659968647573,110.53621825023518,1.167883211678832,80.40665434380776,96.74502712477396,9.770114942528735,East,North,21.04499274310595,0.8130081300813009,6.25,3.761755485893417,East
542,41.05485232067511,60.0,53.07692307692308,6.198347107438017,46.857142857142854,3.2608695652173916,2522.4454895254385,1250.0,8.576642335766424,683.456561922366,984.629294755877,82.5670498084291,East,North,252.90275761973874,12.398373983739837,14.0625,,East
526,42.82700421940928,65.0,81.92307692307692,5.785123966942148,96.0,1.0869565217391304,936.6538406726521,418.03857008466605,2.81021897810219,243.29944547134934,309.2224231464738,55.3639846743295,West,South,109.94194484760523,1.8292682926829267,14.0625,15.62173458725183,West
457,29.535864978902953,70.0,48.46153846153847,5.206611570247935,25.142857142857142,3.4782608695652173,2316.5170300698305,1036.5710253998118,10.255474452554745,694.5471349353049,883.3634719710668,118.5823754789272,East,South,141.1465892597968,7.926829268292683,6.25,16.875653082549636,East
214,15.358649789029537,10.0,34.61538461538462,2.396694214876033,26.285714285714285,0.21739130434782608,73.74946558358273,32.337723424270926,0.072992700729927,21.487985212569313,28.933092224231462,5.172413793103448,West,North,39.55007256894049,1.4227642276422763,4.6875,0.052246603970741906,West
19,1.7721518987341771,0.0,1.153846153846154,0.1652892561983471,1.142857142857143,0.6521739130434783,7.838107453327633,5.291627469426152,0.0364963503649635,1.3863216266173752,3.6166365280289328,0.7662835249042146,East,North,0.0,0.0,0.0,,East
591,49.324894514767934,95.0,92.3076923076923,5.950413223140496,44.57142857142857,1.7391304347826086,1588.6418697449053,766.1100658513641,4.124087591240876,438.7707948243992,509.04159132007237,61.11111111111111,East,South,24.310595065312043,29.878048780487802,6.25,23.667711598746084,East
403,29.535864978902953,60.0,51.92307692307692,4.380165289256198,44.57142857142857,2.391304347826087,1828.060424682913,837.8410159924741,6.058394160583942,517.0979667282809,602.1699819168174,100.76628352490422,East,North,114.65892597968069,1.2195121951219512,7.8125,12.695924764890282,East
405,29.831223628691983,90.0,56.53846153846154,7.024793388429752,22.857142857142854,1.0869565217391304,331.69445632036485,133.46660395108185,1.0583941605839415,67.92975970425138,124.77396021699819,12.260536398467433,West,South,58.41799709724238,2.0325203252032518,4.6875,7.262277951933124,West
244,16.835443037974684,45.0,32.30769230769231,2.066115702479339,40.0,0.6521739130434783,468.86133675359844,193.4383819379116,1.7883211678832116,112.98521256931608,161.84448462929475,37.16475095785441,West,South,51.523947750362844,2.8455284552845526,3.125,5.694879832810868,West
235,17.721518987341774,15.0,27.692307692307693,3.2231404958677685,24.0,2.826086956521739,1391.9766281886848,602.6575729068674,1.2773722627737227,304.99075785582255,362.56781193490053,63.79310344827586,East,North,154.2089985486212,8.739837398373984,6.25,,East
313,22.742616033755272,30.0,36.92307692307693,3.3884297520661155,13.714285714285714,2.391304347826087,1326.4215476699446,566.7920978363123,1.2773722627737227,282.8096118299446,290.2350813743219,32.56704980842912,West,South,38.46153846153847,41.86991869918699,10.9375,7.297115987460814,West
627,51.9831223628692,125.0,113.07692307692308,6.694214876033058,80.0,1.0869565217391304,1136.8818583440218,542.6857949200377,4.854014598540147,365.98890942698705,426.7631103074141,59.96168582375479,East,North,87.08272859216255,97.96747967479675,20.3125,26.802507836990596,East
416,33.08016877637131,120.0,66.92307692307692,5.702479338842975,18.28571428571429,0.0,141.4422117714123,64.08748824082784,0.8759124087591241,39.51016635859519,62.386980108499095,3.0651340996168583,East,North,73.65747460087083,14.227642276422763,15.625,0.4702194357366771,East
155,12.70042194092827,30.0,24.230769230769234,1.9008264462809918,17.142857142857142,3.2608695652173916,2355.7075673364684,958.3725305738476,3.576642335766423,483.1330868761553,597.6491862567813,148.8505747126437,West,North,19.230769230769234,17.88617886178862,4.6875,4.336468129571578,West
236,16.244725738396625,0.0,31.153846153846157,1.2396694214876034,12.571428571428571,0.6521739130434783,390.48026222032206,156.3969896519285,0.0364963503649635,79.71349353049908,57.866184448462924,10.919540229885058,East,South,45.355587808417994,40.447154471544714,20.3125,3.3960292580982236,East
216,15.358649789029537,5.0,35.769230769230774,1.2396694214876034,25.142857142857142,0.6521739130434783,323.1437936440074,121.11947318908749,0.3284671532846716,81.09981515711645,62.386980108499095,21.839080459770116,West,South,26.48766328011611,30.89430894308943,17.1875,3.2915360501567394,West
24,0.5907172995780591,0.0,1.153846153846154,0.0,2.285714285714286,0.43478260869565216,49.87886561208493,14.111006585136407,0.0,13.170055452865064,10.849909584086799,1.7241379310344827,East,South,29.027576197387518,0.8130081300813009,0.0,,East
585,40.75949367088607,155.0,107.3076923076923,7.768595041322314,70.85714285714286,3.4782608695652173,2681.7015818725954,1162.9821260583255,11.496350364963504,790.2033271719039,1066.003616636528,139.272030651341,East,North,0.0,0.0,0.0,18.443051201671892,East
191,10.632911392405063,20.0,13.846153846153847,1.4049586776859504,16.0,0.6521739130434783,268.63331908222887,93.4854186265287,0.583941605839416,41.58964879852126,66.90777576853526,9.96168582375479,West,North,141.87227866473148,7.723577235772358,12.5,,West
199,15.358649789029537,25.0,33.46153846153846,1.8181818181818183,24.0,0.43478260869565216,176.35741769987175,68.20319849482597,0.291970802919708,38.817005545286506,36.166365280289334,7.471264367816092,East,South,55.152394775036285,0.6097560975609756,7.8125,0.1567398119122257,East
521,41.64556962025316,100.0,77.30769230769229,7.107438016528925,51.42857142857142,0.6521739130434783,283.5969787658544,118.17968015051741,0.8029197080291971,67.92975970425138,93.12839059674504,14.942528735632184,East,North,38.82438316400581,49.1869918699187,35.9375,0.7836990595611284,East
419,33.08016877637131,5.0,50.769230769230774,2.231404958677686,50.285714285714285,2.391304347826087,1590.7795354139944,721.4252116650988,1.167883211678832,423.52125693160815,311.03074141048825,80.84291187739463,East,North,76.56023222060958,0.40650406504065045,1.5625,,East
311,23.628691983122362,15.0,48.46153846153847,2.479338842975207,29.714285714285715,3.4782608695652173,2931.452187544535,1289.9811853245533,3.6496350364963503,657.8096118299445,821.880650994575,132.183908045977,West,South,55.51523947750363,45.32520325203252,15.625,5.276907001044933,West
138,8.860759493670887,40.0,20.76923076923077,1.7355371900826446,43.42857142857143,0.43478260869565216,80.1624625908508,28.80997177798683,0.43795620437956206,22.181146025878004,28.933092224231462,10.536398467432951,West,North,88.53410740203194,4.2682926829268295,6.25,,West
512,38.39662447257383,130.0,79.61538461538461,7.933884297520661,59.42857142857143,2.826086956521739,1898.2471141513468,819.0263405456257,8.065693430656934,492.83733826247686,736.8896925858951,104.98084291187739,East,South,43.178519593613935,43.90243902439025,18.75,16.353187042842215,East
507,35.73839662447257,145.0,90.0,7.024793388429752,104.0,3.695652173913043,2758.301268348297,1142.403574788335,12.664233576642337,813.7707948243992,1041.5913200723328,264.367816091954,East,North,293.1785195936139,21.951219512195124,3.125,9.770114942528735,East
529,40.16877637130801,130.0,99.23076923076923,8.016528925619834,110.85714285714286,3.0434782608695654,2366.395895681915,1047.1542803386642,10.62043795620438,749.3068391866913,858.0470162748643,189.46360153256705,East,North,101.59651669085632,2.0325203252032518,7.8125,18.094733542319748,East
424,34.85232067510549,30.0,65.76923076923077,3.8016528925619837,14.857142857142858,1.7391304347826086,1294.0002850220892,612.6528692380057,1.167883211678832,318.8539741219963,272.1518987341772,21.455938697318008,East,North,81.27721335268505,58.13008130081301,12.5,16.353187042842215,West
351,28.354430379746834,20.0,63.46153846153846,2.396694214876033,44.57142857142857,0.6521739130434783,441.42796066695166,205.1975540921919,0.583941605839416,135.16635859519408,99.45750452079565,22.413793103448278,West,South,82.00290275761974,1.4227642276422763,4.6875,2.978056426332288,East
195,15.949367088607595,25.0,27.692307692307693,2.727272727272727,34.285714285714285,1.5217391304347827,461.02322930027077,196.37817497648163,0.9124087591240876,99.12199630314234,134.71971066907776,29.31034482758621,West,North,30.11611030478955,0.40650406504065045,1.5625,,West
388,30.126582278481013,75.0,68.07692307692308,3.884297520661157,44.57142857142857,1.0869565217391304,767.7782528145931,323.96519285042336,2.9197080291970803,196.8576709796673,247.7396021699819,35.63218390804598,East,South,66.0377358490566,1.8292682926829267,6.25,5.381400208986416,East
339,28.059071729957804,20.0,42.69230769230769,2.396694214876033,26.285714285714285,0.6521739130434783,372.3101040330626,168.15616180620884,0.40145985401459855,84.5656192236599,97.6491862567812,10.536398467432951,East,South,37.73584905660377,43.292682926829265,14.0625,4.336468129571578,East
561,34.55696202531646,175.0,80.76923076923076,7.768595041322314,37.714285714285715,3.2608695652173916,2372.0963374661537,923.6829727187205,16.131386861313867,623.8447319778188,1094.0325497287522,116.4750957854406,East,South,167.99709724238028,6.504065040650407,12.5,,East
255,20.379746835443036,35.0,56.53846153846154,2.892561983471074,49.14285714285714,3.0434782608695654,2241.698731651703,974.247412982126,5.62043795620438,705.637707948244,549.7287522603978,157.088122605364,West,North,18.505079825834542,10.975609756097562,12.5,7.993730407523511,West
677,70.0,155.0,135.0,9.338842975206612,60.57142857142857,0.8695652173913043,785.235855778823,430.9736594543744,3.3941605839416056,241.2199630314233,362.56781193490053,32.758620689655174,East,North,499.6371552975327,20.32520325203252,9.375,39.86415882967607,East
227,13.29113924050633,35.0,26.53846153846154,1.6528925619834711,13.714285714285714,0.8695652173913043,465.29856063844943,188.1467544684854,1.6058394160583942,107.43992606284658,142.85714285714286,12.835249042145593,East,South,33.38171262699564,0.40650406504065045,3.125,,East
614,47.848101265822784,145.0,102.6923076923077,6.859504132231406,85.71428571428572,2.1739130434782608,1780.6755023514322,813.7347130761995,9.708029197080293,562.8465804066543,743.2188065099458,118.19923371647509,West,South,109.94194484760523,1.2195121951219512,9.375,38.29676071055381,West
329,24.219409282700422,45.0,57.69230769230769,3.2231404958677685,64.0,1.7391304347826086,1357.061422260225,555.032925682032,5.291970802919708,397.8743068391867,477.3960216998192,121.64750957854406,East,South,100.14513788098694,1.2195121951219512,3.125,11.128526645768025,East
637,51.097046413502106,155.0,102.6923076923077,9.586776859504132,64.0,2.826086956521739,2389.910218041898,1187.6763875823142,9.014598540145984,677.2181146025878,988.245931283906,94.82758620689656,West,South,100.87082728592164,1.8292682926829267,14.0625,20.35876698014629,West
280,23.924050632911392,80.0,50.769230769230774,3.7190082644628095,53.714285714285715,0.21739130434782608,145.717543109591,64.08748824082784,0.9124087591240876,41.58964879852126,63.291139240506325,12.068965517241379,East,North,53.70101596516691,0.8130081300813009,3.125,0.8881922675026124,East
155,11.814345991561181,60.0,24.230769230769234,2.396694214876033,25.142857142857142,3.2608695652173916,1920.33632606527,784.3367826904986,6.605839416058394,516.4048059149724,727.8481012658228,167.62452107279694,East,South,59.86937590711176,1.8292682926829267,1.5625,4.022988505747127,East
458,33.37552742616034,65.0,77.30769230769229,4.710743801652892,54.857142857142854,0.6521739130434783,474.2055009263218,172.859830667921,1.0218978102189782,110.21256931608133,111.21157323688969,23.371647509578544,East,South,89.25979680696662,79.0650406504065,28.125,8.51619644723093,East
314,24.219409282700422,65.0,45.0,3.8016528925619837,18.28571428571429,0.8695652173913043,512.3272053584153,235.7714016933208,1.0218978102189782,107.43992606284658,143.7613019891501,14.559386973180075,East,South,193.39622641509436,8.130081300813007,6.25,7.607105538140021,East
475,36.03375527426161,135.0,87.6923076923077,7.68595041322314,82.28571428571429,0.6521739130434783,638.0932022231723,274.5766698024459,3.9416058394160585,201.7097966728281,310.126582278481,51.14942528735632,West,North,82.00290275761974,2.0325203252032518,9.375,24.085684430512018,West
317,22.742616033755272,35.0,40.38461538461538,2.892561983471074,36.57142857142858,0.0,106.17072823143795,43.508936970837254,0.25547445255474455,23.56746765249538,31.645569620253163,6.130268199233717,East,North,16.32801161103048,24.796747967479675,40.625,0.052246603970741906,East
511,40.46413502109705,125.0,87.6923076923077,7.933884297520661,69.71428571428572,0.43478260869565216,204.14707139803338,94.0733772342427,1.0218978102189782,59.61182994454714,99.45750452079565,13.601532567049809,East,South,56.966618287373,1.4227642276422763,12.5,1.619644723092999,East
278,20.084388185654007,15.0,27.692307692307693,1.7355371900826446,33.142857142857146,1.5217391304347827,733.9318797206785,329.84477892756354,1.167883211678832,178.1423290203327,173.59855334538878,31.03448275862069,West,South,51.523947750362844,42.68292682926829,15.625,,West
382,34.85232067510549,65.0,62.307692307692314,4.793388429752066,41.142857142857146,2.391304347826087,753.1708707424825,346.89557855127,1.4963503649635037,198.24399260628468,265.82278481012656,43.486590038314176,West,South,21.407837445573296,31.70731707317073,14.0625,11.024033437826542,West
565,43.41772151898734,120.0,103.84615384615384,8.59504132231405,88.0,2.826086956521739,2589.4256804902384,1222.3659454374413,11.131386861313867,786.0443622920517,1115.732368896926,151.53256704980842,East,North,105.95065312046444,1.8292682926829267,7.8125,37.49132706374086,East
277,20.675105485232066,10.0,31.153846153846157,2.396694214876033,16.0,3.0434782608695654,2113.7950691178567,966.0159924741298,2.18978102189781,521.2569316081331,538.878842676311,49.616858237547895,West,South,130.62409288824384,6.504065040650407,7.8125,,West
415,33.67088607594937,135.0,111.92307692307692,5.867768595041323,77.71428571428572,0.43478260869565216,246.54410716830554,105.83254938852305,1.6423357664233575,107.43992606284658,107.59493670886076,18.965517241379313,West,South,99.41944847605225,0.40650406504065045,10.9375,4.858934169278997,West
424,32.19409282700422,75.0,80.76923076923076,3.884297520661157,41.142857142857146,1.3043478260869565,752.1020379079378,317.4976481655691,1.386861313868613,231.51571164510167,157.3236889692586,49.42528735632184,West,South,105.95065312046444,1.2195121951219512,4.6875,8.829676071055381,West
495,44.30379746835443,85.0,70.38461538461539,6.9421487603305785,89.14285714285714,1.9565217391304348,1996.936012540972,984.8306679209784,10.036496350364963,612.0609981515712,917.7215189873417,135.82375478927204,East,North,379.17271407837444,17.88617886178862,20.3125,50.0,East
524,38.69198312236287,45.0,79.61538461538461,3.884297520661157,61.71428571428571,0.21739130434782608,339.53256377369246,150.51740357478835,0.5109489051094891,84.5656192236599,83.18264014466546,17.241379310344826,East,North,76.92307692307693,66.46341463414635,31.25,,East
233,14.177215189873417,10.0,47.30769230769231,1.9008264462809918,20.571428571428573,1.5217391304347827,474.2055009263218,195.20225776105363,0.25547445255474455,114.37153419593345,110.30741410488245,20.30651340996169,East,North,37.010159651669085,26.82926829268293,15.625,6.426332288401254,East
395,31.0126582278481,80.0,55.38461538461539,4.62809917355372,40.0,1.9565217391304348,813.7380647000142,333.3725305738476,3.1386861313868613,183.6876155268022,292.0433996383363,47.509578544061306,East,North,257.2568940493469,8.333333333333332,10.9375,,East
397,33.37552742616034,114.99999999999999,77.30769230769229,5.537190082644629,60.57142857142857,2.608695652173913,1984.4662961379506,957.1966133584197,8.795620437956204,627.3105360443623,837.251356238698,137.1647509578544,East,North,88.53410740203194,0.40650406504065045,6.25,,East
210,10.632911392405063,40.0,17.30769230769231,1.5702479338842976,17.142857142857142,1.0869565217391304,347.3706712270201,141.11006585136406,1.3138686131386863,73.47504621072089,103.0741410488246,10.153256704980844,East,North,14.513788098693759,23.3739837398374,23.4375,,East
420,27.763713080168774,114.99999999999999,63.46153846153846,4.793388429752066,42.28571428571429,0.43478260869565216,223.38606241983754,79.37441204139228,1.1313868613138687,52.68022181146026,69.62025316455697,11.685823754789272,West,South,74.74600870827285,2.0325203252032518,10.9375,,West
566,45.18987341772152,110.00000000000001,87.6923076923077,6.9421487603305785,49.14285714285714,2.826086956521739,2166.524155622061,928.3866415804328,4.781021897810219,514.3253234750463,626.5822784810126,57.4712643678161,East,South,114.65892597968069,89.22764227642277,15.625,14.263322884012538,East
641,58.18565400843882,155.0,116.53846153846155,8.925619834710744,46.857142857142854,0.8695652173913043,751.745760296423,356.30291627469427,3.3576642335766422,205.17560073937156,288.42676311030743,22.413793103448278,East,North,97.60522496371553,3.4552845528455287,15.625,23.145245559038663,East
215,14.767932489451477,20.0,21.923076923076923,1.487603305785124,12.571428571428571,0.0,69.83041185691891,27.634054562558795,0.145985401459854,12.476894639556376,16.2748643761302,2.10727969348659,East,North,42.0899854862119,1.0162601626016259,18.75,0.052246603970741906,East
441,37.51054852320675,80.0,80.76923076923076,6.033057851239669,91.42857142857142,2.826086956521739,2371.3837822431237,1229.4214487300094,7.627737226277373,742.3752310536045,949.367088607595,133.1417624521073,East,South,35.19593613933237,44.3089430894309,25.0,29.93730407523511,East
325,22.151898734177216,80.0,38.07692307692307,4.297520661157025,42.28571428571429,0.8695652173913043,529.7848083226451,204.0216368767639,2.591240875912409,134.4731977818854,198.01084990958407,40.99616858237548,West,South,263.42525399129175,17.682926829268293,4.6875,6.635318704284221,East
490,36.62447257383967,120.0,93.46153846153847,8.677685950413224,70.85714285714286,2.608695652173913,2153.3418839960095,965.4280338664157,9.89051094890511,586.4140480591498,903.254972875226,130.26819923371647,West,North,315.3120464441219,12.601626016260163,12.5,38.831159874608154,West
574,44.59915611814346,155.0,105.0,8.347107438016529,73.14285714285715,0.43478260869565216,344.16417272338606,150.51740357478835,1.9343065693430659,101.89463955637707,156.41952983725133,18.199233716475096,West,South,454.64441219158203,22.5609756097561,17.1875,3.082549634273772,West
284,18.60759493670886,70.0,34.61538461538462,3.4710743801652892,27.428571428571427,3.695652173913043,2495.3683910503064,1129.4684854186266,12.700729927007298,682.7634011090573,1120.253164556962,127.58620689655172,West,North,34.83309143686502,0.8130081300813009,6.25,,West
596,50.21097046413502,170.0,105.0,8.925619834710744,59.42857142857143,1.0869565217391304,1012.8972495368391,425.68203198494825,3.905109489051095,249.53789279112755,362.56781193490053,42.911877394636015,East,South,42.81567489114659,67.88617886178862,32.8125,17.398119122257054,East
472,34.55696202531646,60.0,72.6923076923077,4.462809917355372,34.285714285714285,0.6521739130434783,275.7588713125267,107.59642521166509,0.5109489051094891,70.00924214417745,72.33273056057867,9.578544061302683,East,South,82.72859216255443,76.6260162601626,40.625,1.8286311389759664,East
283,22.447257383966246,70.0,51.92307692307692,3.884297520661157,29.714285714285715,3.2608695652173916,2430.169588143081,1120.6491063029164,9.452554744525548,633.5489833641406,964.7377938517179,104.59770114942529,East,South,52.249637155297535,1.2195121951219512,7.8125,13.218390804597702,East
408,27.468354430379744,20.0,48.46153846153847,2.975206611570248,75.42857142857143,1.7391304347826086,1266.2106313239276,506.8203198494826,2.1532846715328464,296.6728280961183,330.0180831826401,78.544061302682,West,South,102.322206095791,98.98373983739837,29.6875,9.770114942528735,West
327,24.810126582278482,15.0,34.61538461538462,3.6363636363636367,22.857142857142854,1.5217391304347827,755.6648140230868,331.60865475070557,0.583941605839416,149.02957486136782,188.06509945750452,17.81609195402299,East,North,33.0188679245283,37.60162601626016,18.75,6.165099268547544,East
370,28.059071729957804,105.0,56.53846153846154,3.8016528925619837,68.57142857142857,3.0434782608695654,2482.186119424255,1157.1025399811854,8.430656934306569,740.988909426987,863.4719710669078,176.43678160919538,West,North,49.709724238026126,1.0162601626016259,14.0625,13.915005224660396,West
354,22.447257383966246,80.0,41.53846153846154,4.545454545454545,46.857142857142854,4.130434782608695,3098.5463873450194,1274.6942615239886,14.014598540145986,811.6913123844732,1145.5696202531647,202.4904214559387,West,South,30.11611030478955,35.36585365853659,25.0,2.7690700104493207,West
539,40.75949367088607,25.0,107.3076923076923,4.793388429752066,78.85714285714286,0.8695652173913043,516.602536696594,214.60489181561618,0.43795620437956206,170.51756007393715,113.9240506329114,37.931034482758626,East,South,167.6342525399129,1.8292682926829267,10.9375,6.948798328108673,East
340,24.514767932489452,55.00000000000001,71.53846153846155,2.727272727272727,53.714285714285715,0.8695652173913043,533.3475844377939,218.7206020696143,1.5328467153284673,196.16451016635858,127.48643761301989,41.95402298850574,West,North,67.12626995645864,1.6260162601626018,6.25,6.948798328108673,East
510,36.91983122362869,10.0,48.46153846153847,3.6363636363636367,40.0,2.1739130434782608,1974.8468006270487,925.4468485418627,1.6058394160583942,486.5988909426987,469.25858951175405,49.04214559386973,West,South,75.10885341074021,72.76422764227642,31.25,14.00208986415883,West
315,17.130801687763714,80.0,51.92307692307692,2.975206611570248,66.28571428571429,2.608695652173913,1659.5411144363688,615.5926622765758,9.78102189781022,471.34935304990756,707.0524412296564,133.5249042145594,East,South,0.0,0.0,0.0,,East
282,22.742616033755272,65.0,42.69230769230769,4.214876033057851,33.142857142857146,0.8695652173913043,580.7325067692747,263.9934148635936,2.664233576642336,145.5637707948244,253.1645569620253,26.4367816091954,East,South,243.10595065312046,11.585365853658537,7.8125,9.03866248693835,East
380,35.14767932489451,25.0,62.307692307692314,4.214876033057851,35.42857142857143,1.5217391304347827,1104.1043180846516,526.8109125117592,3.3576642335766422,307.07024029574865,378.84267631103074,45.97701149425287,East,South,85.99419448476051,1.6260162601626018,1.5625,11.128526645768025,East
584,46.37130801687764,75.0,80.76923076923076,6.9421487603305785,48.0,0.8695652173913043,833.3333333333333,371.5898400752587,2.116788321167883,182.99445471349352,285.7142857142857,25.670498084291186,West,North,120.10159651669086,4.0650406504065035,6.25,12.434691745036574,West
570,49.620253164556964,105.0,83.07692307692308,7.272727272727273,43.42857142857143,1.3043478260869565,1330.696879008123,630.8795860771402,5.109489051094891,340.3419593345656,532.5497287522604,50.38314176245211,East,South,107.03918722786646,3.048780487804878,7.8125,18.443051201671892,East
306,30.421940928270043,70.0,57.69230769230769,4.793388429752066,28.57142857142857,1.3043478260869565,1045.674789796209,480.95014111006583,2.0072992700729926,216.26617375231052,340.8679927667269,35.82375478927203,West,North,42.0899854862119,45.1219512195122,23.4375,14.263322884012538,West
220,15.654008438818565,50.0,34.61538461538462,3.2231404958677685,35.42857142857143,0.8695652173913043,415.41969502636454,173.447789275635,1.4598540145985401,99.815157116451,139.24050632911394,24.521072796934867,West,North,18.142235123367197,27.64227642276423,31.25,4.806687565308255,West
278,20.379746835443036,35.0,25.384615384615387,3.0578512396694215,20.571428571428573,3.695652173913043,2553.4416417272337,1221.190028222013,6.934306569343066,647.4121996303143,983.7251356238698,123.18007662835248,East,South,0.0,0.0,0.0,5.381400208986416,East
445,28.945147679324894,5.0,53.07692307692308,1.9834710743801653,33.142857142857146,0.6521739130434783,213.41028929742055,73.49482596425212,0.0364963503649635,49.21441774491682,28.02893309222423,9.195402298850574,East,South,100.87082728592164,84.34959349593495,25.0,0.41797283176593525,East
143,11.223628691983123,25.0,20.76923076923077,2.479338842975207,17.142857142857142,1.7391304347826086,220.8921191392333,86.4299153339605,0.583941605839416,54.75970425138632,87.70343580470163,11.685823754789272,West,South,50.07256894049347,3.048780487804878,1.5625,2.246603970741902,West
185,11.518987341772151,20.0,26.53846153846154,0.9090909090909092,20.571428571428573,0.43478260869565216,179.92019381502067,71.14299153339606,0.25547445255474455,39.51016635859519,33.45388788426763,9.003831417624522,West,North,35.19593613933237,0.40650406504065045,3.125,0.4702194357366771,West
589,49.915611814345986,200.0,123.46153846153845,8.925619834710744,78.85714285714286,1.0869565217391304,821.5761721533419,370.4139228598307,4.671532846715328,256.4695009242144,339.9638336347197,45.593869731800766,East,North,133.52685050798257,4.0650406504065035,4.6875,24.45141065830721,East
343,30.126582278481013,30.0,55.38461538461539,2.975206611570248,45.71428571428571,3.0434782608695654,1538.7630041328205,699.0827845719662,2.5547445255474455,402.03327171903885,380.6509945750452,62.26053639846743,East,North,76.56023222060958,11.38211382113821,20.3125,7.575757575757576,East
284,20.084388185654007,5.0,38.07692307692307,1.487603305785124,28.57142857142857,0.8695652173913043,494.5133247826707,209.90122295390404,0.21897810218978103,95.6561922365989,88.60759493670886,21.264367816091955,East,North,44.26705370101597,28.455284552845526,7.8125,,West
438,30.126582278481013,10.0,75.0,2.644628099173554,81.14285714285715,0.21739130434782608,149.9928744477697,58.20790216368768,0.072992700729927,45.74861367837338,28.933092224231462,13.601532567049809,East,South,100.14513788098694,1.4227642276422763,14.0625,0.6792058516196446,West
600,42.23628691983122,165.0,98.07692307692308,9.669421487603305,74.28571428571429,0.21739130434782608,241.19994299558218,99.36500470366887,1.386861313868613,69.31608133086877,117.54068716094034,13.2183908045977,East,South,115.74746008708273,0.8130081300813009,21.875,2.037617554858934,East
663,58.77637130801688,145.0,124.61538461538463,10.0,36.57142857142858,0.6521739130434783,508.76442924326636,235.18344308560677,2.0802919708029197,144.8706099815157,200.7233273056058,13.026819923371647,East,North,87.44557329462991,1.6260162601626018,9.375,3.8140020898641587,East
232,15.949367088607595,45.0,39.23076923076923,1.9008264462809918,51.42857142857142,2.391304347826087,1562.6336041043182,710.8419567262465,7.08029197080292,485.90573012939,637.4321880650995,119.73180076628353,West,North,226.0522496371553,7.113821138211382,4.6875,25.757575757575758,West
479,38.98734177215189,50.0,55.38461538461539,5.950413223140496,62.85714285714286,3.4782608695652173,2655.3370386204933,1259.9952963311384,5.583941605839416,678.6044362292051,933.0922242314648,163.6015325670498,West,South,85.99419448476051,1.0162601626016259,6.25,14.750950888192266,West
209,12.9957805907173,0.0,43.84615384615385,1.5702479338842976,48.0,1.9565217391304348,1368.106028217187,536.2182502351834,0.8394160583941606,385.39741219963025,252.26039783001806,91.57088122605363,East,South,47.8955007256894,41.66666666666667,7.8125,,East
528,38.69198312236287,105.0,70.38461538461539,6.115702479338843,46.857142857142854,1.0869565217391304,934.1598973920478,392.1683913452493,3.54014598540146,188.53974121996305,346.2929475587703,43.29501915708812,West,North,321.1175616835994,21.341463414634145,12.5,19.662131661442007,West
160,11.223628691983123,40.0,20.76923076923077,2.56198347107438,25.142857142857142,2.826086956521739,751.3894826849081,316.90968955785513,2.0437956204379564,210.02772643253235,242.3146473779385,57.08812260536398,East,North,11.97387518142235,0.6097560975609756,0.0,4.336468129571578,East
599,53.755274261603375,50.0,92.3076923076923,6.115702479338843,36.57142857142858,0.8695652173913043,877.51175716118,418.03857008466605,0.9854014598540146,228.04990757855825,294.75587703435804,30.268199233716476,East,North,83.81712626995645,76.01626016260163,28.125,14.78578892371996,East
497,39.87341772151899,35.0,66.92307692307692,3.1404958677685952,29.714285714285715,2.1739130434782608,1372.3813595553654,624.412041392286,1.4598540145985401,311.2292051756007,331.8264014466546,46.168582375478934,East,North,110.30478955007257,70.52845528455285,15.625,16.353187042842215,East
210,20.379746835443036,65.0,36.92307692307693,4.214876033057851,32.0,3.0434782608695654,1432.5922759013824,662.041392285983,3.54014598540146,376.3863216266174,417.72151898734177,105.55555555555556,East,North,0.0,0.0,0.0,6.217345872518287,East
225,17.721518987341774,25.0,36.92307692307693,2.1487603305785123,29.714285714285715,2.1739130434782608,551.8740202365683,237.53527751646283,0.9124087591240876,139.32532347504622,167.26943942133818,49.23371647509579,East,South,47.8955007256894,1.8292682926829267,0.0,,East
151,11.814345991561181,20.0,30.0,1.7355371900826446,21.714285714285715,0.21739130434782608,95.83867749750607,37.62935089369709,0.3284671532846716,30.499075785582257,35.2622061482821,6.704980842911877,East,South,10.159651669085632,11.38211382113821,3.125,0.5747126436781609,East
278,25.10548523206751,20.0,38.07692307692307,3.1404958677685952,51.42857142857142,0.0,92.27590138235713,48.21260583254939,0.145985401459854,22.181146025878004,34.35804701627486,8.620689655172413,West,South,37.010159651669085,0.8130081300813009,3.125,0.8881922675026124,West
341,27.763713080168774,30.0,55.38461538461539,3.4710743801652892,22.857142857142854,1.9565217391304348,1049.2375659113582,472.71872060206965,2.956204379562044,262.0147874306839,386.9801084990958,42.337164750957854,West,South,57.329462989840344,0.8130081300813009,7.8125,0.6792058516196446,West
537,43.12236286919831,114.99999999999999,66.92307692307692,7.272727272727273,53.714285714285715,1.9565217391304348,970.8564913780817,426.8579492003763,3.54014598540146,208.641404805915,317.3598553345389,33.33333333333333,West,North,33.38171262699564,52.235772357723576,31.25,4.38871473354232,West
399,29.831223628691983,15.0,64.61538461538461,2.809917355371901,38.85714285714286,0.8695652173913043,231.93672509619495,95.83725305738476,0.145985401459854,60.99815157116451,43.399638336347195,10.344827586206897,East,South,76.56023222060958,1.8292682926829267,4.6875,0.2612330198537095,East
309,27.468354430379744,25.0,42.69230769230769,2.644628099173554,29.714285714285715,2.608695652173913,1638.5207353569904,779.6331138287863,2.0802919708029197,426.29390018484287,471.97106690777576,83.52490421455938,West,North,58.41799709724238,0.6097560975609756,4.6875,11.128526645768025,West
401,29.240506329113924,10.0,69.23076923076924,1.5702479338842976,32.0,0.6521739130434783,305.3299130682628,137.58231420507997,0.072992700729927,86.64510166358596,39.78300180831827,10.536398467432951,West,North,70.0290275761974,2.2357723577235773,6.25,,West
336,27.172995780590714,45.0,40.38461538461538,3.8016528925619837,26.285714285714285,3.0434782608695654,2052.1590423257803,944.2615239887111,4.671532846715328,505.31423290203327,669.9819168173599,95.21072796934865,East,South,0.0,0.0,0.0,,East
616,47.848101265822784,135.0,95.76923076923076,8.842975206611571,36.57142857142858,0.43478260869565216,505.2016531281174,219.30856067732833,2.3722627737226274,124.76894639556377,205.24412296564196,15.7088122605364,East,South,39.91291727140784,62.601626016260155,23.4375,2.7690700104493207,East
219,13.586497890295357,40.0,27.692307692307693,2.1487603305785123,19.42857142857143,2.391304347826087,416.48852786090924,165.80432737535278,0.8394160583941606,68.62292051756008,113.01989150090415,12.068965517241379,East,South,94.33962264150944,11.788617886178862,6.25,,East
579,51.097046413502106,35.0,77.30769230769229,6.446280991735537,66.28571428571429,1.0869565217391304,1080.9462733361836,515.0517403574788,1.167883211678832,253.00369685767097,304.7016274864376,41.76245210727969,West,North,101.59651669085632,97.35772357723577,7.8125,12.31974921630094,West
165,11.223628691983123,10.0,15.0,0.743801652892562,18.28571428571429,0.43478260869565216,63.061137238135956,23.518344308560675,0.072992700729927,11.78373382624769,9.041591320072333,3.4482758620689653,East,South,120.4644412191582,3.861788617886179,3.125,0.1567398119122257,West
618,58.77637130801688,100.0,113.07692307692308,9.09090909090909,70.85714285714286,2.608695652173913,2532.421262647855,1269.4026340545624,12.81021897810219,764.5563770794823,1165.4611211573238,108.04597701149424,East,North,119.73875181422352,3.2520325203252036,12.5,49.00731452455591,East
257,19.198312236286917,25.0,35.769230769230774,2.1487603305785123,36.57142857142858,2.826086956521739,1386.2761864044462,573.2596425211665,1.2043795620437956,358.3641404805915,292.94755877034356,73.1800766283525,West,South,31.567489114658926,33.739837398373986,21.875,3.8140020898641587,East
315,22.151898734177216,65.0,40.38461538461538,4.958677685950414,28.57142857142857,0.43478260869565216,217.68562063559926,86.4299153339605,0.8759124087591241,46.44177449168207,84.99095840867993,10.536398467432951,West,North,180.69666182873732,7.926829268292683,20.3125,1.8286311389759664,West
591,46.075949367088604,80.0,103.84615384615384,6.446280991735537,29.714285714285715,0.6521739130434783,712.9115006412998,315.7337723424271,1.897810218978102,214.18669131238448,204.33996383363473,17.43295019157088,West,North,105.22496371552975,89.43089430894308,39.0625,11.964472309299895,West
404,26.877637130801688,55.00000000000001,62.307692307692314,4.049586776859504,20.571428571428573,1.0869565217391304,475.63061137238134,188.73471307619943,1.094890510948905,129.6210720887246,122.0614828209765,12.068965517241379,East,North,80.55152394775037,1.0162601626016259,7.8125,4.858934169278997,East
315,21.265822784810126,25.0,26.53846153846154,3.0578512396694215,18.28571428571429,0.6521739130434783,153.55565056291863,61.147695202257765,0.21897810218978103,25.646950092421445,41.59132007233273,5.363984674329502,East,South,82.36574746008708,3.048780487804878,4.6875,0.8881922675026124,East
249,20.084388185654007,30.0,36.92307692307693,1.5702479338842976,22.857142857142854,0.6521739130434783,243.3376086646715,120.53151458137347,0.36496350364963503,66.54343807763401,43.399638336347195,8.42911877394636,West,North,37.37300435413643,1.6260162601626018,3.125,,West
429,26.58227848101266,60.0,47.30769230769231,3.4710743801652892,65.14285714285714,2.608695652173913,1984.8225737494656,819.0263405456257,3.029197080291971,399.95378927911275,523.508137432188,123.37164750957855,East,South,248.91146589259796,9.34959349593496,6.25,15.830721003134796,West
212,15.654008438818565,65.0,32.30769230769231,3.6363636363636367,20.571428571428573,0.21739130434782608,76.24340886418697,32.337723424270926,0.4744525547445255,20.79482439926063,41.59132007233273,3.831417624521073,East,North,88.1712626995646,4.67479674796748,7.8125,,East
453,29.535864978902953,15.0,53.07692307692308,3.5537190082644625,69.71428571428572,0.43478260869565216,330.9819010973351,125.82314205079962,0.21897810218978103,65.85027726432533,65.0994575045208,17.43295019157088,West,South,90.34833091436866,90.2439024390244,25.0,2.664576802507837,West
161,12.405063291139241,20.0,19.615384615384617,2.1487603305785123,25.142857142857142,0.43478260869565216,245.11899672224598,102.89275634995296,0.7664233576642336,52.68022181146026,89.51175406871609,14.559386973180075,East,South,108.85341074020319,2.4390243902439024,3.125,,East
184,13.586497890295357,25.0,23.076923076923077,2.31404958677686,20.571428571428573,2.1739130434782608,1178.5663388912642,520.931326434619,2.7007299270072993,289.7412199630314,345.38878842676314,58.2375478927203,West,South,17.779390420899855,0.40650406504065045,0.0,7.993730407523511,West
591,54.050632911392405,100.0,95.76923076923076,6.528925619834711,43.42857142857143,0.8695652173913043,594.9836112298703,269.28504233301976,1.4598540145985401,151.1090573012939,176.3110307414105,15.7088122605364,West,South,109.94194484760523,2.4390243902439024,7.8125,11.755485893416928,West
181,16.835443037974684,30.0,39.23076923076923,1.9008264462809918,25.142857142857142,0.0,57.71697306541257,31.749764816556915,0.21897810218978103,22.87430683918669,20.795660036166364,4.21455938697318,West,South,31.930333817126268,0.0,4.6875,0.39707419017763845,West
441,34.55696202531646,140.0,96.92307692307693,7.107438016528925,77.71428571428572,1.5217391304347827,963.374661536269,438.61712135465666,4.598540145985401,299.44547134935306,379.746835443038,59.195402298850574,East,North,68.94049346879535,0.40650406504065045,3.125,25.757575757575758,East
490,44.0084388185654,105.0,79.61538461538461,4.793388429752066,40.0,2.826086956521739,2175.787373521448,1078.904045155221,4.416058394160584,680.6839186691312,639.2405063291139,114.9425287356322,East,North,34.83309143686502,1.0162601626016259,4.6875,19.48798328108673,West
551,50.21097046413502,65.0,108.46153846153845,6.859504132231406,107.42857142857143,2.608695652173913,2162.9613795069117,1079.4920037629352,4.671532846715328,670.9796672828096,813.74321880651,175.67049808429118,West,North,435.0507982583454,30.284552845528456,7.8125,36.206896551724135,West
550,43.12236286919831,145.0,98.07692307692308,7.520661157024794,81.14285714285715,1.0869565217391304,996.5084794071541,476.8344308560677,4.2700729927007295,280.0369685767098,428.57142857142856,61.11111111111111,East,South,441.94484760522494,21.138211382113823,15.625,25.966562173458723,East
283,21.561181434599156,20.0,39.23076923076923,2.396694214876033,25.142857142857142,1.9565217391304348,1389.4826849080805,622.0602069614299,3.102189781021898,349.35304990757857,412.2965641952984,54.21455938697318,West,South,52.61248185776488,1.0162601626016259,10.9375,14.00208986415883,West
560,47.257383966244724,130.0,102.6923076923077,7.933884297520661,75.42857142857143,0.6521739130434783,630.6113723813596,273.9887111947319,2.3722627737226274,160.81330868761552,235.08137432188067,29.693486590038315,West,South,120.4644412191582,1.8292682926829267,12.5,11.650992685475444,West
328,26.58227848101266,60.0,58.84615384615385,3.5537190082644625,37.714285714285715,0.21739130434782608,115.07766851931025,52.916274694261524,0.43795620437956206,34.658040665434385,39.78300180831827,6.32183908045977,West,North,52.61248185776488,11.991869918699187,12.5,1.2016718913270636,West
586,46.666666666666664,60.0,83.07692307692308,6.528925619834711,60.57142857142857,1.7391304347826086,1091.2783240701153,515.0517403574788,3.029197080291971,250.92421441774493,431.2839059674503,56.513409961685824,West,North,65.67489114658926,2.642276422764228,6.25,20.393584117032397,West
503,39.87341772151899,25.0,71.53846153846155,3.9669421487603307,94.85714285714285,1.9565217391304348,1212.7689895966937,567.9680150517404,0.7299270072992701,282.11645101663584,273.9602169981917,79.3103448275862,West,South,23.58490566037736,52.4390243902439,12.5,13.74085684430512,West
344,24.810126582278482,120.0,79.61538461538461,5.289256198347108,100.57142857142857,1.3043478260869565,317.79962947128405,123.47130761994356,2.335766423357664,103.28096118299445,141.0488245931284,35.82375478927203,East,South,0.0,0.0,0.0,4.858934169278997,East
680,65.56962025316456,155.0,137.3076923076923,7.933884297520661,38.85714285714286,0.43478260869565216,680.1339603819297,342.7798682972719,1.2773722627737227,180.91497227356746,181.73598553345388,17.43295019157088,East,South,155.66037735849056,1.6260162601626018,9.375,6.217345872518287,East
279,18.60759493670886,0.0,35.769230769230774,2.1487603305785123,34.285714285714285,0.0,92.63217899387203,35.277516462841014,0.0,20.79482439926063,23.508137432188065,5.747126436781609,West,South,38.82438316400581,41.66666666666667,25.0,0.1567398119122257,West
484,37.21518987341772,100.0,76.15384615384615,5.37190082644628,76.57142857142857,1.3043478260869565,1064.2012255949835,493.88523047977424,4.233576642335766,301.5249537892791,414.1048824593129,72.22222222222221,West,North,446.6618287373004,16.260162601626014,10.9375,23.31939393939394,West
431,37.21518987341772,40.0,88.84615384615385,3.7190082644628095,66.28571428571429,0.21739130434782608,230.86789226165027,107.59642521166509,0.3284671532846716,80.40665434380776,57.866184448462924,16.85823754789272,West,North,102.68505079825835,1.6260162601626018,4.6875,2.8213166144200628,West
283,20.379746835443036,40.0,38.07692307692307,3.0578512396694215,30.857142857142854,2.391304347826087,1588.9981473564203,716.1335841956726,3.43065693430657,385.39741219963025,436.7088607594937,58.81226053639847,East,North,56.60377358490566,0.40650406504065045,3.125,3.2915360501567394,East
491,41.35021097046413,55.00000000000001,88.84615384615385,3.884297520661157,42.28571428571429,3.0434782608695654,1522.0179563916204,726.716839134525,3.0656934306569346,425.6007393715342,388.7884267631103,65.13409961685824,East,North,86.71988388969521,1.6260162601626018,3.125,9.561128526645767,East
199,15.063291139240507,45.0,30.0,2.31404958677686,24.0,1.0869565217391304,280.0342026507054,109.94825964252117,1.094890510948905,77.63401109057301,107.59493670886076,16.666666666666664,West,South,85.26850507982583,4.471544715447155,7.8125,4.127481713688611,West
589,43.71308016877637,105.0,102.6923076923077,7.107438016528925,73.14285714285715,1.3043478260869565,1260.8664671512042,543.2737535277516,3.7226277372262775,354.89833641404806,425.85895117540684,67.24137931034483,East,North,134.6153846153846,1.2195121951219512,9.375,15.047021943573668,East
327,24.514767932489452,110.00000000000001,61.15384615384615,5.12396694214876,43.42857142857143,1.9565217391304348,1515.6049593843525,657.9256820319849,7.7372262773722635,399.260628465804,632.9113924050633,63.984674329501914,East,North,175.25399129172715,9.75609756097561,9.375,15.308254963427379,West
464,37.51054852320675,140.0,77.30769230769229,7.768595041322314,59.42857142857143,2.608695652173913,2069.9729229015247,910.1599247412983,7.664233576642335,512.2458410351202,759.493670886076,86.59003831417624,East,South,0.0,0.0,0.0,10.867293625914314,East
166,9.746835443037973,0.0,23.076923076923077,1.0743801652892562,19.42857142857143,0.0,52.372808892689186,17.638758231420507,0.0,13.170055452865064,11.754068716094032,3.256704980842912,West,North,23.222060957910013,24.1869918699187,14.0625,,West
338,26.877637130801688,90.0,48.46153846153847,4.958677685950414,24.0,0.43478260869565216,236.21205643437366,106.42050799623706,1.3138686131386863,60.304990757855826,101.26582278481011,9.578544061302683,East,North,0.0,0.0,0.0,1.619644723092999,East
508,42.82700421940928,40.0,92.3076923076923,3.6363636363636367,52.57142857142857,1.7391304347826086,1114.7926464300983,535.6302916274694,1.4963503649635037,395.10166358595194,261.30198915009044,62.452107279693486,East,South,88.89695210449928,1.0162601626016259,14.0625,,East
584,46.075949367088604,100.0,109.61538461538461,6.033057851239669,72.0,1.9565217391304348,1669.1606099472708,773.7535277516464,3.3941605839416056,501.15526802218113,471.97106690777576,110.34482758620689,East,North,100.14513788098694,85.56910569105692,17.1875,7.366771159874608,East
216,15.654008438818565,10.0,31.153846153846157,2.066115702479339,37.714285714285715,0.0,70.1866894684338,29.397930385700846,0.072992700729927,18.022181146025876,22.60397830018083,6.32183908045977,West,South,115.02177068214804,7.317073170731707,1.5625,0.1567398119122257,West
625,52.57383966244726,20.0,108.46153846153845,4.958677685950414,74.28571428571429,0.8695652173913043,597.4775545104745,277.516462841016,0.43795620437956206,149.02957486136782,147.37793851717902,31.800766283524904,East,North,109.94194484760523,91.46341463414635,21.875,10.606060606060606,East
243,15.358649789029537,20.0,20.76923076923077,2.1487603305785123,30.857142857142854,0.6521739130434783,297.13552800342023,131.7027281279398,0.8394160583941606,69.31608133086877,99.45750452079565,14.559386973180075,West,North,38.82438316400581,0.6097560975609756,4.6875,,West
489,38.39662447257383,95.0,88.84615384615385,4.545454545454545,38.85714285714286,1.3043478260869565,723.9561065982614,320.4374412041392,2.2627737226277373,207.2550831792976,237.79385171790236,29.31034482758621,East,South,112.48185776487664,1.8292682926829267,14.0625,14.890282131661442,East
209,16.244725738396625,60.0,25.384615384615387,2.975206611570248,21.714285714285715,0.21739130434782608,70.1866894684338,31.749764816556915,0.43795620437956206,15.942698706099813,33.45388788426763,3.639846743295019,West,North,72.93178519593614,1.2195121951219512,4.6875,0.4702194357366771,West
407,27.172995780590714,40.0,54.230769230769226,2.479338842975207,34.285714285714285,0.21739130434782608,338.46373093914775,132.87864534336782,0.5109489051094891,83.17929759704252,62.386980108499095,13.026819923371647,West,South,62.40928882438317,64.43089430894308,39.0625,1.7241379310344827,West
490,43.41772151898734,70.0,73.84615384615385,6.446280991735537,56.0,2.608695652173913,1204.5746045318513,585.6067732831609,4.124087591240876,307.76340110905727,443.94213381555153,57.662835249042146,East,North,0.0,0.0,0.0,13.218390804597702,West
209,17.130801687763714,30.0,23.076923076923077,3.0578512396694215,30.857142857142854,0.6521739130434783,308.1801339603819,120.53151458137347,0.5109489051094891,45.055452865064694,95.84086799276672,17.624521072796934,West,North,150.58055152394775,7.113821138211382,4.6875,,West
442,38.39662447257383,90.0,78.46153846153847,6.363636363636363,37.714285714285715,1.0869565217391304,497.7198232863047,231.65569143932265,1.715328467153285,144.8706099815157,183.54430379746836,26.053639846743295,East,North,84.54281567489114,1.4227642276422763,10.9375,10.083594566353186,East
317,25.69620253164557,15.0,46.15384615384615,2.644628099173554,21.714285714285715,1.5217391304347827,899.2446914635885,418.03857008466605,1.0218978102189782,185.76709796672827,244.122965641953,22.60536398467433,East,South,79.82583454281568,3.2520325203252036,6.25,,East
288,18.90295358649789,40.0,34.61538461538462,2.975206611570248,30.857142857142854,1.7391304347826086,996.1522017956391,408.0432737535278,2.0072992700729926,217.6524953789279,293.8517179023508,36.20689655172414,West,North,93.9767779390421,6.097560975609756,15.625,12.173458725182863,East
209,15.654008438818565,15.0,28.846153846153847,1.15702479338843,13.714285714285714,0.0,67.69274618782956,29.397930385700846,0.10948905109489052,16.635859519408502,12.658227848101264,2.2988505747126435,East,South,37.010159651669085,1.2195121951219512,4.6875,0.01044932079414838,East
303,20.675105485232066,15.0,20.76923076923077,2.479338842975207,41.142857142857146,0.43478260869565216,115.79022374234003,42.33301975540922,0.10948905109489052,13.170055452865064,32.5497287522604,8.620689655172413,West,North,169.81132075471697,9.552845528455284,9.375,0.6792058516196446,West
330,22.447257383966246,95.0,54.230769230769226,4.380165289256198,30.857142857142854,1.0869565217391304,680.1339603819297,301.0348071495767,3.284671532846715,170.51756007393715,260.3978300180832,30.842911877394638,West,South,54.06386066763425,1.6260162601626018,9.375,12.591431556948798,West
504,35.14767932489451,140.0,81.92307692307692,5.867768595041323,61.71428571428571,0.43478260869565216,379.79193387487527,149.92944496707432,1.9708029197080292,103.28096118299445,150.99457504520794,21.839080459770116,East,North,37.37300435413643,57.52032520325203,29.6875,2.246603970741902,East
258,17.426160337552744,40.0,32.30769230769231,2.727272727272727,20.571428571428573,0.43478260869565216,220.53584152771842,97.60112888052682,0.6204379562043796,54.75970425138632,67.8119349005425,6.896551724137931,East,South,129.89840348330912,6.504065040650407,12.5,1.452455590386625,East
20,0.0,0.0,0.0,0.0,0.0,0.21739130434782608,7.838107453327633,2.9397930385700843,0.072992700729927,3.465804066543438,6.329113924050632,0.7662835249042146,West,North,28.30188679245283,44.71544715447154,9.375,43.04771159874608,West
374,27.468354430379744,25.0,41.53846153846154,2.1487603305785123,70.85714285714286,1.3043478260869565,694.3850648425253,302.7986829727187,0.948905109489051,124.76894639556377,179.9276672694394,55.172413793103445,West,South,274.31059506531204,13.008130081300814,23.4375,16.875653082549636,West
211,12.405063291139241,50.0,30.0,2.892561983471074,44.57142857142857,0.43478260869565216,170.65697591563344,65.8513640639699,0.5109489051094891,40.20332717190388,49.728752260397826,14.942528735632184,East,South,167.99709724238028,6.504065040650407,12.5,1.09717868338558,East
299,21.856540084388186,30.0,43.84615384615385,1.9008264462809918,29.714285714285715,0.43478260869565216,199.87174005985466,91.72154280338664,0.291970802919708,48.521256931608136,29.8372513562387,8.42911877394636,West,North,76.92307692307693,0.20325203252032523,3.125,1.5151515151515151,West
576,49.029535864978904,40.0,102.6923076923077,4.049586776859504,65.14285714285714,0.6521739130434783,286.09092204645856,134.05456255879585,0.6934306569343065,90.80406654343808,75.04520795660036,15.134099616858238,West,North,117.9245283018868,2.4390243902439024,12.5,2.978056426332288,West
381,32.19409282700422,45.0,70.38461538461539,3.7190082644628095,36.57142857142858,1.3043478260869565,1067.4077240986176,488.00564440263406,1.4598540145985401,311.9223659889094,225.13562386980107,32.18390804597701,West,North,82.72859216255443,1.4227642276422763,7.8125,15.308254963427379,West
288,22.151898734177216,35.0,39.23076923076923,3.0578512396694215,17.142857142857142,0.6521739130434783,578.9511187117001,237.53527751646283,0.583941605839416,136.55268022181147,108.499095840868,21.64750957854406,West,South,73.65747460087083,0.6097560975609756,4.6875,3.605015673981191,West
369,27.172995780590714,45.0,49.61538461538461,3.4710743801652892,56.0,0.8695652173913043,441.42796066695166,187.55879586077143,1.9708029197080292,124.76894639556377,160.03616636528028,30.076628352490424,East,North,54.06386066763425,0.20325203252032523,9.375,5.903866248693835,East
330,22.151898734177216,60.0,40.38461538461538,3.3884297520661155,53.714285714285715,0.6521739130434783,480.26222032207494,189.32267168391346,2.0072992700729926,115.06469500924214,179.02350813743217,31.992337164750957,West,South,185.7764876632801,6.097560975609756,7.8125,,West
547,40.16877637130801,10.0,66.92307692307692,3.884297520661157,13.714285714285714,0.21739130434782608,363.0468861336754,156.98494825964252,0.10948905109489052,88.72458410351202,72.33273056057867,4.597701149425287,East,South,94.70246734397678,93.29268292682927,34.375,2.246603970741902,East
572,44.59915611814346,90.0,121.15384615384616,4.049586776859504,74.28571428571429,0.21739130434782608,341.6702294427818,144.04985888993417,1.3138686131386863,115.75785582255084,82.27848101265823,19.34865900383142,East,South,117.9245283018868,2.642276422764228,4.6875,2.7690700104493207,East
359,24.514767932489452,20.0,53.07692307692308,2.231404958677686,24.0,2.391304347826087,1771.7685620635598,736.7121354656632,1.3503649635036497,483.8262476894639,349.00542495479203,74.13793103448276,West,South,54.78955007256894,1.6260162601626018,7.8125,,West
514,42.23628691983122,0.0,77.30769230769229,4.462809917355372,90.28571428571428,1.7391304347826086,1681.630326350292,684.9717779868297,0.4744525547445255,403.4195933456562,338.15551537070525,101.14942528735632,West,North,83.09143686502176,92.07317073170732,23.4375,39.132706374085686,West
359,23.333333333333332,75.0,51.92307692307692,3.9669421487603307,72.0,1.3043478260869565,525.1531993729515,208.725305738476,2.226277372262774,121.30314232902033,182.64014466546112,33.524904214559385,West,South,247.4600870827286,18.902439024390244,20.3125,13.218390804597702,West
526,47.848101265822784,60.0,101.53846153846155,4.132231404958678,88.0,0.6521739130434783,547.5986888983896,273.9887111947319,1.386861313868613,169.1312384473198,150.99457504520794,33.33333333333333,East,South,90.71117561683599,2.2357723577235773,1.5625,14.263322884012538,East
313,24.219409282700422,45.0,49.61538461538461,3.3884297520661155,34.285714285714285,2.826086956521739,2089.924469146359,904.868297271872,3.795620437956204,519.8706099815157,645.5696202531645,102.4904214559387,West,South,21.04499274310595,28.65853658536585,35.9375,7.993730407523511,West
540,39.57805907172995,150.0,94.61538461538461,7.272727272727273,62.85714285714286,0.0,185.62063559925895,77.02257761053622,1.094890510948905,56.1460258780037,79.56600361663654,10.536398467432951,East,South,56.966618287373,1.2195121951219512,21.875,2.1839080459770113,East
437,36.03375527426161,45.0,71.53846153846155,4.545454545454545,45.71428571428571,1.7391304347826086,1467.863759441357,704.9623706491063,2.8832116788321165,467.88354898336416,352.622061482821,69.73180076628353,East,North,29.753265602322205,34.552845528455286,23.4375,24.921630094043888,East
551,46.962025316455694,114.99999999999999,99.23076923076923,7.438016528925619,99.42857142857143,0.8695652173913043,789.5111871170016,351.59924741298215,2.7372262773722627,192.00554528650648,296.5641952983725,52.298850574712645,East,South,444.121915820029,23.3739837398374,17.1875,,East
237,15.063291139240507,0.0,17.30769230769231,2.066115702479339,34.285714285714285,5.0,5000.0,2500.0,5.839416058394161,1500.0,1188.0650994575046,300.0,West,South,189.76777939042088,8.739837398373984,9.375,14.263322884012538,West
236,16.244725738396625,30.0,47.30769230769231,1.5702479338842976,24.0,0.8695652173913043,441.07168305543684,191.08654750705549,0.8759124087591241,114.37153419593345,113.01989150090415,20.114942528735632,East,North,62.40928882438317,0.20325203252032523,6.25,2.560083594566353,East
473,45.18987341772152,30.0,70.38461538461539,3.9669421487603307,33.142857142857146,1.0869565217391304,693.6725096194955,330.4327375352775,1.0583941605839415,172.59704251386322,227.8481012658228,34.09961685823755,East,North,306.96661828737297,17.073170731707318,14.0625,10.71055381400209,East
309,20.970464135021096,0.0,38.07692307692307,2.56198347107438,29.714285714285715,0.8695652173913043,119.35299985748895,45.86077140169332,0.0,27.726432532347506,28.933092224231462,4.980842911877395,West,North,42.45283018867924,54.67479674796748,18.75,1.3061650992685474,West
271,22.447257383966246,25.0,40.38461538461538,2.396694214876033,37.714285714285715,2.391304347826087,1750.748182984181,796.0959548447789,1.7518248175182483,435.99815157116456,393.3092224231465,77.20306513409963,East,South,22.496371552975326,18.29268292682927,4.6875,7.993730407523511,East
357,28.059071729957804,35.0,57.69230769230769,3.7190082644628095,44.57142857142857,0.8695652173913043,489.8817158329771,199.90592662276575,1.5693430656934306,122.6894639556377,173.59855334538878,26.053639846743295,East,South,60.595065312046444,0.40650406504065045,6.25,4.858934169278997,East
216,16.244725738396625,20.0,25.384615384615387,1.487603305785124,17.142857142857142,2.391304347826087,989.3829271768561,388.64063969896523,1.5693430656934306,183.6876155268022,274.8643761301989,37.931034482758626,East,North,141.87227866473148,8.94308943089431,6.25,3.8140020898641587,East
256,20.379746835443036,65.0,48.46153846153847,2.975206611570248,50.285714285714285,3.2608695652173916,2507.838107453327,1082.4317968015052,11.386861313868613,668.2070240295749,1019.8915009041591,189.6551724137931,West,North,14.876632801161103,23.983739837398375,12.5,20.532915360501566,East
466,31.60337552742616,165.0,86.53846153846153,7.107438016528925,82.28571428571429,0.43478260869565216,225.5237280889269,81.13828786453433,1.6058394160583942,70.00924214417745,98.55334538878841,19.54022988505747,East,North,103.77358490566039,1.6260162601626018,12.5,3.082549634273772,East
327,19.789029535864977,65.0,48.46153846153847,2.396694214876033,51.42857142857142,3.695652173913043,1400.1710132535272,549.7412982126058,2.846715328467153,302.9112754158965,343.58047016274867,89.27203065134098,East,North,239.11465892597968,10.772357723577237,10.9375,6.948798328108673,East
462,34.85232067510549,80.0,56.53846153846154,5.37190082644628,42.28571428571429,1.3043478260869565,752.4583155194528,340.42803386641583,2.518248175182482,168.4380776340111,260.3978300180832,28.73563218390805,East,North,314.22351233671986,13.211382113821138,9.375,,East
341,32.19409282700422,45.0,51.92307692307692,4.049586776859504,52.57142857142857,1.7391304347826086,823.7138378224313,384.5249294449671,1.8248175182481752,171.9038817005545,291.1392405063291,52.490421455938694,East,North,91.07402031930334,1.8292682926829267,6.25,10.292580982236155,East
608,46.962025316455694,140.0,150.0,6.115702479338843,101.71428571428571,1.5217391304347827,1443.636881858344,692.615239887112,3.759124087591241,596.81146025878,377.0343580470162,135.63218390804596,East,North,154.57184325108852,0.8130081300813009,9.375,33.49007314524556,East
419,29.535864978902953,90.0,75.0,4.793388429752066,105.14285714285714,4.130434782608695,3387.8438078951117,1473.4242709313264,20.0,1045.286506469501,1500.0,257.088122605364,East,South,0.0,0.0,0.0,8.77742946708464,East
33,1.4767932489451476,0.0,2.307692307692308,0.3305785123966942,8.0,0.0,4.9878865612084935,1.175917215428034,0.0,0.6931608133086876,3.6166365280289328,1.3409961685823755,East,South,74.38316400580551,1.0162601626016259,6.25,,East
376,23.924050632911392,105.0,48.46153846153847,4.958677685950414,40.0,0.8695652173913043,623.8420977625766,237.53527751646283,4.197080291970803,164.27911275415897,270.34358047016275,30.076628352490424,East,South,0.0,0.0,0.0,7.471264367816093,East
486,42.53164556962025,55.00000000000001,58.84615384615385,6.2809917355371905,45.71428571428571,2.1739130434782608,1406.5840102607951,645.5785512699906,2.445255474452555,283.50277264325325,449.36708860759495,54.406130268199234,West,North,31.930333817126268,41.46341463414634,25.0,9.03866248693835,East
186,12.70042194092827,35.0,32.30769230769231,1.322314049586777,12.571428571428571,0.0,59.498361122987035,23.518344308560675,0.25547445255474455,18.715341959334566,14.466546112115731,2.10727969348659,West,South,35.92162554426705,0.6097560975609756,1.5625,,West
307,23.333333333333332,5.0,48.46153846153847,2.975206611570248,33.142857142857146,1.3043478260869565,855.7788228587715,383.349012229539,0.6569343065693432,262.0147874306839,179.02350813743217,35.24904214559387,East,South,52.61248185776488,0.40650406504065045,3.125,,East
246,22.151898734177216,25.0,40.38461538461538,3.2231404958677685,14.857142857142858,1.0869565217391304,318.15590708279893,135.23047977422388,0.43795620437956206,70.00924214417745,86.79927667269439,15.325670498084293,East,North,15.965166908563134,0.0,1.5625,3.8140020898641587,East
205,15.063291139240507,40.0,35.769230769230774,2.231404958677686,19.42857142857143,2.391304347826087,1822.3599828986748,775.5174035747883,2.0437956204379564,445.0092421441774,402.3508137432188,87.93103448275862,East,North,56.24092888243832,0.6097560975609756,3.125,6.948798328108673,East
348,26.28691983122363,55.00000000000001,57.69230769230769,3.7190082644628095,49.14285714285714,1.9565217391304348,808.3939005272908,358.6547507055503,1.5693430656934306,203.78927911275414,246.83544303797467,51.53256704980843,East,North,21.77068214804064,35.77235772357724,9.375,7.993730407523511,East
523,39.57805907172995,40.0,60.0,3.6363636363636367,59.42857142857143,1.7391304347826086,1193.1737209633748,523.8711194731891,1.4233576642335766,260.62846580406654,256.78119349005425,56.70498084291187,West,South,133.16400580551525,96.54471544715447,29.6875,14.263322884012538,West
312,19.789029535864977,10.0,36.92307692307693,1.8181818181818183,27.428571428571427,0.0,104.38934017386347,37.62935089369709,0.072992700729927,21.487985212569313,19.891500904159134,4.597701149425287,East,North,31.204644412191584,30.48780487804878,23.4375,0.052246603970741906,East
496,34.85232067510549,40.0,65.76923076923077,2.727272727272727,24.0,1.3043478260869565,1189.6109448482257,516.2276575729069,1.3138686131386863,252.31053604436227,253.1645569620253,31.60919540229885,West,South,56.24092888243832,75.40650406504065,45.3125,16.875653082549636,West
126,7.679324894514768,15.0,9.230769230769232,0.8264462809917356,5.7142857142857135,0.6521739130434783,78.38107453327633,26.458137347130762,0.10948905109489052,10.397412199630315,11.754068716094032,2.681992337164751,West,North,68.94049346879535,0.40650406504065045,14.0625,2.560083594566353,West
275,19.789029535864977,25.0,48.46153846153847,3.4710743801652892,69.71428571428572,1.0869565217391304,335.6135100470287,137.58231420507997,0.583941605839416,88.03142329020332,94.03254972875226,32.95019157088122,West,North,65.67489114658926,0.6097560975609756,3.125,2.58098223615465,West
627,52.278481012658226,70.0,78.46153846153847,6.2809917355371905,52.57142857142857,1.0869565217391304,1114.0800912070686,527.9868297271872,2.7007299270072993,341.728280961183,311.9349005424955,46.36015325670498,West,North,112.1190130624093,100.0,7.8125,14.054336468129572,West
394,25.10548523206751,5.0,43.84615384615385,2.31404958677686,41.142857142857146,0.6521739130434783,381.21704432093486,154.63311382878646,0.10948905109489052,64.46395563770795,64.19529837251356,14.559386973180075,West,North,73.65747460087083,75.0,25.0,3.8140020898641587,West
208,16.540084388185655,40.0,36.92307692307693,2.066115702479339,20.571428571428573,0.43478260869565216,225.88000570044179,97.60112888052682,0.6204379562043796,67.2365988909427,48.8245931283906,11.877394636015326,West,North,15.239477503628448,19.10569105691057,20.3125,1.5151515151515151,West
382,29.535864978902953,80.0,57.69230769230769,4.545454545454545,25.142857142857142,0.0,129.32877297990595,57.03198494825965,0.583941605839416,33.96487985212569,49.728752260397826,4.21455938697318,East,South,72.56894049346879,1.4227642276422763,9.375,0.6269592476489028,East
459,33.08016877637131,100.0,68.07692307692308,4.710743801652892,77.71428571428572,2.391304347826087,1898.6033917628617,802.5634995296331,5.656934306569344,493.5304990757856,596.745027124774,140.80459770114942,East,South,0.0,0.0,0.0,14.054336468129572,East
549,43.71308016877637,35.0,84.23076923076923,3.884297520661157,48.0,0.0,188.82713410289298,85.25399811853245,0.25547445255474455,49.9075785582255,42.495479204339965,8.045977011494253,West,South,92.52539912917271,91.46341463414635,26.5625,1.5151515151515151,West
288,18.312236286919834,15.0,28.846153846153847,2.727272727272727,18.28571428571429,1.9565217391304348,948.7672794641584,389.8165569143932,1.386861313868613,217.6524953789279,234.17721518987344,39.08045977011494,East,South,48.98403483309144,52.235772357723576,10.9375,5.7297178683385575,East
303,24.514767932489452,20.0,40.38461538461538,2.644628099173554,26.285714285714285,0.21739130434782608,104.38934017386347,48.80056444026341,0.145985401459854,26.34011090573013,28.933092224231462,4.406130268199234,West,South,64.94920174165456,1.0162601626016259,4.6875,,West
522,47.848101265822784,45.0,94.61538461538461,3.8016528925619837,70.85714285714286,2.608695652173913,2500.356277611515,1184.736594543744,5.583941605839416,722.2735674676525,747.7396021699819,102.4904214559387,East,North,127.72133526850507,1.8292682926829267,1.5625,19.48798328108673,East
512,34.26160337552743,145.0,62.307692307692314,7.272727272727273,49.14285714285714,1.0869565217391304,616.7165455322787,239.88711194731889,3.6496350364963503,140.71164510166358,249.54792043399638,29.693486590038315,East,South,448.4760522496372,19.91869918699187,28.125,0.6792058516196446,East
220,19.198312236286917,25.0,23.076923076923077,2.31404958677686,14.857142857142858,0.43478260869565216,96.55123272053585,44.68485418626529,0.18248175182481752,18.022181146025876,28.02893309222423,2.8735632183908044,East,South,101.95936139332366,4.2682926829268295,4.6875,0.4702194357366771,East
522,41.05485232067511,80.0,84.23076923076923,6.363636363636363,68.57142857142857,0.6521739130434783,253.3133817870885,106.42050799623706,0.8029197080291971,63.77079482439925,95.84086799276672,16.47509578544061,West,North,478.9550072568941,33.739837398373986,26.5625,2.7690700104493207,West
461,32.78481012658228,90.0,62.307692307692314,4.462809917355372,40.0,0.21739130434782608,235.49950121134387,91.72154280338664,0.8759124087591241,51.98706099815157,67.8119349005425,9.386973180076629,East,South,40.275761973875184,45.9349593495935,17.1875,1.4106583072100314,East
581,42.53164556962025,85.0,76.15384615384615,5.619834710743802,24.0,0.21739130434782608,289.2974205500926,121.11947318908749,0.7664233576642336,72.7818853974122,77.75768535262206,7.662835249042146,West,North,116.11030478955007,94.51219512195121,50.0,1.8286311389759664,West
530,46.666666666666664,15.0,94.61538461538461,4.132231404958678,53.714285714285715,1.0869565217391304,570.0441784238278,248.11853245531515,0.40145985401459855,150.4158964879852,134.71971066907776,31.226053639846743,East,South,71.11756168359942,71.95121951219512,23.4375,8.51619644723093,East
557,41.64556962025316,105.0,66.92307692307692,6.694214876033058,26.285714285714285,3.695652173913043,3113.8663246401597,1516.3452492944496,9.89051094890511,788.1238447319779,1174.502712477396,91.57088122605363,West,South,420.899854862119,10.772357723577237,10.9375,28.89237199582027,West
439,28.059071729957804,0.0,50.769230769230774,2.975206611570248,74.28571428571429,0.6521739130434783,246.54410716830554,84.66603951081844,0.0364963503649635,46.44177449168207,50.632911392405056,18.965517241379313,West,North,83.09143686502176,82.52032520325203,34.375,1.7241379310344827,West
453,30.126582278481013,40.0,61.15384615384615,2.727272727272727,59.42857142857143,0.21739130434782608,173.86347441926748,69.96707431796801,0.291970802919708,42.97597042513863,35.2622061482821,11.11111111111111,East,South,104.86211901306241,82.72357723577237,9.375,0.7836990595611284,East
528,35.73839662447257,5.0,77.30769230769229,3.7190082644628095,58.285714285714285,0.6521739130434783,604.6031067407724,234.59548447789274,0.43795620437956206,145.5637707948244,132.00723327305604,29.693486590038315,East,South,75.8345428156749,75.60975609756098,26.5625,5.903866248693835,East
633,61.729957805907176,30.0,105.0,4.62809917355372,67.42857142857143,1.0869565217391304,1087.0029927319367,510.3480714957667,0.6934306569343065,290.4343807763401,207.95660036166365,52.490421455938694,West,South,133.16400580551525,87.8048780487805,25.0,0.4702194357366771,West
16,0.29535864978902954,0.0,1.153846153846154,0.0,0.0,0.21739130434782608,3.2064985036340317,0.0,0.0,0.0,0.0,0.0,East,North,89.62264150943396,0.8130081300813009,12.5,,East
562,49.620253164556964,85.0,101.53846153846155,6.033057851239669,60.57142857142857,1.5217391304347827,1126.5498076100898,492.1213546566322,2.226277372262774,311.2292051756007,309.2224231464738,71.455938697318,East,North,127.35849056603773,89.83739837398373,26.5625,9.665621734587251,East
281,22.151898734177216,15.0,48.46153846153847,2.066115702479339,22.857142857142854,1.5217391304347827,940.2166167878011,383.9369708372531,1.7518248175182483,223.8909426987061,271.24773960217,34.2911877394636,East,North,38.46153846153847,29.268292682926827,10.9375,5.7297178683385575,East
593,44.59915611814346,114.99999999999999,79.61538461538461,6.198347107438017,60.57142857142857,1.0869565217391304,978.3383212198945,400.98777046095955,4.854014598540147,255.083179297597,347.19710669077756,61.49425287356322,East,South,114.29608127721336,2.0325203252032518,9.375,18.234064785788924,East
687,62.61603375527426,50.0,105.0,5.37190082644628,30.857142857142854,0.6521739130434783,534.0601396608237,261.0536218250235,0.5474452554744526,135.16635859519408,123.86980108499095,17.049808429118777,East,North,106.67634252539914,90.4471544715447,20.3125,5.903866248693835,East
368,30.126582278481013,15.0,55.38461538461539,2.31404958677686,61.71428571428571,1.5217391304347827,669.089354424968,287.5117591721543,0.3284671532846716,142.79112754158965,146.47377938517178,37.931034482758626,West,South,75.8345428156749,50.0,4.6875,5.416238244514106,West
263,20.379746835443036,5.0,30.0,1.9008264462809918,34.285714285714285,0.6521739130434783,309.6052444064415,126.99905926622766,0.3284671532846716,56.839186691312385,74.14104882459313,16.47509578544061,West,North,29.39042089985486,29.878048780487802,6.25,3.8140020898641587,West
642,62.0253164556962,70.0,123.46153846153845,4.87603305785124,59.42857142857143,0.8695652173913043,835.4709990024227,450.376293508937,0.9854014598540146,243.29944547134934,207.95660036166365,36.97318007662835,West,South,122.27866473149491,3.861788617886179,6.25,14.054336468129572,West
265,19.789029535864977,40.0,30.0,2.479338842975207,33.142857142857146,1.3043478260869565,469.5738919766282,196.96613358419566,1.167883211678832,92.88354898336414,147.37793851717902,24.521072796934867,West,South,33.38171262699564,1.0162601626016259,4.6875,7.471264367816093,East
289,18.312236286919834,35.0,41.53846153846154,3.3884297520661155,50.285714285714285,3.4782608695652173,2630.397605814451,1146.519285042333,7.116788321167883,772.181146025878,830.9222423146473,220.88122605363984,East,South,60.2322206095791,42.886178861788615,10.9375,,East
559,41.35021097046413,10.0,55.38461538461539,5.041322314049586,83.42857142857143,1.5217391304347827,1119.780532991307,511.5239887111947,0.583941605839416,291.1275415896488,315.55153707052443,68.77394636015326,West,North,127.72133526850507,84.14634146341463,14.0625,17.92058516196447,West
520,35.14767932489451,85.0,61.15384615384615,3.6363636363636367,24.0,0.6521739130434783,323.5000712555223,131.11476952022576,0.8029197080291971,72.7818853974122,72.33273056057867,9.96168582375479,East,South,25.39912917271408,29.268292682926827,17.1875,2.4555903866248694,East
19,0.8860759493670886,5.0,2.307692307692308,0.24793388429752067,1.142857142857143,0.0,0.0,0.0,0.0364963503649635,0.6931608133086876,2.7124773960216997,0.19157088122605365,West,South,251.088534107402,14.227642276422763,12.5,17.81609195402299,East
205,12.405063291139241,10.0,27.692307692307693,1.4049586776859504,22.857142857142854,1.3043478260869565,297.4918056149352,126.41110065851365,0.43795620437956206,72.0887245841035,89.51175406871609,13.601532567049809,West,North,47.53265602322206,1.2195121951219512,1.5625,4.580292580982236,West
193,13.586497890295357,50.0,24.230769230769234,2.396694214876033,27.428571428571427,1.0869565217391304,397.96209206213484,148.16556914393226,1.5328467153284673,88.72458410351202,125.67811934900543,20.30651340996169,East,South,108.49056603773585,2.642276422764228,7.8125,3.709508881922675,East
181,13.29113924050633,5.0,21.923076923076923,1.487603305785124,19.42857142857143,0.8695652173913043,327.06284737067125,137.58231420507997,0.3284671532846716,60.304990757855826,85.89511754068717,19.92337164750958,East,North,13.425253991291727,19.91869918699187,14.0625,,East
213,17.721518987341774,20.0,19.615384615384617,1.8181818181818183,3.4285714285714284,3.4782608695652173,1440.074105743195,670.8607714016932,3.029197080291971,337.56931608133084,443.94213381555153,46.74329501915709,East,South,64.58635703918723,9.146341463414634,6.25,3.5005224660397074,East
510,43.12236286919831,50.0,64.61538461538461,4.297520661157025,60.57142857142857,1.3043478260869565,1016.4600256519881,480.36218250235186,2.2992700729927007,212.10720887245844,307.4141048824593,33.33333333333333,West,North,293.90420899854865,20.121951219512198,28.125,22.622779519331242,West
578,40.46413502109705,5.0,64.61538461538461,4.87603305785124,38.85714285714286,0.43478260869565216,491.66310389055155,207.54938852304798,0.25547445255474455,102.58780036968578,145.56962025316454,16.666666666666664,West,North,48.258345428156744,75.40650406504065,31.25,1.9331243469174502,West
200,14.767932489451477,10.0,16.153846153846153,2.396694214876033,28.57142857142857,4.782608695652174,3476.9132107738346,1603.9510818438382,13.832116788321168,881.007393715342,1493.6708860759495,177.2030651340996,West,South,144.41219158200292,5.894308943089431,10.9375,,West
441,33.08016877637131,25.0,87.6923076923077,4.297520661157025,86.85714285714286,0.8695652173913043,544.0359127832407,231.06773283160868,0.6204379562043796,155.9611829944547,134.71971066907776,36.59003831417625,East,South,58.055152394775035,58.94308943089431,17.1875,7.471264367816093,East
172,12.109704641350211,15.0,19.615384615384617,1.15702479338843,17.142857142857142,1.9565217391304348,1448.9810460310673,673.8005644402633,2.0802919708029197,400.64695009242143,328.2097649186257,77.77777777777777,West,South,23.58490566037736,0.0,0.0,17.398119122257054,West
580,57.004219409282705,45.0,105.0,5.12396694214876,89.14285714285714,1.5217391304347827,1194.5988314094343,602.0696142991534,1.7518248175182483,417.9759704251386,283.90596745027125,89.84674329501915,West,North,97.96806966618288,2.642276422764228,9.375,,West
127,9.156118143459917,20.0,16.153846153846153,2.066115702479339,13.714285714285714,3.9130434782608696,2984.5375516602535,1409.9247412982127,8.832116788321168,725.7393715341959,1218.8065099457503,156.89655172413794,West,South,60.595065312046444,3.6585365853658534,9.375,9.03866248693835,West
279,20.084388185654007,20.0,40.38461538461538,2.56198347107438,36.57142857142858,0.6521739130434783,477.4119994299558,206.37347130761995,1.1313868613138687,124.0757855822551,133.81555153707052,30.268199233716476,West,North,48.258345428156744,35.16260162601626,14.0625,4.38871473354232,West
480,32.78481012658228,90.0,57.69230769230769,5.867768595041323,50.285714285714285,1.3043478260869565,1073.108165882856,450.964252116651,4.014598540145985,233.5951940850277,367.0886075949367,45.785440613026815,West,North,34.107402031930334,54.87804878048781,25.0,14.263322884012538,West
600,40.75949367088607,0.0,108.46153846153845,2.396694214876033,68.57142857142857,0.21739130434782608,433.58985321362405,179.32737535277516,0.0364963503649635,138.63216266173754,62.386980108499095,21.072796934865902,West,North,108.85341074020319,2.4390243902439024,14.0625,1.9331243469174502,West
610,54.641350210970465,95.0,123.46153846153845,8.099173553719009,84.57142857142858,1.0869565217391304,965.1560495938436,440.3809971777987,2.518248175182482,275.87800369685766,330.92224231464735,54.78927203065134,West,North,428.8824383164006,19.51219512195122,20.3125,25.757575757575758,West
360,23.628691983122362,25.0,42.69230769230769,3.6363636363636367,42.28571428571429,1.3043478260869565,801.268348296993,330.4327375352775,1.4963503649635037,192.69870609981513,232.36889692585896,47.12643678160919,West,North,61.68359941944848,57.72357723577236,4.6875,9.561128526645767,West
387,36.32911392405063,5.0,77.30769230769229,2.231404958677686,41.142857142857146,1.3043478260869565,625.623485820151,295.1552210724365,0.21897810218978103,187.84658040665434,113.01989150090415,37.16475095785441,West,North,67.48911465892598,58.94308943089431,26.5625,10.083594566353186,West
580,60.84388185654009,40.0,123.46153846153845,5.867768595041323,120.0,0.8695652173913043,982.9699301695881,572.6716839134525,1.167883211678832,327.8650646950092,291.1392405063291,79.88505747126437,East,North,43.90420899854862,54.268292682926834,29.6875,32.02716823406478,East
408,34.26160337552743,55.00000000000001,76.15384615384615,3.3884297520661155,38.85714285714286,0.0,138.59199087929315,66.43932267168391,0.40145985401459855,45.055452865064694,37.070524412296564,6.513409961685824,West,South,341.799709724238,14.634146341463413,17.1875,1.09717868338558,West
593,50.506329113924046,110.00000000000001,94.61538461538461,8.264462809917356,65.14285714285714,0.0,204.50334900954826,98.77704609595484,0.8029197080291971,56.1460258780037,90.41591320072332,10.919540229885058,East,South,443.39622641509436,28.252032520325205,23.4375,2.037617554858934,East
221,15.358649789029537,10.0,24.230769230769234,1.9008264462809918,25.142857142857142,1.5217391304347827,371.95382642154766,164.0404515522107,0.5474452554744526,73.47504621072089,112.11573236889691,20.30651340996169,West,North,117.9245283018868,11.788617886178862,9.375,,West
497,37.21518987341772,35.0,75.0,3.9669421487603307,42.28571428571429,0.8695652173913043,956.2491093059712,471.5428033866416,1.167883211678832,262.0147874306839,281.19349005424954,26.4367816091954,West,North,117.9245283018868,1.8292682926829267,4.6875,13.218390804597702,West
492,39.87341772151899,25.0,87.6923076923077,4.132231404958678,107.42857142857143,2.391304347826087,1956.676642439789,886.0536218250236,1.4233576642335766,621.0720887245841,407.7757685352622,167.62452107279694,East,North,113.57039187227866,77.4390243902439,31.25,16.875653082549636,East
475,36.91983122362869,15.0,70.38461538461539,3.5537190082644625,59.42857142857143,1.0869565217391304,598.9026649565341,252.23424270931326,0.25547445255474455,149.72273567467653,84.08679927667269,27.96934865900383,East,South,13.425253991291727,22.96747967479675,10.9375,6.635318704284221,East
573,42.23628691983122,45.0,98.07692307692308,4.958677685950414,89.14285714285714,1.5217391304347827,1132.606527005843,501.52869238005644,3.54014598540146,325.0924214417745,379.746835443038,63.60153256704981,East,North,476.77793904209,26.6260162601626,18.75,18.65203761755486,East
631,49.915611814345986,45.0,88.84615384615385,3.6363636363636367,35.42857142857143,2.1739130434782608,1741.8412426963089,854.3038570084666,1.094890510948905,536.5064695009241,322.7848101265823,47.70114942528736,East,South,148.04063860667634,0.8130081300813009,4.6875,19.48798328108673,East
