PlayTimeHours,TotalWins,TotalLosses,AchievementsUnlocked,LevelUps,FriendsConnected,YearsActive,TotalPlayTimeHours,TotalAchievements,SpecialEventsParticipated,TotalLevelsCompleted,TotalItemsCollected,TotalFriendsMade,HasPremiumAccount,IsMultiplayer,TotalSessionsPlayed,TotalStrategiesUsed,TotalGameModesPlayed,InGamePurchasesAmount,HasChangedUsername
203.0,121.0,10.0,57.0,41.0,170.0,19.0,6850.0,3150.0,328.0,1782.0,1176.0,1368.0,False,Yes,842.0,187.0,35.0,1044.3480555269464,UsernameModificationLog
215.0,91.0,7.0,67.0,28.0,44.0,2.0,789.0,433.0,66.0,202.0,169.0,81.0,True,No,529.0,102.0,38.0,115.75225381927093,UsernameChangeHistory
75.0,55.0,10.0,19.0,15.0,18.0,13.0,2492.0,1309.0,205.0,596.0,645.0,371.0,True,No,234.0,28.0,38.0,206.6491189271415,UsernameChangeHistory
87.0,28.0,8.0,27.0,5.0,86.0,19.0,8694.0,3922.0,528.0,2324.0,1635.0,1705.0,True,Yes,790.0,44.0,37.0,776.6393831925693,UsernameChangeHistory
219.0,174.0,5.0,95.0,14.0,18.0,7.0,2169.0,1322.0,76.0,786.0,459.0,407.0,True,Yes,888.0,67.0,39.0,1139.176353781428,UsernameModificationLog
52.0,31.0,25.0,38.0,18.0,143.0,4.0,477.0,264.0,200.0,222.0,312.0,297.0,False,Yes,391.0,0.0,28.0,841.8838399736387,UsernameModificationLog
386.0,254.0,40.0,164.0,96.0,269.0,6.0,1228.0,716.0,147.0,400.0,449.0,388.0,False,Yes,284.0,265.0,39.0,525.2935978755382,UsernameModificationLog
83.0,62.0,9.0,28.0,29.0,49.0,18.0,8284.0,4229.0,252.0,2077.0,1444.0,1226.0,True,Yes,255.0,44.0,32.0,750.3280227638819,UsernameChangeHistory
308.0,210.0,41.0,167.0,80.0,192.0,10.0,5166.0,2477.0,282.0,1796.0,1131.0,988.0,True,Yes,1308.0,135.0,40.0,1919.132374729783,UsernameChangeHistory
376.0,279.0,42.0,177.0,59.0,261.0,8.0,2044.0,1266.0,179.0,706.0,535.0,573.0,True,No,486.0,151.0,39.0,907.8137937443645,UsernameChangeHistory
261.0,116.0,24.0,104.0,41.0,179.0,2.0,601.0,221.0,27.0,152.0,88.0,94.0,True,No,481.0,105.0,40.0,864.5873063252462,UsernameChangeHistory
71.0,36.0,11.0,31.0,15.0,42.0,2.0,342.0,177.0,83.0,82.0,110.0,116.0,False,Yes,430.0,66.0,39.0,73.09154822989584,UsernameModificationLog
228.0,146.0,26.0,118.0,56.0,169.0,17.0,8333.0,4031.0,494.0,2547.0,1747.0,1523.0,False,No,363.0,325.0,40.0,923.1450262597499,UsernameModificationLog
416.0,172.0,19.0,102.0,35.0,225.0,3.0,1350.0,849.0,98.0,519.0,231.0,250.0,False,No,1038.0,442.0,39.0,639.807997040752,UsernameModificationLog
269.0,115.0,35.0,104.0,61.0,70.0,1.0,231.0,137.0,19.0,33.0,16.0,9.0,False,Yes,75.0,146.0,37.0,196.09638250997682,UsernameModificationLog
316.0,171.0,18.0,107.0,46.0,55.0,13.0,5574.0,2492.0,239.0,1644.0,929.0,939.0,False,Yes,37.0,497.0,40.0,1410.7845549131796,UsernameModificationLog
322.0,153.0,40.0,100.0,85.0,156.0,4.0,1847.0,974.0,154.0,411.0,502.0,400.0,False,No,1032.0,173.0,38.0,285.43593508149274,UsernameModificationLog
141.0,96.0,19.0,103.0,17.0,126.0,2.0,934.0,535.0,31.0,296.0,113.0,238.0,True,No,584.0,19.0,35.0,1288.8432863059822,UsernameChangeHistory
57.0,33.0,2.0,33.0,1.0,65.0,15.0,3203.0,1546.0,63.0,715.0,514.0,675.0,True,Yes,313.0,153.0,36.0,343.67827746198594,UsernameChangeHistory
187.0,78.0,9.0,54.0,14.0,26.0,6.0,1331.0,698.0,88.0,309.0,267.0,196.0,False,No,221.0,449.0,39.0,259.18186966237005,UsernameModificationLog
322.0,145.0,46.0,127.0,68.0,162.0,18.0,7215.0,3286.0,493.0,1879.0,1445.0,1564.0,False,No,1387.0,184.0,40.0,728.569499067048,UsernameModificationLog
46.0,15.0,1.0,2.0,6.0,22.0,5.0,1620.0,858.0,109.0,350.0,412.0,237.0,True,Yes,97.0,153.0,39.0,300.80788796015383,UsernameChangeHistory
196.0,119.0,13.0,119.0,19.0,203.0,5.0,968.0,526.0,94.0,321.0,194.0,302.0,True,No,631.0,97.0,37.0,329.09335793774125,UsernameChangeHistory
102.0,50.0,34.0,52.0,39.0,34.0,3.0,872.0,405.0,170.0,268.0,247.0,271.0,True,Yes,41.0,5.0,35.0,152.6878715168632,UsernameChangeHistory
251.0,168.0,12.0,135.0,26.0,76.0,1.0,261.0,178.0,26.0,79.0,33.0,68.0,True,Yes,1030.0,102.0,40.0,866.859323761317,UsernameChangeHistory
296.0,155.0,40.0,93.0,50.0,43.0,3.0,1161.0,718.0,168.0,296.0,446.0,138.0,True,Yes,460.0,135.0,35.0,809.2769800146262,UsernameChangeHistory
182.0,72.0,36.0,100.0,58.0,247.0,5.0,737.0,375.0,211.0,250.0,463.0,236.0,True,Yes,1352.0,178.0,40.0,1409.4741603149118,UsernameModificationLog
74.0,15.0,4.0,3.0,9.0,7.0,18.0,6504.0,2992.0,143.0,1304.0,1022.0,781.0,True,Yes,272.0,124.0,35.0,97.04640045136644,UsernameChangeHistory
63.0,22.0,21.0,12.0,20.0,16.0,19.0,7487.0,3528.0,333.0,1791.0,1380.0,1238.0,True,No,448.0,67.0,34.0,644.8490391334649,UsernameChangeHistory
402.0,287.0,22.0,158.0,89.0,194.0,19.0,8063.0,4139.0,226.0,2370.0,1393.0,1266.0,True,Yes,1173.0,424.0,40.0,1967.0346124509242,UsernameChangeHistory
411.0,264.0,25.0,163.0,42.0,185.0,9.0,3241.0,1668.0,326.0,1191.0,770.0,851.0,True,Yes,121.0,303.0,36.0,722.3654409679533,UsernameModificationLog
420.0,228.0,8.0,123.0,35.0,95.0,14.0,3355.0,1616.0,200.0,869.0,722.0,614.0,True,No,401.0,447.0,38.0,1460.8390946549243,UsernameChangeHistory
290.0,118.0,41.0,78.0,85.0,44.0,2.0,1239.0,703.0,131.0,337.0,417.0,99.0,False,No,394.0,36.0,36.0,984.5441302688299,UsernameModificationLog
57.0,15.0,13.0,26.0,16.0,170.0,16.0,6268.0,3194.0,462.0,1992.0,1499.0,1659.0,True,Yes,962.0,111.0,39.0,773.546127051563,UsernameChangeHistory
160.0,81.0,10.0,65.0,30.0,30.0,17.0,4049.0,1793.0,367.0,1321.0,1063.0,1079.0,True,No,225.0,112.0,34.0,164.90036832310514,UsernameModificationLog
10.0,2.0,3.0,13.0,0.0,4.0,1.0,345.0,153.0,12.0,75.0,25.0,76.0,False,Yes,604.0,153.0,37.0,194.80319122594298,UsernameModificationLog
404.0,270.0,37.0,190.0,63.0,154.0,16.0,8838.0,4509.0,420.0,2401.0,1583.0,907.0,False,Yes,171.0,249.0,40.0,1894.515011801251,UsernameModificationLog
90.0,70.0,2.0,37.0,10.0,71.0,6.0,981.0,443.0,44.0,187.0,156.0,246.0,False,Yes,337.0,232.0,36.0,524.1336982965566,UsernameModificationLog
107.0,37.0,6.0,23.0,15.0,46.0,12.0,2604.0,1300.0,53.0,542.0,371.0,202.0,True,Yes,103.0,114.0,34.0,247.77852569717217,UsernameChangeHistory
72.0,14.0,8.0,36.0,4.0,82.0,8.0,1591.0,632.0,69.0,473.0,165.0,747.0,False,No,1.0,214.0,38.0,57.363250673724295,UsernameModificationLog
312.0,176.0,22.0,156.0,40.0,67.0,11.0,5236.0,2457.0,251.0,1745.0,929.0,1055.0,True,Yes,499.0,319.0,40.0,594.9648974938324,UsernameModificationLog
80.0,44.0,9.0,20.0,29.0,19.0,18.0,7633.0,3686.0,421.0,1751.0,1507.0,892.0,True,No,733.0,42.0,34.0,1430.4783073809979,UsernameChangeHistory
98.0,54.0,2.0,33.0,3.0,18.0,14.0,5646.0,2567.0,261.0,1329.0,1186.0,641.0,False,No,501.0,252.0,38.0,770.0727911048892,UsernameModificationLog
240.0,91.0,37.0,66.0,44.0,126.0,14.0,5238.0,2364.0,379.0,1423.0,1130.0,1105.0,False,Yes,257.0,134.0,37.0,659.09747095983,UsernameModificationLog
275.0,158.0,23.0,126.0,70.0,76.0,16.0,8455.0,3983.0,412.0,2063.0,1644.0,1111.0,True,Yes,827.0,76.0,38.0,1086.5998954666486,UsernameChangeHistory
247.0,184.0,37.0,113.0,70.0,226.0,20.0,8988.0,4535.0,586.0,2642.0,1886.0,1759.0,True,No,221.0,51.0,33.0,942.837752819069,UsernameModificationLog
329.0,148.0,10.0,146.0,39.0,112.0,12.0,2807.0,1333.0,59.0,778.0,430.0,369.0,True,Yes,519.0,92.0,36.0,298.40417091473165,UsernameChangeHistory
306.0,149.0,20.0,137.0,37.0,102.0,1.0,1229.0,786.0,45.0,399.0,182.0,249.0,True,Yes,137.0,365.0,39.0,375.60375383010546,UsernameChangeHistory
383.0,249.0,44.0,156.0,69.0,143.0,5.0,1153.0,517.0,171.0,296.0,257.0,323.0,True,No,1353.0,332.0,38.0,417.95774407057866,UsernameChangeHistory
422.0,170.0,8.0,99.0,45.0,259.0,8.0,1455.0,875.0,50.0,391.0,218.0,199.0,False,No,134.0,435.0,38.0,1275.5277051220355,UsernameModificationLog
101.0,46.0,35.0,32.0,28.0,30.0,4.0,875.0,345.0,137.0,216.0,204.0,242.0,True,No,928.0,241.0,40.0,516.921655339015,UsernameChangeHistory
159.0,59.0,32.0,82.0,30.0,107.0,18.0,8293.0,3891.0,516.0,2610.0,1596.0,1693.0,True,Yes,1036.0,120.0,39.0,1679.252743964477,UsernameModificationLog
278.0,229.0,15.0,106.0,30.0,64.0,17.0,7346.0,3814.0,209.0,1848.0,1331.0,719.0,False,Yes,71.0,81.0,36.0,869.5727961366234,UsernameModificationLog
420.0,195.0,17.0,132.0,69.0,219.0,10.0,4195.0,2133.0,301.0,1490.0,1075.0,904.0,False,Yes,834.0,334.0,38.0,1859.3998965277608,UsernameModificationLog
94.0,27.0,1.0,39.0,7.0,114.0,7.0,808.0,362.0,20.0,199.0,102.0,229.0,False,Yes,50.0,271.0,40.0,92.97307601548854,UsernameModificationLog
95.0,48.0,4.0,26.0,6.0,64.0,4.0,924.0,380.0,57.0,161.0,169.0,216.0,False,Yes,311.0,112.0,34.0,227.7041466176724,UsernameModificationLog
122.0,70.0,15.0,45.0,15.0,23.0,9.0,1519.0,853.0,129.0,474.0,332.0,522.0,True,Yes,307.0,60.0,34.0,966.8737266565201,UsernameModificationLog
38.0,9.0,5.0,2.0,1.0,51.0,20.0,6962.0,3176.0,294.0,1373.0,1229.0,1407.0,False,Yes,723.0,84.0,33.0,203.4079051542001,UsernameChangeHistory
210.0,98.0,6.0,41.0,10.0,21.0,13.0,2861.0,1419.0,72.0,583.0,445.0,126.0,False,Yes,390.0,225.0,38.0,973.3843189360026,UsernameChangeHistory
151.0,103.0,34.0,124.0,42.0,229.0,14.0,6310.0,3609.0,283.0,2023.0,1208.0,1053.0,False,No,181.0,55.0,38.0,1908.8342835964174,UsernameModificationLog
34.0,21.0,0.0,3.0,3.0,18.0,7.0,1721.0,873.0,35.0,332.0,217.0,385.0,True,No,785.0,400.0,39.0,959.1541229238502,UsernameChangeHistory
92.0,51.0,18.0,50.0,38.0,39.0,10.0,2691.0,1329.0,301.0,725.0,954.0,704.0,True,No,1296.0,108.0,35.0,548.7384396380745,UsernameChangeHistory
130.0,46.0,14.0,37.0,25.0,71.0,19.0,6243.0,2721.0,397.0,1463.0,1429.0,848.0,False,Yes,620.0,73.0,36.0,646.4276769857656,UsernameModificationLog
225.0,145.0,17.0,116.0,36.0,241.0,7.0,3177.0,1460.0,399.0,1031.0,813.0,965.0,False,No,278.0,198.0,34.0,1569.6607639497695,UsernameModificationLog
68.0,13.0,5.0,24.0,10.0,35.0,13.0,3794.0,1790.0,162.0,973.0,911.0,818.0,True,Yes,151.0,402.0,40.0,1053.5979757025993,UsernameChangeHistory
98.0,49.0,2.0,19.0,5.0,21.0,12.0,2401.0,1299.0,43.0,693.0,250.0,415.0,False,No,661.0,171.0,40.0,343.69818107438044,UsernameModificationLog
225.0,114.0,27.0,68.0,57.0,122.0,18.0,8519.0,3975.0,428.0,2126.0,1634.0,1372.0,False,No,1345.0,344.0,40.0,1646.7407877230628,UsernameModificationLog
166.0,96.0,19.0,61.0,50.0,54.0,20.0,9736.0,4863.0,468.0,2709.0,1910.0,1784.0,True,No,935.0,51.0,39.0,1428.4209914488902,UsernameChangeHistory
168.0,80.0,30.0,68.0,52.0,47.0,2.0,1181.0,541.0,157.0,298.0,326.0,225.0,False,No,529.0,95.0,37.0,415.4611882239895,UsernameModificationLog
29.0,12.0,1.0,1.0,0.0,4.0,1.0,424.0,226.0,28.0,154.0,62.0,101.0,False,Yes,327.0,116.0,38.0,73.00945811109122,UsernameChangeHistory
13.0,9.0,9.0,19.0,7.0,47.0,5.0,1576.0,926.0,70.0,563.0,319.0,579.0,False,Yes,20.0,41.0,38.0,404.40007866933917,UsernameModificationLog
129.0,61.0,15.0,84.0,32.0,241.0,14.0,4412.0,1868.0,240.0,1546.0,879.0,1209.0,True,No,453.0,21.0,31.0,759.5110237811612,UsernameChangeHistory
77.0,55.0,6.0,28.0,12.0,123.0,20.0,8914.0,4568.0,482.0,2653.0,1742.0,1622.0,True,No,410.0,25.0,31.0,1814.6765516050068,UsernameChangeHistory
217.0,85.0,8.0,46.0,31.0,152.0,14.0,3298.0,1395.0,357.0,802.0,780.0,791.0,False,No,150.0,402.0,40.0,104.33129729488108,UsernameModificationLog
205.0,111.0,20.0,66.0,54.0,63.0,7.0,2904.0,1442.0,202.0,856.0,657.0,312.0,True,No,401.0,61.0,39.0,399.209466147813,UsernameChangeHistory
13.0,2.0,8.0,14.0,7.0,76.0,2.0,417.0,204.0,25.0,83.0,113.0,161.0,False,Yes,263.0,236.0,38.0,160.45223387350805,UsernameChangeHistory
164.0,109.0,1.0,62.0,15.0,46.0,1.0,334.0,163.0,12.0,37.0,39.0,26.0,False,No,1049.0,140.0,37.0,488.5522420331439,UsernameModificationLog
472.0,289.0,22.0,150.0,88.0,75.0,2.0,1189.0,695.0,106.0,258.0,458.0,107.0,False,Yes,576.0,397.0,39.0,1117.259695067651,UsernameModificationLog
42.0,6.0,8.0,2.0,6.0,19.0,11.0,1556.0,610.0,91.0,274.0,380.0,337.0,False,Yes,923.0,294.0,38.0,76.35922056558182,UsernameModificationLog
70.0,49.0,10.0,56.0,24.0,23.0,16.0,4227.0,2015.0,318.0,1358.0,1123.0,1056.0,False,Yes,0.0,12.0,31.0,284.72976352801567,UsernameModificationLog
21.0,4.0,17.0,23.0,13.0,54.0,2.0,179.0,125.0,49.0,53.0,86.0,114.0,False,Yes,164.0,80.0,34.0,100.87805641987968,UsernameModificationLog
103.0,48.0,6.0,39.0,11.0,117.0,13.0,4439.0,2095.0,146.0,1102.0,792.0,1059.0,True,Yes,1339.0,306.0,38.0,353.13130405952944,UsernameChangeHistory
67.0,23.0,1.0,3.0,4.0,12.0,18.0,5820.0,2912.0,213.0,1577.0,881.0,755.0,True,Yes,652.0,136.0,34.0,392.32333556415847,UsernameChangeHistory
437.0,285.0,43.0,143.0,88.0,48.0,8.0,1615.0,977.0,196.0,359.0,640.0,215.0,True,No,1122.0,351.0,40.0,1441.2353178326218,UsernameChangeHistory
30.0,25.0,1.0,4.0,3.0,0.0,11.0,2199.0,1269.0,43.0,481.0,381.0,389.0,False,No,392.0,116.0,33.0,141.4713639488702,UsernameModificationLog
214.0,87.0,7.0,68.0,30.0,193.0,10.0,3353.0,1628.0,128.0,1038.0,505.0,805.0,True,Yes,609.0,208.0,40.0,382.74062112306746,UsernameChangeHistory
140.0,82.0,2.0,82.0,12.0,136.0,10.0,3922.0,1953.0,266.0,1136.0,1163.0,975.0,True,Yes,662.0,308.0,40.0,1684.6439097575171,UsernameChangeHistory
239.0,105.0,20.0,96.0,34.0,212.0,14.0,3838.0,2021.0,260.0,1217.0,850.0,614.0,True,Yes,444.0,36.0,35.0,1074.8078856708166,UsernameChangeHistory
26.0,10.0,20.0,7.0,22.0,14.0,17.0,4434.0,1962.0,228.0,926.0,988.0,599.0,False,Yes,279.0,40.0,37.0,120.29710767008089,UsernameModificationLog
150.0,54.0,9.0,28.0,10.0,24.0,19.0,7979.0,3741.0,263.0,2108.0,1175.0,1186.0,False,No,178.0,62.0,31.0,652.3167158669805,UsernameModificationLog
136.0,53.0,14.0,47.0,33.0,72.0,17.0,5125.0,2209.0,217.0,1132.0,1050.0,706.0,True,Yes,493.0,33.0,35.0,518.109350475975,UsernameChangeHistory
185.0,100.0,30.0,47.0,73.0,26.0,6.0,1734.0,1162.0,282.0,668.0,660.0,234.0,False,Yes,192.0,79.0,39.0,449.3237044117442,UsernameModificationLog
14.0,17.0,1.0,6.0,0.0,7.0,1.0,253.0,142.0,7.0,18.0,8.0,13.0,False,Yes,923.0,274.0,38.0,597.5924297248445,UsernameModificationLog
32.0,4.0,0.0,1.0,2.0,4.0,18.0,5752.0,2370.0,136.0,1188.0,876.0,698.0,True,No,451.0,214.0,40.0,687.3482504885259,UsernameChangeHistory
64.0,11.0,1.0,15.0,0.0,54.0,1.0,163.0,102.0,11.0,64.0,7.0,85.0,False,Yes,330.0,50.0,32.0,354.11252999957816,UsernameModificationLog
359.0,158.0,39.0,137.0,85.0,97.0,11.0,2577.0,1144.0,171.0,448.0,636.0,246.0,False,Yes,473.0,299.0,37.0,626.8916412519443,UsernameModificationLog
268.0,178.0,10.0,79.0,39.0,22.0,3.0,709.0,271.0,24.0,141.0,108.0,69.0,False,Yes,284.0,415.0,40.0,573.4220139290424,UsernameModificationLog
104.0,60.0,9.0,26.0,28.0,29.0,16.0,3176.0,1378.0,271.0,687.0,834.0,471.0,False,Yes,556.0,71.0,35.0,206.20149369935808,UsernameModificationLog
171.0,63.0,23.0,82.0,39.0,162.0,14.0,2594.0,1253.0,100.0,527.0,585.0,523.0,True,No,727.0,39.0,39.0,609.1079516923661,UsernameChangeHistory
20.0,6.0,7.0,2.0,11.0,21.0,14.0,3405.0,1715.0,207.0,887.0,857.0,647.0,True,No,72.0,156.0,38.0,205.7756860396377,UsernameChangeHistory
268.0,139.0,11.0,91.0,26.0,39.0,5.0,1027.0,567.0,38.0,302.0,124.0,112.0,True,Yes,645.0,117.0,38.0,402.06035949343755,UsernameChangeHistory
33.0,22.0,0.0,5.0,0.0,8.0,13.0,2061.0,1209.0,37.0,424.0,244.0,171.0,True,Yes,462.0,342.0,37.0,218.29463870486023,UsernameChangeHistory
485.0,230.0,10.0,163.0,53.0,189.0,2.0,1612.0,964.0,86.0,617.0,418.0,457.0,True,Yes,599.0,407.0,38.0,1601.03745313142,UsernameChangeHistory
59.0,26.0,7.0,9.0,20.0,7.0,14.0,3523.0,1736.0,154.0,797.0,718.0,181.0,True,Yes,43.0,180.0,39.0,661.5914836801322,UsernameChangeHistory
230.0,99.0,6.0,49.0,33.0,24.0,12.0,2832.0,1514.0,177.0,631.0,692.0,97.0,True,No,484.0,273.0,40.0,1180.2236783956303,UsernameChangeHistory
23.0,21.0,19.0,14.0,29.0,10.0,4.0,514.0,277.0,30.0,178.0,116.0,69.0,True,Yes,215.0,2.0,37.0,680.3919768921236,UsernameChangeHistory
111.0,47.0,4.0,49.0,14.0,213.0,3.0,1780.0,1002.0,228.0,695.0,576.0,572.0,False,No,1160.0,206.0,39.0,1258.971519735378,UsernameChangeHistory
363.0,242.0,17.0,115.0,51.0,70.0,8.0,1380.0,745.0,127.0,401.0,253.0,164.0,True,Yes,497.0,332.0,38.0,1192.2372127545252,UsernameModificationLog
31.0,23.0,3.0,21.0,5.0,17.0,1.0,140.0,74.0,14.0,18.0,8.0,37.0,False,Yes,29.0,46.0,35.0,243.9710830530001,UsernameModificationLog
77.0,42.0,7.0,21.0,13.0,69.0,9.0,1043.0,406.0,79.0,252.0,198.0,401.0,False,Yes,20.0,318.0,38.0,223.69465566439456,UsernameModificationLog
35.0,5.0,13.0,15.0,8.0,34.0,1.0,272.0,119.0,30.0,34.0,34.0,48.0,True,No,503.0,151.0,39.0,349.3823581096986,UsernameChangeHistory
172.0,91.0,40.0,112.0,60.0,100.0,3.0,701.0,385.0,170.0,269.0,235.0,196.0,True,Yes,144.0,124.0,40.0,599.2374712589074,UsernameChangeHistory
71.0,13.0,9.0,33.0,17.0,82.0,7.0,1740.0,796.0,244.0,379.0,652.0,429.0,False,No,452.0,211.0,40.0,165.8328062436566,UsernameModificationLog
150.0,92.0,2.0,96.0,6.0,192.0,8.0,3104.0,1438.0,56.0,992.0,298.0,1119.0,False,Yes,369.0,443.0,39.0,436.613593453386,UsernameModificationLog
164.0,101.0,34.0,96.0,40.0,99.0,19.0,6923.0,3277.0,345.0,1583.0,1379.0,931.0,False,Yes,34.0,309.0,39.0,372.08218200274865,UsernameModificationLog
221.0,108.0,44.0,99.0,76.0,179.0,18.0,9286.0,4471.0,564.0,2706.0,1845.0,1923.0,True,No,1111.0,45.0,36.0,898.8359790057976,UsernameModificationLog
292.0,227.0,45.0,183.0,73.0,171.0,13.0,3864.0,2120.0,205.0,1247.0,735.0,483.0,True,No,168.0,27.0,33.0,473.82087797727456,UsernameChangeHistory
316.0,171.0,46.0,113.0,95.0,66.0,17.0,8085.0,4089.0,516.0,2546.0,1668.0,1476.0,True,No,476.0,23.0,37.0,803.1365510233909,UsernameModificationLog
17.0,3.0,20.0,2.0,13.0,19.0,20.0,9098.0,4158.0,586.0,2129.0,1855.0,1587.0,True,No,347.0,8.0,30.0,529.6284475828077,UsernameChangeHistory
304.0,200.0,10.0,139.0,23.0,103.0,8.0,3626.0,1913.0,202.0,1105.0,715.0,323.0,False,Yes,1192.0,46.0,38.0,1364.2147020712446,UsernameModificationLog
243.0,168.0,25.0,129.0,44.0,265.0,17.0,6149.0,3020.0,447.0,1838.0,1426.0,1380.0,False,Yes,223.0,363.0,40.0,1888.728928426222,UsernameModificationLog
85.0,38.0,33.0,60.0,16.0,27.0,15.0,3691.0,1731.0,462.0,1526.0,1100.0,1059.0,False,No,88.0,1.0,29.0,116.30556454102474,UsernameModificationLog
378.0,259.0,41.0,152.0,93.0,159.0,9.0,3032.0,1664.0,210.0,965.0,766.0,526.0,False,Yes,597.0,213.0,38.0,560.2762067151499,UsernameModificationLog
208.0,96.0,39.0,95.0,79.0,47.0,15.0,4123.0,1733.0,255.0,991.0,967.0,871.0,False,Yes,250.0,100.0,40.0,144.89169342952667,UsernameModificationLog
29.0,16.0,10.0,25.0,11.0,78.0,7.0,1875.0,1040.0,75.0,664.0,332.0,525.0,True,Yes,342.0,6.0,36.0,210.61385902415336,UsernameChangeHistory
295.0,146.0,6.0,105.0,19.0,186.0,15.0,7450.0,3901.0,299.0,2379.0,1384.0,1434.0,True,No,185.0,326.0,40.0,896.5219112336731,UsernameChangeHistory
432.0,211.0,8.0,120.0,45.0,247.0,10.0,5568.0,2721.0,198.0,1377.0,879.0,1028.0,True,Yes,1378.0,235.0,39.0,451.41292432895585,UsernameChangeHistory
120.0,71.0,13.0,74.0,28.0,72.0,6.0,1546.0,997.0,69.0,616.0,392.0,351.0,True,No,1209.0,20.0,37.0,248.32911703692545,UsernameChangeHistory
93.0,31.0,10.0,31.0,7.0,15.0,14.0,3634.0,1589.0,234.0,964.0,699.0,519.0,False,Yes,479.0,180.0,40.0,218.5354264913925,UsernameModificationLog
152.0,94.0,28.0,75.0,41.0,115.0,7.0,1286.0,766.0,99.0,279.0,369.0,208.0,True,Yes,170.0,34.0,33.0,794.098581996432,UsernameChangeHistory
349.0,140.0,17.0,67.0,40.0,170.0,16.0,6761.0,3103.0,199.0,1656.0,1049.0,1231.0,True,Yes,304.0,500.0,40.0,615.3795316125464,UsernameChangeHistory
131.0,54.0,4.0,33.0,10.0,24.0,1.0,386.0,181.0,12.0,93.0,25.0,106.0,True,No,426.0,239.0,38.0,230.830601286549,UsernameChangeHistory
288.0,168.0,33.0,162.0,39.0,199.0,12.0,5215.0,2254.0,469.0,1603.0,1271.0,834.0,False,Yes,1261.0,266.0,36.0,880.7245559398367,UsernameModificationLog
436.0,215.0,44.0,109.0,97.0,251.0,20.0,9935.0,4977.0,532.0,2811.0,1889.0,1958.0,False,Yes,1458.0,106.0,39.0,1517.8940712811047,UsernameModificationLog
96.0,36.0,34.0,46.0,25.0,179.0,8.0,1196.0,589.0,369.0,332.0,647.0,328.0,False,Yes,567.0,21.0,32.0,1599.0624543041647,UsernameModificationLog
31.0,9.0,8.0,3.0,5.0,38.0,4.0,315.0,145.0,15.0,19.0,41.0,65.0,True,Yes,75.0,35.0,35.0,327.44027911122186,UsernameChangeHistory
40.0,19.0,1.0,12.0,8.0,31.0,15.0,3931.0,1798.0,160.0,860.0,760.0,760.0,False,Yes,734.0,260.0,37.0,598.7439726656168,UsernameChangeHistory
53.0,16.0,5.0,4.0,8.0,16.0,19.0,7415.0,3520.0,177.0,1371.0,1279.0,1023.0,False,Yes,23.0,51.0,32.0,813.565800699262,UsernameChangeHistory
310.0,227.0,13.0,102.0,43.0,66.0,6.0,1651.0,1025.0,100.0,576.0,443.0,161.0,False,No,146.0,68.0,38.0,176.78222020669625,UsernameModificationLog
101.0,66.0,13.0,39.0,27.0,13.0,4.0,1516.0,809.0,219.0,310.0,579.0,218.0,False,No,509.0,30.0,38.0,104.85467639463862,UsernameModificationLog
68.0,37.0,21.0,48.0,20.0,70.0,20.0,7477.0,3549.0,582.0,1902.0,1727.0,1256.0,False,Yes,700.0,0.0,27.0,1310.5947665575043,UsernameModificationLog
350.0,206.0,23.0,148.0,53.0,153.0,10.0,4055.0,1902.0,142.0,1190.0,668.0,902.0,True,Yes,379.0,92.0,39.0,1310.8032310434878,UsernameChangeHistory
170.0,79.0,10.0,58.0,39.0,78.0,14.0,3911.0,2099.0,208.0,1180.0,946.0,550.0,True,No,315.0,38.0,37.0,299.17640414510674,UsernameChangeHistory
153.0,73.0,30.0,42.0,37.0,132.0,19.0,7705.0,3950.0,534.0,2359.0,1713.0,1880.0,False,Yes,273.0,134.0,39.0,444.7401424117204,UsernameModificationLog
56.0,18.0,1.0,4.0,0.0,0.0,4.0,1259.0,719.0,61.0,238.0,207.0,122.0,True,Yes,176.0,347.0,40.0,253.3953041290148,UsernameChangeHistory
487.0,229.0,50.0,137.0,99.0,264.0,11.0,5467.0,2572.0,548.0,1814.0,1409.0,1429.0,True,No,1004.0,269.0,39.0,570.452238526465,UsernameChangeHistory
219.0,162.0,15.0,93.0,53.0,195.0,19.0,8279.0,4461.0,217.0,2442.0,1350.0,1490.0,True,Yes,476.0,365.0,40.0,1187.432734961474,UsernameChangeHistory
25.0,3.0,3.0,0.0,8.0,57.0,20.0,7060.0,3343.0,418.0,1687.0,1501.0,1617.0,False,No,348.0,21.0,37.0,118.54443583545078,UsernameModificationLog
323.0,162.0,48.0,175.0,98.0,281.0,4.0,1567.0,737.0,166.0,374.0,471.0,619.0,True,No,1441.0,226.0,39.0,1647.2059773839485,UsernameChangeHistory
445.0,287.0,39.0,174.0,71.0,245.0,11.0,3487.0,1801.0,287.0,1184.0,946.0,925.0,False,No,534.0,320.0,40.0,1422.6340821029426,UsernameModificationLog
138.0,75.0,30.0,57.0,40.0,165.0,20.0,7944.0,3813.0,573.0,2010.0,1768.0,1146.0,False,No,60.0,4.0,35.0,1302.0636863198736,UsernameModificationLog
45.0,27.0,9.0,10.0,21.0,68.0,5.0,723.0,397.0,36.0,213.0,139.0,244.0,False,Yes,1004.0,43.0,35.0,533.2680835341703,UsernameModificationLog
251.0,186.0,9.0,126.0,35.0,146.0,13.0,6257.0,3479.0,338.0,1823.0,1280.0,1152.0,False,No,1353.0,363.0,40.0,1893.9295826043656,UsernameModificationLog
176.0,89.0,31.0,43.0,67.0,106.0,15.0,5227.0,2814.0,229.0,1512.0,1173.0,827.0,False,Yes,164.0,131.0,38.0,515.1643511856312,UsernameModificationLog
39.0,7.0,6.0,26.0,4.0,22.0,12.0,2272.0,1244.0,155.0,712.0,527.0,452.0,False,No,12.0,27.0,36.0,551.2489687501273,UsernameModificationLog
200.0,129.0,20.0,90.0,32.0,19.0,10.0,3743.0,1963.0,105.0,931.0,682.0,368.0,True,Yes,339.0,347.0,40.0,1137.32597399329,UsernameChangeHistory
79.0,50.0,29.0,54.0,19.0,65.0,5.0,835.0,451.0,197.0,312.0,393.0,211.0,True,Yes,684.0,104.0,39.0,889.3594516000637,UsernameChangeHistory
467.0,180.0,41.0,160.0,93.0,299.0,11.0,2999.0,1345.0,268.0,913.0,746.0,730.0,False,No,186.0,163.0,38.0,1030.650211827043,UsernameModificationLog
161.0,88.0,12.0,57.0,42.0,125.0,3.0,1459.0,1045.0,216.0,673.0,565.0,344.0,True,Yes,92.0,108.0,34.0,1681.0561271874744,UsernameChangeHistory
187.0,82.0,3.0,88.0,10.0,147.0,16.0,3675.0,1633.0,107.0,994.0,623.0,1167.0,True,No,101.0,246.0,36.0,322.85783104417396,UsernameChangeHistory
313.0,131.0,7.0,100.0,24.0,235.0,12.0,2954.0,1238.0,218.0,847.0,566.0,1016.0,True,Yes,205.0,481.0,40.0,265.5807269650975,UsernameChangeHistory
35.0,4.0,6.0,11.0,7.0,65.0,12.0,2070.0,1070.0,210.0,524.0,676.0,725.0,True,No,178.0,125.0,39.0,596.1146794900628,UsernameChangeHistory
128.0,55.0,5.0,31.0,11.0,23.0,1.0,401.0,183.0,29.0,121.0,65.0,47.0,True,No,828.0,194.0,39.0,686.422130083844,UsernameChangeHistory
175.0,118.0,15.0,43.0,24.0,100.0,14.0,5764.0,2989.0,337.0,1309.0,1354.0,828.0,False,No,594.0,169.0,39.0,1605.23553179998,UsernameModificationLog
34.0,7.0,1.0,1.0,4.0,53.0,17.0,5366.0,2771.0,240.0,1630.0,1132.0,1260.0,False,Yes,947.0,68.0,35.0,257.8773366195809,UsernameModificationLog
195.0,133.0,16.0,75.0,36.0,53.0,18.0,5591.0,2915.0,226.0,1468.0,1051.0,822.0,True,No,320.0,346.0,36.0,1240.5617150828007,UsernameChangeHistory
57.0,26.0,1.0,23.0,2.0,12.0,1.0,114.0,56.0,6.0,10.0,3.0,1.0,False,No,39.0,394.0,40.0,130.68034877111072,UsernameModificationLog
314.0,237.0,43.0,153.0,75.0,130.0,9.0,3490.0,1838.0,145.0,988.0,679.0,517.0,False,Yes,766.0,55.0,33.0,415.32404892347495,UsernameModificationLog
18.0,17.0,12.0,12.0,8.0,9.0,2.0,175.0,122.0,8.0,13.0,10.0,5.0,True,No,50.0,71.0,35.0,200.44794692302517,UsernameChangeHistory
74.0,19.0,4.0,20.0,4.0,77.0,14.0,3203.0,1388.0,231.0,859.0,665.0,782.0,True,Yes,447.0,26.0,35.0,480.3689821734859,UsernameChangeHistory
22.0,15.0,1.0,5.0,1.0,37.0,15.0,6036.0,3249.0,338.0,1476.0,1402.0,1112.0,True,Yes,622.0,13.0,35.0,1760.5320920975107,UsernameChangeHistory
70.0,18.0,26.0,13.0,20.0,12.0,20.0,8589.0,4004.0,389.0,2055.0,1498.0,981.0,False,Yes,574.0,21.0,34.0,1004.6649973564091,UsernameModificationLog
169.0,78.0,6.0,55.0,13.0,140.0,16.0,3387.0,1700.0,93.0,952.0,565.0,485.0,False,No,54.0,385.0,40.0,848.54843435803,UsernameModificationLog
83.0,40.0,17.0,20.0,26.0,94.0,16.0,7417.0,3572.0,460.0,2005.0,1440.0,1636.0,True,No,232.0,57.0,39.0,969.6087786331942,UsernameChangeHistory
287.0,144.0,30.0,148.0,76.0,167.0,14.0,3674.0,1764.0,401.0,1284.0,1214.0,647.0,False,Yes,683.0,14.0,31.0,1126.6225922193355,UsernameModificationLog
179.0,120.0,3.0,49.0,7.0,56.0,8.0,2569.0,1336.0,170.0,743.0,529.0,271.0,True,Yes,175.0,260.0,39.0,1246.852311535493,UsernameChangeHistory
98.0,28.0,14.0,23.0,22.0,91.0,18.0,6260.0,3068.0,508.0,1809.0,1605.0,1405.0,True,Yes,317.0,61.0,38.0,452.8034353540897,UsernameChangeHistory
64.0,21.0,4.0,14.0,2.0,47.0,18.0,6310.0,2998.0,337.0,1615.0,1216.0,1011.0,False,No,117.0,300.0,38.0,1217.4765519309058,UsernameModificationLog
271.0,211.0,40.0,162.0,56.0,92.0,19.0,6877.0,3635.0,378.0,1859.0,1287.0,756.0,True,No,235.0,67.0,38.0,1791.7716327795345,UsernameModificationLog
35.0,10.0,0.0,12.0,2.0,62.0,9.0,2496.0,1206.0,203.0,613.0,719.0,519.0,True,No,205.0,166.0,34.0,1124.9411149715042,UsernameChangeHistory
440.0,243.0,43.0,169.0,64.0,110.0,1.0,321.0,164.0,76.0,103.0,96.0,33.0,True,Yes,556.0,346.0,40.0,688.1441962554284,UsernameModificationLog
53.0,11.0,1.0,11.0,2.0,21.0,8.0,2520.0,1213.0,56.0,456.0,337.0,373.0,True,Yes,172.0,338.0,40.0,255.51814581059665,UsernameChangeHistory
495.0,299.0,15.0,197.0,49.0,227.0,3.0,1561.0,866.0,183.0,585.0,430.0,308.0,False,No,271.0,486.0,39.0,885.1856659771947,UsernameModificationLog
275.0,110.0,43.0,98.0,50.0,35.0,1.0,171.0,134.0,65.0,60.0,69.0,36.0,False,Yes,1110.0,36.0,39.0,123.52988981880269,UsernameModificationLog
354.0,195.0,9.0,149.0,29.0,132.0,11.0,3828.0,1719.0,70.0,1023.0,497.0,638.0,False,No,994.0,251.0,39.0,634.8765042729308,UsernameModificationLog
178.0,92.0,3.0,97.0,17.0,167.0,12.0,4819.0,2333.0,248.0,1769.0,856.0,1414.0,True,Yes,384.0,405.0,40.0,629.0848598898522,UsernameChangeHistory
188.0,123.0,6.0,50.0,20.0,164.0,10.0,4096.0,2221.0,156.0,1191.0,883.0,765.0,True,No,265.0,283.0,39.0,1004.1791803890547,UsernameChangeHistory
336.0,142.0,40.0,150.0,62.0,168.0,3.0,1393.0,612.0,140.0,426.0,317.0,504.0,True,Yes,1392.0,58.0,39.0,1104.9090657225831,UsernameModificationLog
80.0,34.0,1.0,39.0,5.0,81.0,18.0,4979.0,1928.0,112.0,1073.0,736.0,1235.0,True,Yes,14.0,315.0,38.0,103.23814336648077,UsernameChangeHistory
144.0,51.0,5.0,49.0,6.0,95.0,7.0,2484.0,1315.0,114.0,793.0,536.0,528.0,True,Yes,58.0,172.0,37.0,1115.2675466592757,UsernameChangeHistory
15.0,3.0,6.0,1.0,8.0,0.0,3.0,465.0,201.0,45.0,121.0,88.0,56.0,True,Yes,50.0,283.0,38.0,188.35584769124873,UsernameChangeHistory
271.0,192.0,15.0,109.0,27.0,174.0,5.0,1254.0,676.0,33.0,297.0,151.0,221.0,False,No,1085.0,119.0,38.0,863.9638578963675,UsernameModificationLog
101.0,70.0,5.0,43.0,13.0,32.0,13.0,3799.0,2181.0,226.0,1276.0,1030.0,545.0,True,Yes,79.0,96.0,38.0,1467.2027672112333,UsernameChangeHistory
288.0,137.0,41.0,88.0,97.0,82.0,20.0,7655.0,3890.0,360.0,1970.0,1515.0,815.0,False,No,432.0,394.0,38.0,1106.2584822723368,UsernameModificationLog
127.0,59.0,38.0,91.0,44.0,180.0,6.0,758.0,409.0,112.0,267.0,312.0,405.0,False,Yes,698.0,2.0,33.0,539.6377075928449,UsernameModificationLog
197.0,91.0,23.0,100.0,42.0,151.0,8.0,1114.0,427.0,88.0,236.0,215.0,395.0,True,No,100.0,141.0,37.0,535.5913918169845,UsernameChangeHistory
459.0,249.0,14.0,168.0,28.0,166.0,9.0,3210.0,1438.0,88.0,783.0,474.0,686.0,True,No,422.0,494.0,40.0,276.1273372311785,UsernameChangeHistory
417.0,269.0,44.0,193.0,97.0,285.0,13.0,5906.0,2919.0,586.0,1800.0,1704.0,1262.0,False,No,368.0,311.0,40.0,1442.2084264829991,UsernameModificationLog
482.0,250.0,44.0,145.0,100.0,285.0,20.0,9997.0,4986.0,596.0,2951.0,1973.0,1962.0,False,No,1498.0,244.0,38.0,1991.2628799967317,UsernameModificationLog
220.0,175.0,6.0,66.0,20.0,60.0,3.0,1882.0,1080.0,47.0,465.0,263.0,515.0,True,No,154.0,413.0,40.0,590.0533786033023,UsernameChangeHistory
24.0,18.0,11.0,4.0,12.0,27.0,15.0,3353.0,1578.0,389.0,958.0,1054.0,1078.0,False,No,556.0,123.0,33.0,1218.2333611152699,UsernameModificationLog
102.0,40.0,30.0,23.0,31.0,87.0,20.0,9568.0,4730.0,537.0,2725.0,1855.0,1936.0,False,No,68.0,230.0,38.0,1588.7780314921285,UsernameModificationLog
27.0,9.0,0.0,9.0,4.0,49.0,7.0,632.0,270.0,12.0,150.0,89.0,157.0,True,Yes,284.0,36.0,35.0,197.43172987437976,UsernameChangeHistory
166.0,89.0,2.0,83.0,5.0,192.0,5.0,747.0,383.0,69.0,280.0,138.0,284.0,True,No,141.0,126.0,38.0,384.2486271193438,UsernameChangeHistory
90.0,43.0,3.0,26.0,10.0,122.0,17.0,7648.0,3788.0,218.0,2054.0,1300.0,1759.0,False,No,1014.0,34.0,36.0,1596.6228952292697,UsernameChangeHistory
144.0,55.0,32.0,38.0,45.0,182.0,10.0,2772.0,1230.0,221.0,738.0,592.0,1037.0,False,Yes,991.0,80.0,37.0,158.4841780814759,UsernameModificationLog
52.0,7.0,22.0,4.0,23.0,39.0,20.0,8662.0,4237.0,591.0,2152.0,1955.0,1629.0,False,No,372.0,0.0,32.0,527.2887134986203,UsernameModificationLog
379.0,201.0,18.0,142.0,35.0,53.0,4.0,2112.0,1146.0,227.0,520.0,671.0,227.0,False,Yes,1109.0,303.0,40.0,247.13829990338007,UsernameModificationLog
323.0,136.0,8.0,76.0,35.0,112.0,9.0,1429.0,839.0,136.0,369.0,467.0,350.0,False,No,260.0,467.0,40.0,273.03996216229876,UsernameModificationLog
70.0,16.0,7.0,5.0,14.0,11.0,7.0,622.0,259.0,110.0,117.0,232.0,34.0,False,Yes,45.0,334.0,37.0,365.4330653013443,UsernameModificationLog
38.0,21.0,7.0,14.0,11.0,8.0,18.0,5201.0,2469.0,360.0,1265.0,1323.0,576.0,True,No,284.0,204.0,40.0,1275.5602704008286,UsernameChangeHistory
451.0,272.0,9.0,173.0,28.0,181.0,2.0,679.0,360.0,14.0,228.0,77.0,152.0,False,No,113.0,163.0,35.0,238.94339928653133,UsernameModificationLog
22.0,12.0,0.0,1.0,0.0,0.0,3.0,883.0,393.0,62.0,179.0,143.0,85.0,True,No,668.0,107.0,34.0,94.06057430452044,UsernameChangeHistory
479.0,269.0,23.0,162.0,75.0,273.0,8.0,4271.0,2357.0,131.0,1408.0,750.0,1063.0,True,No,1459.0,325.0,39.0,620.647824964144,UsernameChangeHistory
192.0,106.0,6.0,71.0,11.0,27.0,6.0,1791.0,961.0,63.0,396.0,359.0,434.0,True,Yes,1298.0,223.0,39.0,1035.5079295235007,UsernameChangeHistory
107.0,76.0,36.0,94.0,31.0,117.0,9.0,3122.0,1654.0,206.0,1110.0,617.0,533.0,True,Yes,309.0,14.0,35.0,797.6045632929238,UsernameChangeHistory
442.0,207.0,10.0,144.0,49.0,162.0,9.0,3035.0,1339.0,304.0,720.0,736.0,252.0,True,No,306.0,126.0,35.0,1475.2554200897519,UsernameChangeHistory
76.0,42.0,1.0,14.0,7.0,58.0,7.0,1307.0,900.0,50.0,302.0,295.0,123.0,False,No,117.0,98.0,39.0,144.2272361203918,UsernameChangeHistory
57.0,24.0,7.0,6.0,6.0,35.0,5.0,404.0,190.0,15.0,76.0,39.0,77.0,False,Yes,357.0,52.0,37.0,201.33408743535065,UsernameModificationLog
187.0,76.0,13.0,97.0,12.0,58.0,7.0,1318.0,722.0,161.0,480.0,329.0,489.0,False,Yes,155.0,40.0,38.0,244.84535087578033,UsernameModificationLog
434.0,176.0,50.0,191.0,83.0,182.0,12.0,3573.0,1646.0,242.0,1068.0,662.0,746.0,False,Yes,320.0,234.0,38.0,239.11638889849408,UsernameModificationLog
188.0,75.0,25.0,50.0,37.0,32.0,6.0,1311.0,565.0,70.0,228.0,319.0,114.0,False,Yes,797.0,79.0,37.0,563.9802288251861,UsernameModificationLog
369.0,185.0,17.0,116.0,66.0,219.0,15.0,3887.0,1741.0,208.0,1228.0,847.0,1008.0,False,No,117.0,346.0,40.0,234.07400058221566,UsernameModificationLog
50.0,22.0,7.0,16.0,4.0,48.0,12.0,2610.0,1319.0,99.0,663.0,485.0,607.0,True,Yes,550.0,33.0,37.0,720.1400438165246,UsernameChangeHistory
37.0,7.0,0.0,1.0,3.0,17.0,10.0,1383.0,676.0,36.0,208.0,283.0,92.0,False,Yes,166.0,236.0,35.0,74.70572124119741,UsernameModificationLog
200.0,96.0,6.0,37.0,28.0,151.0,6.0,825.0,459.0,36.0,232.0,141.0,238.0,False,No,1023.0,421.0,40.0,502.32430402338554,UsernameModificationLog
52.0,38.0,23.0,27.0,15.0,71.0,10.0,1826.0,944.0,366.0,458.0,683.0,611.0,True,No,80.0,30.0,32.0,903.8379143003293,UsernameChangeHistory
197.0,146.0,17.0,126.0,53.0,256.0,4.0,844.0,474.0,142.0,265.0,374.0,194.0,True,Yes,1358.0,228.0,40.0,1406.579349026684,UsernameChangeHistory
362.0,249.0,50.0,120.0,91.0,73.0,11.0,6154.0,3518.0,560.0,1891.0,1675.0,670.0,False,No,1269.0,13.0,32.0,1955.331259258235,UsernameModificationLog
195.0,112.0,32.0,129.0,71.0,103.0,3.0,450.0,195.0,49.0,87.0,130.0,94.0,True,Yes,778.0,22.0,38.0,472.23320449450046,UsernameModificationLog
11.0,10.0,0.0,10.0,0.0,99.0,19.0,4833.0,2224.0,68.0,1301.0,700.0,1018.0,True,No,721.0,212.0,38.0,559.0965348135653,UsernameChangeHistory
41.0,15.0,3.0,3.0,2.0,40.0,15.0,3401.0,1702.0,120.0,792.0,601.0,631.0,True,Yes,376.0,339.0,38.0,290.4442204709753,UsernameChangeHistory
82.0,29.0,2.0,16.0,1.0,13.0,17.0,7126.0,3689.0,373.0,2150.0,1216.0,1330.0,False,Yes,482.0,247.0,37.0,1565.4300172026954,UsernameModificationLog
65.0,19.0,27.0,28.0,19.0,62.0,10.0,1182.0,487.0,272.0,333.0,544.0,398.0,False,Yes,18.0,5.0,34.0,478.9620759762721,UsernameModificationLog
46.0,30.0,3.0,28.0,4.0,27.0,11.0,2287.0,1195.0,174.0,820.0,449.0,633.0,True,Yes,56.0,80.0,33.0,186.22801112462977,UsernameChangeHistory
203.0,134.0,15.0,119.0,32.0,245.0,3.0,1196.0,650.0,156.0,477.0,309.0,418.0,True,Yes,753.0,15.0,33.0,1089.532684772915,UsernameChangeHistory
344.0,169.0,46.0,99.0,85.0,179.0,13.0,3157.0,1406.0,267.0,912.0,670.0,787.0,False,Yes,1187.0,34.0,35.0,564.3592486916207,UsernameModificationLog
482.0,297.0,30.0,192.0,60.0,274.0,13.0,6043.0,3148.0,400.0,1725.0,1359.0,996.0,False,No,1284.0,167.0,35.0,1041.6884654828034,UsernameModificationLog
210.0,155.0,21.0,118.0,56.0,211.0,9.0,3715.0,2007.0,381.0,1378.0,1211.0,1312.0,False,No,304.0,191.0,39.0,1818.6197856481958,UsernameModificationLog
123.0,55.0,9.0,67.0,20.0,190.0,2.0,367.0,195.0,78.0,127.0,146.0,104.0,False,No,247.0,180.0,38.0,107.21348633967776,UsernameModificationLog
209.0,129.0,10.0,95.0,43.0,259.0,11.0,2197.0,1144.0,294.0,640.0,776.0,630.0,True,No,258.0,59.0,33.0,438.34864291878176,UsernameChangeHistory
334.0,195.0,36.0,103.0,50.0,33.0,7.0,1270.0,647.0,141.0,250.0,466.0,89.0,True,Yes,748.0,109.0,40.0,407.1966853191184,UsernameChangeHistory
183.0,108.0,6.0,70.0,12.0,26.0,14.0,4067.0,2091.0,87.0,1015.0,571.0,504.0,False,Yes,54.0,356.0,36.0,595.0875558178927,UsernameModificationLog
84.0,38.0,1.0,6.0,2.0,1.0,2.0,1150.0,656.0,29.0,261.0,131.0,104.0,True,No,1061.0,78.0,35.0,711.7973208409195,UsernameChangeHistory
237.0,108.0,5.0,66.0,31.0,117.0,16.0,7677.0,3957.0,183.0,2035.0,1340.0,1194.0,True,No,73.0,278.0,39.0,1122.995251754356,UsernameChangeHistory
137.0,69.0,22.0,45.0,23.0,15.0,16.0,3399.0,1584.0,128.0,703.0,626.0,359.0,True,Yes,41.0,86.0,37.0,882.2360259393962,UsernameChangeHistory
110.0,79.0,27.0,90.0,43.0,208.0,19.0,8602.0,3984.0,467.0,2272.0,1638.0,1951.0,False,Yes,306.0,12.0,36.0,835.4505324944656,UsernameModificationLog
283.0,223.0,8.0,155.0,46.0,153.0,15.0,7248.0,3615.0,291.0,2140.0,1258.0,1148.0,False,No,101.0,426.0,40.0,1011.1993195415744,UsernameModificationLog
47.0,16.0,4.0,14.0,4.0,12.0,1.0,174.0,85.0,17.0,23.0,9.0,13.0,True,No,31.0,243.0,39.0,86.43170797217348,UsernameChangeHistory
217.0,165.0,41.0,163.0,89.0,273.0,13.0,5106.0,2595.0,472.0,1712.0,1575.0,1417.0,False,No,372.0,60.0,35.0,1097.7310602420396,UsernameModificationLog
86.0,38.0,30.0,72.0,39.0,200.0,14.0,3398.0,1577.0,312.0,956.0,808.0,1005.0,False,Yes,1065.0,60.0,38.0,1369.3986594851758,UsernameModificationLog
64.0,45.0,23.0,66.0,39.0,148.0,17.0,5370.0,2816.0,469.0,1939.0,1446.0,1316.0,True,Yes,20.0,20.0,33.0,640.6263012519986,UsernameModificationLog
472.0,268.0,15.0,143.0,42.0,90.0,12.0,4332.0,2102.0,224.0,1015.0,1031.0,577.0,False,No,647.0,483.0,39.0,1365.8041607978646,UsernameModificationLog
119.0,84.0,15.0,31.0,21.0,26.0,16.0,3713.0,1903.0,322.0,989.0,989.0,596.0,True,Yes,129.0,15.0,37.0,856.9402959054469,UsernameChangeHistory
103.0,70.0,8.0,37.0,9.0,13.0,18.0,7623.0,3828.0,421.0,2214.0,1497.0,1112.0,False,No,168.0,332.0,35.0,1728.835800061075,UsernameModificationLog
17.0,9.0,5.0,9.0,6.0,2.0,6.0,399.0,197.0,9.0,82.0,16.0,50.0,False,Yes,19.0,87.0,35.0,68.18520445032651,UsernameModificationLog
105.0,51.0,30.0,27.0,45.0,16.0,4.0,1212.0,558.0,71.0,211.0,313.0,148.0,False,Yes,562.0,88.0,36.0,86.84080761804823,UsernameModificationLog
61.0,19.0,28.0,41.0,19.0,125.0,19.0,8048.0,3811.0,451.0,2454.0,1493.0,1892.0,False,Yes,354.0,16.0,36.0,984.2478757709769,UsernameModificationLog
258.0,199.0,31.0,149.0,59.0,108.0,3.0,1274.0,979.0,232.0,442.0,571.0,118.0,False,Yes,598.0,20.0,35.0,1009.6537968372744,UsernameModificationLog
251.0,167.0,9.0,85.0,34.0,105.0,17.0,6286.0,3027.0,179.0,1706.0,1019.0,1236.0,False,No,831.0,167.0,36.0,1370.1787298753095,UsernameModificationLog
180.0,122.0,4.0,46.0,11.0,54.0,4.0,448.0,246.0,14.0,143.0,81.0,147.0,True,No,126.0,483.0,39.0,969.9484104157699,UsernameChangeHistory
271.0,111.0,18.0,99.0,24.0,122.0,8.0,1508.0,849.0,199.0,620.0,460.0,365.0,False,Yes,740.0,101.0,38.0,1274.144593087203,UsernameModificationLog
175.0,59.0,38.0,35.0,39.0,56.0,10.0,2013.0,884.0,208.0,323.0,494.0,219.0,True,No,153.0,56.0,33.0,814.4258301855298,UsernameChangeHistory
184.0,110.0,26.0,70.0,56.0,193.0,13.0,6593.0,3344.0,339.0,1667.0,1414.0,1447.0,False,No,1210.0,49.0,39.0,552.5798638609284,UsernameChangeHistory
79.0,37.0,6.0,20.0,15.0,22.0,10.0,1438.0,596.0,29.0,207.0,177.0,116.0,False,No,100.0,345.0,37.0,64.71663235768716,UsernameChangeHistory
71.0,50.0,18.0,49.0,16.0,61.0,15.0,5282.0,2960.0,333.0,1775.0,1224.0,1217.0,False,No,889.0,145.0,35.0,1521.2884023943852,UsernameModificationLog
60.0,27.0,8.0,12.0,22.0,24.0,17.0,4819.0,1806.0,348.0,908.0,1234.0,894.0,False,Yes,270.0,348.0,40.0,446.31402495507047,UsernameModificationLog
182.0,125.0,7.0,94.0,25.0,172.0,6.0,1007.0,413.0,25.0,245.0,107.0,207.0,False,Yes,1069.0,226.0,40.0,664.8973035502474,UsernameModificationLog
260.0,107.0,10.0,42.0,38.0,110.0,13.0,5425.0,2236.0,272.0,1117.0,1045.0,1007.0,False,No,1000.0,158.0,37.0,363.00913096831226,UsernameModificationLog
414.0,290.0,39.0,163.0,72.0,157.0,11.0,4026.0,2353.0,273.0,1142.0,1030.0,737.0,False,Yes,1238.0,300.0,37.0,1832.5690095695686,UsernameModificationLog
164.0,99.0,2.0,35.0,11.0,12.0,6.0,598.0,236.0,27.0,70.0,115.0,2.0,True,No,361.0,380.0,40.0,381.685918654548,UsernameChangeHistory
77.0,55.0,21.0,34.0,31.0,22.0,17.0,8035.0,4428.0,474.0,2604.0,1714.0,1567.0,False,No,83.0,42.0,35.0,630.3705652421843,UsernameModificationLog
117.0,75.0,23.0,97.0,35.0,195.0,4.0,1611.0,991.0,342.0,779.0,689.0,819.0,False,No,699.0,132.0,38.0,778.2877974252702,UsernameModificationLog
128.0,55.0,5.0,51.0,5.0,34.0,12.0,2745.0,1211.0,88.0,507.0,510.0,512.0,False,No,12.0,76.0,38.0,84.33853429478734,UsernameModificationLog
187.0,81.0,30.0,101.0,29.0,48.0,8.0,2198.0,1009.0,208.0,688.0,486.0,385.0,False,No,709.0,66.0,35.0,503.80200018127624,UsernameModificationLog
10.0,2.0,1.0,0.0,0.0,6.0,6.0,604.0,256.0,21.0,146.0,42.0,76.0,True,Yes,45.0,196.0,36.0,70.09778778922437,UsernameChangeHistory
178.0,106.0,27.0,113.0,40.0,130.0,7.0,1924.0,1047.0,309.0,721.0,704.0,634.0,True,No,683.0,99.0,37.0,1136.0830032512101,UsernameChangeHistory
210.0,99.0,19.0,65.0,29.0,117.0,16.0,6751.0,3090.0,263.0,1687.0,1272.0,1510.0,True,No,898.0,468.0,40.0,550.7302483010982,UsernameChangeHistory
70.0,34.0,12.0,24.0,8.0,10.0,4.0,1517.0,745.0,128.0,351.0,293.0,131.0,False,No,91.0,243.0,37.0,534.3570524581057,UsernameModificationLog
26.0,3.0,14.0,12.0,15.0,105.0,12.0,2503.0,1145.0,133.0,664.0,553.0,707.0,False,No,564.0,188.0,40.0,147.5439374665812,UsernameModificationLog
222.0,132.0,41.0,133.0,75.0,78.0,5.0,879.0,303.0,94.0,217.0,212.0,273.0,True,No,1175.0,200.0,38.0,141.2578256163912,UsernameModificationLog
158.0,50.0,15.0,34.0,27.0,76.0,9.0,2054.0,1004.0,208.0,471.0,514.0,206.0,True,Yes,587.0,264.0,39.0,1390.1401947359554,UsernameChangeHistory
221.0,87.0,36.0,66.0,59.0,57.0,20.0,7092.0,3537.0,325.0,1703.0,1277.0,883.0,False,Yes,356.0,303.0,40.0,1099.5004230069187,UsernameModificationLog
48.0,37.0,6.0,44.0,6.0,85.0,16.0,6365.0,3184.0,403.0,1777.0,1497.0,1739.0,True,No,671.0,167.0,34.0,705.0841913889341,UsernameChangeHistory
363.0,149.0,22.0,111.0,44.0,272.0,5.0,2025.0,1121.0,125.0,699.0,391.0,421.0,True,No,217.0,162.0,38.0,984.7857918840728,UsernameChangeHistory
99.0,28.0,15.0,14.0,30.0,124.0,9.0,3503.0,1727.0,434.0,1260.0,1086.0,970.0,False,No,159.0,285.0,40.0,432.2938403180418,UsernameModificationLog
59.0,27.0,0.0,15.0,1.0,70.0,11.0,2999.0,1355.0,111.0,714.0,563.0,571.0,False,Yes,60.0,342.0,36.0,207.3617693963154,UsernameChangeHistory
175.0,104.0,24.0,105.0,24.0,41.0,8.0,1039.0,510.0,77.0,309.0,179.0,311.0,True,Yes,818.0,156.0,35.0,925.0055374013184,UsernameModificationLog
36.0,31.0,16.0,48.0,14.0,115.0,3.0,557.0,336.0,68.0,231.0,147.0,388.0,True,Yes,660.0,26.0,37.0,791.3416745890411,UsernameChangeHistory
305.0,265.0,32.0,110.0,47.0,22.0,12.0,6309.0,3347.0,383.0,1558.0,1456.0,745.0,True,Yes,300.0,49.0,39.0,1325.8474593445333,UsernameChangeHistory
146.0,52.0,3.0,67.0,7.0,191.0,5.0,645.0,274.0,27.0,195.0,133.0,270.0,False,Yes,300.0,241.0,35.0,572.7959601744391,UsernameChangeHistory
100.0,70.0,23.0,37.0,20.0,13.0,9.0,1061.0,525.0,160.0,299.0,426.0,123.0,True,Yes,285.0,14.0,30.0,269.32242974465817,UsernameModificationLog
36.0,5.0,0.0,14.0,0.0,85.0,16.0,2752.0,1232.0,86.0,774.0,437.0,1006.0,True,Yes,292.0,38.0,35.0,80.49160415280438,UsernameChangeHistory
203.0,84.0,25.0,101.0,49.0,215.0,18.0,5123.0,2136.0,441.0,1510.0,1182.0,1314.0,True,Yes,365.0,84.0,38.0,1693.098032632163,UsernameModificationLog
469.0,289.0,19.0,137.0,85.0,57.0,16.0,9104.0,4723.0,425.0,2502.0,1797.0,1141.0,False,Yes,1403.0,316.0,40.0,1282.4978817872866,UsernameModificationLog
407.0,266.0,45.0,192.0,88.0,156.0,11.0,4860.0,2899.0,441.0,1718.0,1409.0,758.0,True,No,1460.0,219.0,39.0,1921.454858283775,UsernameChangeHistory
114.0,66.0,20.0,84.0,43.0,167.0,10.0,1954.0,1035.0,245.0,662.0,611.0,596.0,True,No,562.0,152.0,37.0,346.48531589829213,UsernameChangeHistory
432.0,273.0,48.0,195.0,99.0,180.0,17.0,9286.0,4666.0,505.0,2755.0,1768.0,1831.0,True,Yes,361.0,299.0,40.0,1873.7439580621037,UsernameModificationLog
73.0,36.0,14.0,51.0,22.0,66.0,12.0,4833.0,2267.0,262.0,1352.0,1099.0,771.0,True,No,984.0,154.0,39.0,586.0559464942568,UsernameChangeHistory
40.0,35.0,8.0,11.0,9.0,20.0,7.0,1755.0,1063.0,151.0,358.0,469.0,382.0,False,No,141.0,88.0,37.0,840.0572939342226,UsernameModificationLog
45.0,6.0,4.0,1.0,3.0,18.0,19.0,6384.0,3126.0,234.0,1489.0,1198.0,804.0,True,Yes,25.0,402.0,40.0,468.35454647694473,UsernameChangeHistory
13.0,1.0,19.0,18.0,18.0,39.0,6.0,1746.0,744.0,380.0,525.0,658.0,737.0,False,Yes,165.0,168.0,35.0,243.8788658870513,UsernameModificationLog
244.0,136.0,23.0,103.0,32.0,140.0,5.0,778.0,369.0,156.0,222.0,234.0,150.0,False,Yes,1255.0,20.0,38.0,398.09163273562893,UsernameModificationLog
28.0,9.0,0.0,5.0,0.0,21.0,18.0,6022.0,3089.0,67.0,1431.0,720.0,864.0,True,No,415.0,250.0,40.0,144.878344371139,UsernameChangeHistory
102.0,70.0,18.0,93.0,31.0,169.0,5.0,1631.0,1141.0,94.0,505.0,505.0,523.0,True,No,1043.0,43.0,38.0,282.0544268298199,UsernameChangeHistory
67.0,22.0,0.0,9.0,1.0,2.0,1.0,132.0,59.0,24.0,11.0,9.0,0.0,True,No,10.0,125.0,37.0,62.20929228062846,UsernameChangeHistory
170.0,116.0,18.0,64.0,24.0,24.0,15.0,6086.0,3291.0,226.0,1551.0,1245.0,612.0,True,No,1146.0,166.0,36.0,1797.217762363239,UsernameChangeHistory
264.0,177.0,13.0,120.0,40.0,78.0,2.0,303.0,176.0,41.0,113.0,75.0,35.0,True,No,1119.0,194.0,40.0,225.43343441136926,UsernameModificationLog
468.0,298.0,8.0,168.0,55.0,280.0,20.0,9306.0,4683.0,540.0,2748.0,1801.0,1880.0,True,Yes,115.0,480.0,38.0,1596.3840340249308,UsernameChangeHistory
212.0,95.0,15.0,80.0,44.0,168.0,9.0,2100.0,1186.0,64.0,700.0,285.0,419.0,False,No,1088.0,118.0,37.0,256.22450463201136,UsernameModificationLog
162.0,78.0,10.0,44.0,15.0,147.0,15.0,5474.0,2617.0,370.0,1739.0,1246.0,1012.0,True,No,1052.0,242.0,38.0,1029.0815032746136,UsernameChangeHistory
128.0,69.0,15.0,85.0,20.0,78.0,19.0,7544.0,3761.0,442.0,2034.0,1446.0,1175.0,True,No,356.0,8.0,32.0,1112.0817651463174,UsernameChangeHistory
78.0,52.0,6.0,62.0,4.0,97.0,17.0,5107.0,2474.0,217.0,1511.0,976.0,886.0,False,No,11.0,262.0,34.0,276.08304341366375,UsernameModificationLog
90.0,28.0,4.0,40.0,3.0,55.0,9.0,1686.0,794.0,103.0,573.0,200.0,532.0,True,Yes,124.0,55.0,35.0,662.1222618158957,UsernameChangeHistory
342.0,242.0,35.0,184.0,91.0,209.0,6.0,1841.0,1168.0,89.0,751.0,455.0,432.0,True,No,601.0,133.0,40.0,1479.645903793229,UsernameChangeHistory
21.0,9.0,0.0,14.0,1.0,105.0,16.0,4190.0,1984.0,208.0,1051.0,839.0,1009.0,False,Yes,30.0,61.0,38.0,586.4545506623775,UsernameChangeHistory
17.0,12.0,12.0,26.0,5.0,21.0,2.0,138.0,73.0,7.0,14.0,3.0,33.0,True,Yes,300.0,134.0,37.0,317.93472229299846,UsernameChangeHistory
106.0,42.0,18.0,28.0,12.0,129.0,4.0,496.0,242.0,105.0,171.0,149.0,93.0,True,Yes,60.0,45.0,33.0,248.33453134822466,UsernameChangeHistory
379.0,225.0,14.0,154.0,28.0,182.0,4.0,743.0,400.0,41.0,232.0,138.0,145.0,True,Yes,448.0,156.0,39.0,261.6547519543718,UsernameChangeHistory
448.0,282.0,14.0,126.0,37.0,34.0,9.0,1934.0,1038.0,82.0,464.0,358.0,184.0,False,Yes,770.0,204.0,38.0,1193.7683411564842,UsernameModificationLog
410.0,245.0,11.0,98.0,69.0,140.0,19.0,9344.0,4732.0,526.0,2613.0,1951.0,1345.0,True,No,352.0,288.0,39.0,1748.0238083079005,UsernameChangeHistory
75.0,18.0,14.0,13.0,17.0,19.0,11.0,3673.0,1696.0,142.0,868.0,629.0,627.0,True,No,394.0,205.0,39.0,272.0702922306631,UsernameChangeHistory
