flight_duration,baggage_weight,ticket_price,flight_class,carbon_footprint,passenger_count,aircraft_age,distance,airline,departure_airport,fuel_efficiency,delay_probability,customer_satisfaction
0.5,9.0,114.42448680351907,economy,3.2166666666666677,3.8875263460433036,19.60659114315139,2765.111076757995,airline1,airport1,4.297872340425533,0.08967991169977926,2.688888888888889
0.5034208768180872,0.0,280.1869501466276,economy,1.8111111111111107,3.739988503544741,23.698249227600414,3554.7236039247423,airline2,airport2,6.425531914893618,0.20447019867549668,2.4755555555555557
0.503417617288008,0.0,280.1869501466276,economy,1.8111111111111107,4.471929488407741,18.38208032955716,3554.7236039247423,airline2,airport2,6.425531914893618,0.06346578366445917,3.64
0.5042455379281168,0.0,109.89736070381232,economy,1.5870370370370372,4.292776393945201,13.812564366632339,4540.591439405651,airline3,airport3,7.191489361702128,0.033388520971302425,3.5244444444444443
0.5102235160933116,0.0,109.89736070381232,economy,1.5870370370370372,4.435524046752252,16.321318228630282,4540.591439405651,airline3,airport3,7.191489361702128,0.09933774834437085,3.7733333333333334
0.5038348371381416,0.0,109.89736070381232,economy,1.5870370370370372,3.7486108449894613,17.665293511843466,4540.591439405651,airline3,airport3,7.191489361702128,0.09602649006622516,3.1066666666666665
0.5133591840294716,6.25,308.0461876832845,economy,2.931481481481482,3.3481509867790766,20.024716786817713,4088.934154170721,airline4,airport4,4.212765957446808,0.2952538631346578,2.591111111111111
0.5225282421421722,6.25,308.0461876832845,economy,2.931481481481482,3.5014370569074535,28.835221421215238,4440.03310023734,airline4,airport4,4.212765957446808,0.4806843267108167,2.9644444444444447
0.5333971451911591,6.25,308.0461876832845,economy,2.931481481481482,2.983138532285879,30.0,4558.506488192126,airline4,airport4,4.212765957446808,0.7781456953642384,2.022222222222222
0.5266825132280722,6.25,308.0461876832845,economy,2.931481481481482,3.3404866832726574,25.78887744593203,5017.635879202321,airline4,airport4,4.212765957446808,0.4241169977924945,2.2355555555555555
0.5356217744701914,6.25,308.0461876832845,economy,2.931481481481482,3.6978348342594365,28.29763130792997,4796.71361929271,airline4,airport4,4.212765957446808,0.5165562913907285,1.8888888888888888
0.5181148384149782,6.25,308.0461876832845,economy,2.931481481481482,3.34527687296417,24.89289392378991,4688.683174349135,airline4,airport4,4.212765957446808,0.31843267108167767,2.2355555555555555
0.5142539250362033,6.25,308.0461876832845,economy,2.931481481481482,3.230312320367887,11.781668383110196,3990.2663477889223,airline4,airport4,4.212765957446808,0.3857615894039735,2.4844444444444447
0.6016060716278363,0.0,317.4486803519062,economy,3.2166666666666677,3.287794596666028,18.59114315139032,3321.0177413634747,airline5,airport5,9.148936170212766,0.1801876379690949,2.368888888888889
0.6029424789602953,0.0,317.4486803519062,economy,3.2166666666666677,3.428626173596475,25.370751802265705,3099.9154307122913,airline5,airport5,9.148936170212766,0.23537527593818983,2.1733333333333333
0.6012198173134549,0.0,317.4486803519062,economy,3.2166666666666677,3.1776202337612567,17.00823892893924,3132.954741790868,airline5,airport5,9.148936170212766,0.1859823399558499,2.3244444444444445
0.6707358153118785,0.0,317.4486803519062,economy,3.2166666666666677,3.274382065529795,8.88465499485067,3132.954741790868,airline5,airport5,9.148936170212766,0.13383002207505518,2.608888888888889
0.6267761628991744,0.0,317.4486803519062,economy,3.2166666666666677,3.3270741521364253,24.534500514933058,2916.263674308214,airline5,airport5,9.148936170212766,0.35706401766004414,2.111111111111111
0.6297928579874448,0.0,317.4486803519062,economy,3.2166666666666677,2.815481893082967,11.064881565396501,2500.886613500168,airline5,airport5,9.148936170212766,0.2748344370860927,2.351111111111111
0.6172583350680028,0.0,317.4486803519062,economy,3.2166666666666677,3.075110174362905,20.890834191555097,2500.886613500168,airline5,airport5,9.148936170212766,0.2635209713024282,2.1733333333333333
0.7029823463850912,0.0,317.4486803519062,economy,3.2166666666666677,2.9246982180494356,29.432543769309987,2502.1469686911764,airline5,airport5,9.148936170212766,0.5322847682119205,1.7644444444444445
0.6378324889277135,0.0,317.4486803519062,economy,3.2166666666666677,3.303123203678866,26.774459320288365,2695.1613636570305,airline5,airport5,9.148936170212766,0.33388520971302427,2.297777777777778
0.6998336403286145,0.0,317.4486803519062,economy,3.2166666666666677,3.4726959187583835,27.521112255406795,2663.292382398676,airline5,airport5,9.148936170212766,0.4688189845474613,1.9066666666666667
0.6600608543026022,0.0,317.4486803519062,economy,3.2166666666666677,3.1575014370569074,30.0,2769.792396038884,airline5,airport5,9.148936170212766,0.5008278145695364,1.8444444444444446
0.6212447403548257,0.0,317.4486803519062,economy,3.2166666666666677,3.2638436482084696,28.23789907312049,3043.8296247124194,airline5,airport5,9.148936170212766,0.4020419426048565,1.942222222222222
0.6359582591321917,0.0,317.4486803519062,economy,3.2166666666666677,2.9524813182602037,25.729145211122553,3093.343578644891,airline5,airport5,9.148936170212766,0.4078366445916115,1.791111111111111
0.6084755312696837,0.0,317.4486803519062,economy,3.2166666666666677,3.1575014370569074,27.102986611740473,3298.061271812966,airline5,airport5,9.148936170212766,0.36092715231788075,2.0311111111111115
0.6547380416833202,0.0,317.4486803519062,economy,3.2166666666666677,3.381682314619659,26.65499485066941,3092.2632741954553,airline5,airport5,9.148936170212766,0.429083885209713,1.8711111111111112
0.6249491962898005,0.0,317.4486803519062,economy,3.2166666666666677,3.8108833109791154,28.327497425334705,3093.433604015677,airline5,airport5,9.148936170212766,0.3054635761589404,2.191111111111111
0.6623457848880993,0.0,317.4486803519062,economy,3.2166666666666677,3.9823721019352374,26.207003089598352,2899.248879229601,airline5,airport5,9.148936170212766,0.28283664459161145,2.4222222222222225
0.6832654489362018,0.0,317.4486803519062,economy,3.2166666666666677,3.061697643226672,28.23789907312049,2893.8473569824223,airline5,airport5,9.148936170212766,0.5758830022075055,1.6844444444444444
0.7197575179375312,0.0,317.4486803519062,economy,3.2166666666666677,3.405633263077218,30.0,2841.632641926361,airline5,airport5,9.148936170212766,0.31208609271523174,1.8444444444444446
0.7251797462242278,0.0,317.4486803519062,economy,3.2166666666666677,3.2887526346043305,24.62409886714727,2675.085705971683,airline5,airport5,9.148936170212766,0.716887417218543,1.7288888888888887
0.6866732876339723,0.0,317.4486803519062,economy,3.2166666666666677,3.050201187967043,28.50669412976313,2492.5142540170414,airline5,airport5,9.148936170212766,0.4586092715231788,1.72
0.7618217536091989,0.0,317.4486803519062,economy,3.2166666666666677,3.428626173596475,29.074150360453142,2467.8473024215914,airline5,airport5,9.148936170212766,0.5135209713024282,1.7555555555555555
0.5094281907539945,0.0,241.53225806451616,economy,2.422222222222222,3.2724659896531905,20.502574665293512,2108.195946130273,airline4,airport6,7.617021276595744,0.21937086092715227,2.2355555555555555
0.5148504190406911,0.0,241.53225806451616,economy,2.422222222222222,3.184326499329374,18.471678681771373,2124.040411388664,airline4,airport6,7.617021276595744,0.2671081677704194,2.333333333333333
0.5120309255222104,0.0,241.53225806451616,economy,2.422222222222222,3.1929488407740947,12.528321318228631,2624.851549072921,airline4,airport6,7.617021276595744,0.1942604856512141,2.4222222222222225
0.527499025512904,0.0,241.53225806451616,economy,2.422222222222222,3.3040812416171685,9.153450051493307,2546.6195018596154,airline4,airport6,7.617021276595744,0.23178807947019867,2.7511111111111113
0.5034730292993539,37.5,136.7118768328446,economy,0.9759259259259256,3.9066871048093508,6.644696189495367,3945.4337131373386,airline3,airport7,6.851063829787234,0.07146799116997793,3.2933333333333334
0.5044443692629461,37.5,136.7118768328446,economy,0.9759259259259256,4.317685380341063,4.852729145211123,3945.4337131373386,airline3,airport7,6.851063829787234,0.006898454746136865,3.6577777777777776
0.5197397141594436,0.0,274.6151026392962,economy,1.3833333333333333,4.074343744012262,1.0,4233.334848911966,airline3,airport8,6.510638297872339,0.0858167770419426,2.92
0.522031163805099,0.0,274.6151026392962,economy,1.3833333333333333,3.4985629430925465,2.105046343975283,4233.334848911966,airline3,airport8,6.510638297872339,0.11258278145695363,2.8044444444444445
0.5249419241657963,0.0,274.6151026392962,economy,1.3833333333333333,3.5388005365012463,2.075180226570546,4233.334848911966,airline3,airport8,6.510638297872339,0.15756070640176603,2.7511111111111113
0.5189655757656412,0.0,274.6151026392962,economy,1.3833333333333333,3.402759149262311,12.08032955715757,4233.334848911966,airline3,airport8,6.510638297872339,0.21578366445916114,2.44
0.5269074208035348,0.0,274.6151026392962,economy,1.3833333333333333,3.0319984671392994,10.228630278063852,3674.7274231828965,airline3,airport8,6.510638297872339,0.23399558498896247,2.271111111111111
0.5296682427805904,0.0,274.6151026392962,economy,1.3833333333333333,3.131634412722744,10.079299691040164,3674.7274231828965,airline3,airport8,6.510638297872339,0.34271523178807944,2.333333333333333
0.5363356115575294,0.0,274.6151026392962,economy,1.3833333333333333,3.365395669668519,25.66941297631308,4204.976857114278,airline3,airport8,6.510638297872339,0.47102649006622516,2.0311111111111115
0.5403448335549065,0.0,274.6151026392962,economy,1.3833333333333333,2.760873730599732,28.596292481977343,4367.562676754358,airline3,airport8,6.510638297872339,0.8024282560706401,1.8355555555555556
0.5347873347699243,0.0,274.6151026392962,economy,1.3833333333333333,2.9553554320751108,18.650875386199797,4563.54790895616,airline3,airport8,6.510638297872339,0.3992825607064017,2.28
0.5134308936912132,10.5,230.38856304985336,economy,1.2000000000000002,3.3012071278022614,13.782698249227602,5218.032354572653,airline5,airport9,5.574468085106384,0.3233995584988962,2.3066666666666666
0.5060382794716594,10.5,230.38856304985336,economy,1.2000000000000002,3.4468288944242196,18.949536560247168,5218.032354572653,airline5,airport9,5.574468085106384,0.21247240618101543,2.3777777777777778
0.507705529107154,10.5,230.38856304985336,economy,1.2000000000000002,3.8262119179919534,6.435633367662206,5218.032354572653,airline5,airport9,5.574468085106384,0.09795805739514349,2.7777777777777777
0.5070878481571516,10.5,230.38856304985336,economy,1.2000000000000002,3.334738455642844,6.525231719876416,5218.032354572653,airline5,airport9,5.574468085106384,0.18487858719646796,2.6355555555555554
0.5011864689488172,37.5,173.27712609970678,economy,0.6092592592592586,3.2293542824295844,14.350154479917613,5672.660477043531,airline3,airport10,9.23404255319149,0.3606512141280353,2.2355555555555555
0.5011066104618777,45.0,76.46627565982405,economy,0.466666666666667,4.533243916459092,6.674562306900103,6912.219807400268,airline4,,6.510638297872339,0.08498896247240617,3.7022222222222223
0.5023191556513283,42.5,59.75073313782991,economy,0.6092592592592586,3.703583061889251,10.796086508753863,7354.244377961061,airline2,,6.000000000000001,0.11147902869757172,2.7511111111111113
0.5013038120316673,50.0,79.94868035190616,economy,0.629629629629629,4.118413489174172,12.229660144181258,6577.505478816756,airline4,,4.127659574468085,0.061258278145695365,3.3644444444444446
0.5241417095313605,12.5,212.62829912023463,economy,1.4851851851851854,3.47557003257329,8.854788877445934,6118.376087806563,airline6,,8.042553191489361,0.14155629139072848,2.626666666666667
0.5158022018238082,12.5,212.62829912023463,economy,1.4851851851851854,3.2667177620233763,14.230690010298664,5323.632114504998,airline6,,8.042553191489361,0.2066777041942605,2.297777777777778
0.5233056400660538,12.5,212.62829912023463,economy,1.4851851851851854,3.0885227054991375,19.905252317198766,5587.766552392037,airline6,,8.042553191489361,0.315121412803532,2.2177777777777776
0.5269546839896828,12.5,212.62829912023463,economy,1.4851851851851854,3.3040812416171685,28.028836251287334,5221.453318662533,airline6,,8.042553191489361,0.35071743929359817,1.9777777777777779
0.5169414075864776,12.5,212.62829912023463,economy,1.4851851851851854,3.7735198313853235,20.38311019567456,5587.856577762825,airline6,,8.042553191489361,0.1379690949227373,2.528888888888889
0.5195865162457227,12.5,212.62829912023463,economy,1.4851851851851854,4.066679440505844,13.095777548918642,6267.90822868263,airline6,,8.042553191489361,0.21440397350993376,2.7777777777777777
0.5021496600872115,8.75,82.03812316715542,economy,0.7335185185185188,4.39432841540525,17.90422245108136,7386.02333384863,airline3,,7.106382978723405,0.17439293598233996,3.488888888888889
0.5048110663968525,40.0,151.33797653958948,economy,0.36481481481481504,3.614485533627132,5.45005149330587,5035.100801134866,airline5,,4.97872340425532,0.08112582781456953,2.6444444444444444
0.5061067296033219,40.0,151.33797653958948,economy,0.36481481481481504,3.1325924506610465,9.422245108135943,5035.100801134866,airline5,,4.97872340425532,0.23482339955849887,2.28
0.5084046983091356,6.25,245.3629032258065,economy,0.5888888888888882,3.219773903046561,6.525231719876416,4932.9220052924,airline5,,7.361702127659574,0.1757726269315673,2.511111111111111
0.5210598238415068,6.25,245.3629032258065,economy,0.5888888888888882,2.9476911285686915,11.124613800205974,4932.9220052924,airline5,,7.361702127659574,0.31346578366445915,2.102222222222222
0.5198570572422937,6.25,245.3629032258065,economy,0.5888888888888882,3.2264801686146773,9.989701338825952,4932.9220052924,airline5,,7.361702127659574,0.19481236203090502,2.413333333333333
0.5133542947343528,0.0,410.42888563049854,economy,0.6703703703703697,3.7361563517915313,2.105046343975283,3842.984841182515,airline5,,7.617021276595744,0.13769315673289184,2.7066666666666666
0.5248441382634212,0.0,410.42888563049854,economy,0.6703703703703697,3.299291051925657,5.360453141091658,3842.984841182515,airline5,,7.617021276595744,0.22488962472406182,2.4844444444444447
0.5139051553177323,0.0,410.42888563049854,economy,0.6703703703703697,3.3989269975091023,2.463439752832132,3842.984841182515,airline5,,7.617021276595744,0.10458057395143486,2.582222222222222
0.5308139676034181,0.0,410.42888563049854,economy,0.6703703703703697,3.5713738264035264,1.9855818743563338,3842.984841182515,airline5,,7.617021276595744,0.16032008830022076,2.6355555555555554
0.5118386132475395,0.0,480.77346041055716,economy,1.1592592592592592,3.5981988886759915,1.925849639546859,2910.50205057789,airline4,,7.191489361702128,0.1393487858719647,2.6977777777777776
0.5144723135515076,0.0,480.77346041055716,economy,1.1592592592592592,3.610653381873922,13.57363542739444,3136.555756622321,airline4,,7.191489361702128,0.19895143487858716,2.4577777777777774
0.515516992941881,0.0,480.77346041055716,economy,1.1592592592592592,3.6039471163058057,22.384140061791967,2731.0814866007695,airline4,,7.191489361702128,0.282560706401766,2.333333333333333
0.5131603526946422,0.0,480.77346041055716,economy,1.1592592592592592,3.470779842881778,13.812564366632339,2765.5612036119264,airline4,,7.191489361702128,0.23565121412803527,2.4044444444444446
0.5081716419084751,0.0,480.77346041055716,economy,1.1592592592592592,3.5589193332055955,16.17198764160659,3597.0355281943093,airline4,,7.191489361702128,0.29277041942604853,2.44
0.5126388278819753,0.0,480.77346041055716,economy,1.1592592592592592,3.2159417512933515,11.064881565396501,3136.555756622321,airline4,,7.191489361702128,0.20336644591611475,2.3600000000000003
0.5056732121027926,12.5,203.22580645161293,economy,0.9351851851851848,4.033148112665263,10.139031925849642,3945.073611654193,airline5,,7.446808510638298,0.09823399558498896,3.0444444444444443
0.5062420001016075,12.5,203.22580645161293,economy,0.9351851851851848,3.929680015328607,21.159629248197735,3945.073611654193,airline5,,7.446808510638298,0.15149006622516556,2.6799999999999997
0.5049332987748213,12.5,203.22580645161293,economy,0.9351851851851848,3.6259819888867595,9.750772399588056,3945.073611654193,airline5,,7.446808510638298,0.13769315673289184,2.76
0.5047572841505462,12.5,203.22580645161293,economy,0.9351851851851848,3.496646867215942,14.081359423274977,3945.073611654193,airline5,,7.446808510638298,0.1594922737306843,2.591111111111111
0.5072149698302392,0.0,190.34090909090912,economy,1.403703703703704,3.7093312895190658,14.469618949536562,3385.745982958834,airline3,,7.0212765957446805,0.21771523178807942,2.6799999999999997
0.508316690996998,0.0,190.34090909090912,economy,1.403703703703704,3.940218432649933,16.88877445932029,3078.1292909820045,airline3,,7.0212765957446805,0.13245033112582782,2.92
0.5074252095203455,0.0,190.34090909090912,economy,1.403703703703704,3.3510251005939837,13.603501544799178,3068.676627049441,airline3,,7.0212765957446805,0.3071192052980132,2.5555555555555554
0.5106244382930493,0.0,190.34090909090912,economy,1.403703703703704,3.452577122054034,17.09783728115345,2456.864207185661,airline3,,7.0212765957446805,0.18515452538631344,2.528888888888889
0.5081944586190292,0.0,152.7309384164223,economy,2.2185185185185183,4.301398735389922,25.908341915550977,2163.471523793069,airline2,,6.425531914893618,0.10402869757174392,2.6533333333333333
0.5076110027348582,0.0,152.7309384164223,economy,2.2185185185185183,4.370377466947692,18.979402677651905,2156.9896970964546,airline2,,6.425531914893618,0.10954746136865343,3.1066666666666665
0.5066038079403951,0.0,152.7309384164223,economy,2.2185185185185183,3.7361563517915313,19.875386199794026,1866.9279524229555,airline2,,6.425531914893618,0.19536423841059603,2.5644444444444447
0.5053782246306278,0.0,152.7309384164223,economy,2.2185185185185183,3.724659896531903,22.204943357363547,1866.7479016813827,airline2,,6.425531914893618,0.17853200883002204,2.511111111111111
0.5058198909563552,14.000000000000002,557.7346041055719,economy,1.7092592592592597,3.7601073002490906,16.142121524201855,2383.313479253244,airline5,,6.76595744680851,0.17742825607064017,2.591111111111111
0.5036555629837873,14.000000000000002,557.7346041055719,economy,1.7092592592592597,3.5388005365012463,8.76519052523172,2383.313479253244,airline5,,6.76595744680851,0.12362030905077263,2.7777777777777777
0.5059681995749573,14.000000000000002,557.7346041055719,economy,1.7092592592592597,3.5752059781567347,23.22039134912461,2337.4905655230114,airline5,,6.76595744680851,0.24448123620309048,2.3866666666666667
0.5188596410380681,0.0,134.6224340175953,economy,1.3222222222222222,3.9354282429584218,17.396498455200824,2229.6401713210084,airline2,,6.595744680851064,0.1357615894039735,3.08
0.5177188055103592,0.0,134.6224340175953,economy,1.3222222222222222,3.4928147154627327,20.920700308959834,2229.6401713210084,airline2,,6.595744680851064,0.2651766004415011,2.4577777777777774
0.5186624394682785,0.0,134.6224340175953,economy,1.3222222222222222,5.318835025867026,22.832131822863026,2229.6401713210084,airline2,,6.595744680851064,0.0684326710816777,3.9955555555555557
0.5123128748740585,0.0,134.6224340175953,economy,1.3222222222222222,5.0802835792297385,11.154479917610711,2229.6401713210084,airline2,,6.595744680851064,0.050772626931567325,4.448888888888888
0.5101501766665303,0.0,134.6224340175953,economy,1.3222222222222222,4.693236252155586,18.80020597322348,2229.6401713210084,airline2,,6.595744680851064,0.1230684326710817,3.506666666666667
0.5231980755734412,0.0,332.074780058651,economy,2.85,4.033148112665263,23.99691040164779,1583.798161300003,airline4,,9.063829787234042,0.21219646799116995,3.0
0.5176014624275092,0.0,332.074780058651,economy,2.85,4.084882161333589,21.42842430484037,1654.2880266256855,airline4,,9.063829787234042,0.1639072847682119,2.9111111111111114
0.5362524935405105,0.0,332.074780058651,economy,2.85,3.724659896531903,25.639546858908343,1526.9921523338398,airline4,,9.063829787234042,0.2455849889624724,2.208888888888889
0.5334574464976237,0.0,332.074780058651,economy,2.85,3.467905729066871,26.236869207003092,1526.9921523338398,airline4,,9.063829787234042,0.32312362030905073,2.271111111111111
0.521721508447578,0.0,332.074780058651,economy,2.85,3.496646867215942,27.013388259526263,1262.5876383344396,airline4,,9.063829787234042,0.2924944812362031,2.3422222222222224
0.5205839324499483,0.0,332.074780058651,economy,2.85,3.193906878712397,29.01441812564367,979.8179486946322,airline4,,9.063829787234042,0.4067328918322295,2.2888888888888888
0.526871565972664,0.0,332.074780058651,economy,2.85,3.179536309637862,27.580844490216275,1073.5343596831835,airline4,,9.063829787234042,0.4671633554083885,2.2888888888888888
0.5203476165192085,0.0,332.074780058651,economy,2.85,3.4583253496838475,25.57981462409887,993.7718811665105,airline4,,9.063829787234042,0.3410596026490066,2.368888888888889
0.5198342405317395,0.0,332.074780058651,economy,2.85,3.7907645142747657,29.133882595262616,1273.3006574580108,airline4,,9.063829787234042,0.29083885209713023,2.3155555555555556
0.5419354842335407,0.0,332.074780058651,economy,2.85,3.5560452193906884,27.37178166838311,1374.3091234802537,airline4,,9.063829787234042,0.3813465783664459,2.28
0.5165600425672149,0.0,332.074780058651,economy,2.85,3.5234719294884083,16.381050463439752,1583.798161300003,airline4,,9.063829787234042,0.31098233995584984,2.4844444444444447
0.5154045391541497,0.0,382.56964809384164,economy,3.4000000000000012,4.021651657405633,24.50463439752832,1493.5027144013316,airline7,,6.425531914893618,0.23261589403973507,2.582222222222222
0.5190633616680161,0.0,382.56964809384164,economy,3.4000000000000012,3.2533052308871437,27.879505664263647,1201.7304876828928,airline7,,6.425531914893618,0.3995584988962472,2.2266666666666666
0.5351703295542267,0.0,382.56964809384164,economy,3.4000000000000012,3.4247940218432653,28.626158599382084,1376.9198592330567,airline7,,6.425531914893618,0.42384105960264895,2.2177777777777776
0.5221631747733053,0.0,382.56964809384164,economy,3.4000000000000012,3.579996167848247,25.281153450051495,1114.4959033909558,airline7,,6.425531914893618,0.24061810154525382,2.2
0.5268943826832182,0.0,382.56964809384164,economy,3.4000000000000012,3.267675799961679,26.47579814624099,1300.4883194354773,airline7,,6.425531914893618,0.38714128035320083,2.1822222222222223
0.5204144368858314,0.0,382.56964809384164,economy,3.4000000000000012,3.5052692086606636,21.78681771369722,1540.856059434932,airline7,,6.425531914893618,0.28449227373068425,2.44
0.5235761810626248,0.0,382.56964809384164,economy,3.4000000000000012,3.356773328223798,24.803295571575692,1556.4304485809637,airline7,,6.425531914893618,0.23647902869757173,2.2622222222222224
0.5202514603818731,0.0,382.56964809384164,economy,3.4000000000000012,3.214025675416747,21.966014418125642,1313.4519728287064,airline7,,6.425531914893618,0.3763796909492273,2.368888888888889
0.5225624672080035,0.0,382.56964809384164,economy,3.4000000000000012,3.078942326116114,19.60659114315139,1567.0534423337485,airline7,,6.425531914893618,0.3278145695364238,2.271111111111111
0.5102137375030741,0.0,927.2177419354838,economy,4.092592592592592,3.2121095995401423,20.95056642636457,1115.5762078403914,airline2,,7.531914893617023,0.34878587196467986,2.511111111111111
0.5106472550036034,0.0,927.2177419354838,economy,4.092592592592592,3.3404866832726574,25.251287332646754,1061.290909256245,airline2,,7.531914893617023,0.3460264900662251,2.3600000000000003
0.5141251735980761,0.0,927.2177419354838,economy,4.092592592592592,3.299291051925657,27.879505664263647,961.8128745373696,airline2,,7.531914893617023,0.4470198675496688,2.3777777777777778
0.5234783951602497,0.0,927.2177419354838,economy,4.092592592592592,3.198697068403909,29.104016477857876,833.5267211668743,airline2,,7.531914893617023,0.6534216335540839,2.0933333333333337
0.5150215443698474,0.0,927.2177419354838,economy,4.092592592592592,3.2207319409848627,28.74562306900103,889.2524256836018,airline2,,7.531914893617023,0.4373620309050772,2.2266666666666666
0.5265162771940346,0.0,927.2177419354838,economy,4.092592592592592,3.3232420003832153,26.535530381050464,877.1890259982358,airline2,,7.531914893617023,0.36092715231788075,2.4577777777777774
0.5620989373032761,0.0,927.2177419354838,economy,4.092592592592592,2.9658938493964366,28.685890834191554,664.9992270548975,airline2,,7.531914893617023,0.7044701986754967,1.951111111111111
0.5412053494958069,0.0,796.2793255131966,economy,4.968518518518518,3.0425368844606244,28.805355303810504,692.9971173694405,airline5,,9.319148936170212,0.42660044150110377,1.9955555555555555
0.5520074321781708,0.0,796.2793255131966,economy,4.968518518518518,3.7495688829277642,29.641606591143148,714.7832570997282,airline5,,9.319148936170212,0.3769315673289183,2.1555555555555554
0.6425930326083389,0.0,796.2793255131966,economy,4.968518518518518,2.9888867599156925,28.41709577754892,865.4857277960153,airline5,,9.319148936170212,0.4583333333333333,1.8266666666666667
0.5543917784310826,0.0,796.2793255131966,economy,4.968518518518518,3.7754359072619286,29.67147270854789,990.2608917058444,airline5,,9.319148936170212,0.29994481236203085,2.2622222222222224
0.6933911791271383,0.0,796.2793255131966,economy,4.968518518518518,3.6489748994060163,29.31307929969104,1127.549582154971,airline5,,9.319148936170212,0.2905629139072847,2.297777777777778
0.5951342746556475,0.0,796.2793255131966,economy,4.968518518518518,3.6930446445679252,29.372811534500517,1178.3238912784511,airline5,,9.319148936170212,0.2591059602649006,2.6
0.5527228990305483,0.0,796.2793255131966,economy,4.968518518518518,3.166123778501629,28.626158599382084,1306.6100446489465,airline5,,9.319148936170212,0.36699779249448117,2.191111111111111
0.658062762364072,0.0,796.2793255131966,economy,4.968518518518518,3.1038513125119755,29.5221421215242,1195.0686102447055,airline5,,9.319148936170212,0.42991169977924937,1.942222222222222
0.5898750228729094,0.0,796.2793255131966,economy,4.968518518518518,3.657597240850738,29.462409886714727,983.238912784512,airline5,,9.319148936170212,0.42025386313465785,2.1644444444444444
0.5515527277321268,0.0,796.2793255131966,economy,4.968518518518518,3.2810883310979118,28.058702368692067,853.7824295937947,airline5,,9.319148936170212,0.41859823399558493,2.102222222222222
0.5563915001346523,0.0,796.2793255131966,economy,4.968518518518518,3.771603755508718,29.5221421215242,748.3627204030228,airline5,,9.319148936170212,0.35485651214128033,2.075555555555556
0.5396815191837957,0.0,796.2793255131966,economy,4.968518518518518,3.199655106342212,29.462409886714727,585.2367485382246,airline5,,9.319148936170212,0.5405629139072847,1.7377777777777779
0.5877139544304207,0.0,796.2793255131966,economy,4.968518518518518,3.4813182602031043,29.372811534500517,585.3267739090109,airline5,,9.319148936170212,0.461644591611479,2.137777777777778
0.5463798534964867,0.0,796.2793255131966,economy,4.968518518518518,3.503353132784059,28.088568486096808,534.1923633023853,airline5,,9.319148936170212,0.6189293598233995,1.8
0.7644000419018211,0.0,796.2793255131966,economy,4.968518518518518,2.3968193140448366,30.0,378.8985986959962,airline5,,9.319148936170212,0.901766004415011,1.8355555555555556
1.0402231069660877,0.0,715.8357771260996,business,10.0,2.764705882352941,30.0,272.8487119097202,airline4,,3.787234042553191,0.6923289183222958,1.7466666666666666
1.166749915814206,0.0,715.8357771260996,economy,10.0,2.8269783483425948,30.0,354.0515963589739,airline4,,3.787234042553191,0.6812913907284768,1.942222222222222
0.9520022956083564,0.0,715.8357771260996,economy,10.0,2.2856869132017623,29.342945417095777,294.7248770107941,airline4,,3.787234042553191,0.7604856512141279,1.6044444444444446
0.8867465034234057,0.0,715.8357771260996,economy,10.0,3.4611994634987546,30.0,360.6234484263748,airline4,,3.787234042553191,0.7193708609271523,1.7822222222222224
0.8501925033505722,0.0,715.8357771260996,economy,10.0,2.9802644184709717,30.0,448.3981849430294,airline4,,3.787234042553191,0.41169977924944806,1.942222222222222
0.8849993953009715,0.0,715.8357771260996,economy,10.0,2.307721785782717,28.71575695159629,398.1640280442672,airline4,,3.787234042553191,0.7671081677704195,1.8533333333333333
0.8788665894570162,0.0,715.8357771260996,economy,10.0,2.55681164974133,28.14830072090628,460.10148314525014,airline4,,3.787234042553191,0.7337196467991169,2.137777777777778
0.9445428610221795,0.0,715.8357771260996,economy,10.0,2.950565242383599,28.476828012358396,456.590493684584,airline4,,3.787234042553191,0.5441501103752758,1.9244444444444446
0.7689568649524985,0.0,715.8357771260996,economy,10.0,3.453535159992336,29.19361483007209,539.6839109203504,airline4,,3.787234042553191,0.34133554083885204,2.466666666666667
0.7428349908980433,0.0,715.8357771260996,economy,10.0,2.7656639202912436,30.0,515.9172130327637,airline4,,3.787234042553191,0.3187086092715231,2.297777777777778
0.6825760583244577,0.0,715.8357771260996,business,10.0,2.3901130484767195,26.416065911431513,532.661931999018,airline4,,3.787234042553191,0.28669977924944806,1.9155555555555557
0.8492358312723362,0.0,715.8357771260996,economy,10.0,3.0578654914734624,29.55200823892894,544.3652302012385,airline4,,3.787234042553191,0.38796909492273723,2.28
0.7293943186165925,0.0,715.8357771260996,business,10.0,3.460241425560452,28.805355303810504,657.977248133565,airline4,,3.787234042553191,0.3694812362030905,2.0666666666666664
1.0750935597530311,0.0,715.8357771260996,business,10.0,3.482276298141407,24.803295571575692,654.4662586728988,airline4,,3.787234042553191,0.3667218543046357,1.942222222222222
0.8977213411999656,0.0,715.8357771260996,economy,10.0,2.639202912435333,28.20803295571576,646.2739499313443,airline4,,3.787234042553191,0.3976269315673289,1.72
0.6983847792084242,0.0,715.8357771260996,economy,4.581481481481481,4.24008430733857,29.22348094747683,773.1196973692587,airline4,,3.787234042553191,0.07891832229580573,4.226666666666667
0.7178213570705052,0.0,715.8357771260996,economy,4.581481481481481,3.399885035447404,30.0,665.0892524256838,airline4,,3.787234042553191,0.12969094922737304,2.7155555555555555
0.7312147661658079,0.0,715.8357771260996,economy,10.0,3.8252538800536504,30.0,672.8314343133065,airline4,,3.787234042553191,0.15618101545253862,2.626666666666667
0.7065140472258702,0.0,715.8357771260996,business,4.581481481481481,3.5761640160950376,27.789907312049433,702.0896798188581,airline4,,3.787234042553191,0.10402869757174392,2.9555555555555557
0.7374632853275738,0.0,715.8357771260996,economy,4.581481481481481,4.763173021651658,27.25231719876416,857.3834444252473,airline4,,3.787234042553191,0.0,5.0
0.7978314121588115,0.0,715.8357771260996,business,4.581481481481481,5.063038896340295,29.462409886714727,920.2211532340935,airline4,,3.787234042553191,0.005242825607064016,5.0
0.7465345575378993,0.0,715.8357771260996,business,4.581481481481481,5.611994634987546,28.17816683831102,1029.4219279978902,airline4,,3.787234042553191,0.04387417218543046,5.0
0.8644219819111816,0.0,715.8357771260996,economy,4.581481481481481,3.1967809925273043,27.550978372811535,1263.487892042303,airline4,,3.787234042553191,0.2734547461368653,2.5733333333333333
0.9755132860693978,0.0,715.8357771260996,economy,4.581481481481481,3.4334163632879866,27.90937178166838,1138.7127281324736,airline4,,3.787234042553191,0.2229580573951435,2.7777777777777777
0.8265837269871557,0.0,715.8357771260996,economy,4.581481481481481,5.184709714504695,28.86508753861998,924.9024725149816,airline4,,3.787234042553191,0.0543598233995585,5.0
0.792373329041244,0.0,715.8357771260996,economy,4.581481481481481,3.2188158651082586,23.787847579814624,1266.998881502969,airline4,,3.787234042553191,0.28725165562913907,2.671111111111111
0.8738811382009282,0.0,715.8357771260996,economy,4.581481481481481,3.6422686338379004,28.835221421215238,973.6061981103767,airline4,,3.787234042553191,0.2585540838852097,2.671111111111111
0.8981858242362472,0.0,715.8357771260996,economy,4.581481481481481,3.7217857827169962,28.566426364572607,1119.8974256381346,airline4,,3.787234042553191,0.26462472406181015,2.537777777777778
0.6957510789044562,0.0,715.8357771260996,economy,4.581481481481481,3.216899789231654,28.38722966014418,1266.998881502969,airline4,,3.787234042553191,0.3504415011037527,2.102222222222222
0.8760813210043668,0.0,715.8357771260996,economy,4.581481481481481,3.2216899789231657,29.19361483007209,1233.509443570461,airline4,,3.787234042553191,0.2842163355408388,2.2533333333333334
0.5216465392557571,0.0,175.01832844574778,economy,2.6462962962962964,2.92661429392604,26.5653964984552,1420.222062581273,airline4,airport1,5.4042553191489375,0.35761589403973504,2.608888888888889
0.5139279720282864,0.0,175.01832844574778,economy,2.6462962962962964,3.735198313853229,25.251287332646754,1465.4147987160018,airline4,airport1,5.4042553191489375,0.2017108167770419,2.6533333333333333
0.5127366137843504,0.0,175.01832844574778,economy,2.6462962962962964,3.201571182218816,20.6519052523172,1515.4689048731918,airline4,airport1,5.4042553191489375,0.21826710816777042,2.5644444444444447
0.5098307427187718,0.0,175.01832844574778,economy,2.6462962962962964,3.8597432458325356,10.019567456230691,1902.9381007374805,airline4,airport1,5.4042553191489375,0.09933774834437085,3.1688888888888886
0.5104141986029429,0.0,175.01832844574778,economy,2.6462962962962964,3.355815290285495,14.230690010298664,2283.3853176804373,airline4,airport1,5.4042553191489375,0.23123620309050769,2.6177777777777775
0.507811463834727,0.0,175.01832844574778,economy,2.6462962962962964,3.6384364820846913,22.055612770339856,2069.665087433731,airline4,airport1,5.4042553191489375,0.12582781456953643,2.7422222222222223
0.509794887887901,0.0,175.01832844574778,economy,2.6462962962962964,4.160567158459475,22.35427394438723,1707.5830461311823,airline4,airport1,5.4042553191489375,0.1432119205298013,3.2133333333333334
0.5083900304237794,0.0,119.64809384164224,economy,2.198148148148148,4.275531711055759,17.575695159629248,1629.891151142595,airline3,,6.425531914893618,0.09133554083885209,3.8622222222222224
0.5097068805757634,0.0,119.64809384164224,economy,2.198148148148148,5.027591492623108,25.012358393408856,1550.6688248506398,airline3,,6.425531914893618,0.1608719646799117,4.093333333333334
0.5101958100876387,0.0,119.64809384164224,economy,2.198148148148148,3.474611994634988,18.71060762100927,1421.8425192554266,airline3,,6.425531914893618,0.21302428256070635,3.7733333333333334
0.5138057396503176,0.0,119.64809384164224,economy,2.198148148148148,4.443188350258671,27.670442842430486,1514.2985750529697,airline3,,6.425531914893618,0.08526490066225166,3.924444444444444
0.5152806770111413,0.0,119.64809384164224,economy,2.198148148148148,3.876029890783675,28.685890834191554,1646.095717884131,airline3,,6.425531914893618,0.10899558498896246,3.4444444444444446
0.5125100764438482,0.0,119.64809384164224,economy,2.198148148148148,2.9572715079517153,26.953656024716786,1772.9414653220451,airline3,,6.425531914893618,0.3380242825607064,2.902222222222222
0.5088251776893483,0.0,119.64809384164224,economy,2.198148148148148,3.483234336079709,20.681771369721933,2035.6354972765052,airline3,,6.425531914893618,0.315121412803532,3.186666666666667
0.5080999322467334,0.0,119.64809384164224,economy,2.198148148148148,5.090821996551065,16.142121524201855,1963.1650737935236,airline3,,6.425531914893618,0.07505518763796909,5.0
0.5118043881817083,22.5,153.77565982404695,economy,1.1592592592592592,4.085840199271892,12.408856848609682,2493.7746092080497,airline4,,4.212765957446808,0.1365894039735099,3.4
0.5194708029279123,22.5,153.77565982404695,economy,1.1592592592592592,3.869323625215559,8.824922760041195,3194.2620192963473,airline4,,4.212765957446808,0.0780905077262693,3.2044444444444444
0.5126111218763024,22.5,153.77565982404695,economy,1.1592592592592592,4.471929488407741,11.751802265705459,3194.2620192963473,airline4,,4.212765957446808,0.1009933774834437,3.6577777777777776
0.5137486978739322,22.5,153.77565982404695,economy,1.1592592592592592,4.247748610844989,6.555097837281154,4916.537387809291,airline4,,4.212765957446808,0.09299116997792493,3.8444444444444446
0.510233294683549,22.5,153.77565982404695,economy,1.1592592592592592,4.04464456792489,9.332646755921733,4916.537387809291,airline4,,4.212765957446808,0.08167770419426049,3.2666666666666666
0.5130902727979402,22.5,153.77565982404695,economy,1.1592592592592592,4.465223222839624,7.988671472708549,4916.537387809291,airline4,,4.212765957446808,0.03145695364238411,3.791111111111111
0.5025342846365534,30.0,136.01539589442817,economy,0.42592592592592626,4.103084882161333,3.090628218331617,4682.291373023307,airline1,,4.553191489361701,0.09105960264900663,3.3200000000000003
0.5013152203869444,30.0,136.01539589442817,economy,0.42592592592592626,3.9153094462540725,5.748712667353244,4682.291373023307,airline1,,4.553191489361701,0.07312362030905077,3.1422222222222222
0.5012206940146485,40.0,50.0,economy,0.8537037037037033,5.132975665836367,9.69104016477858,4168.066455091889,airline5,,3.5319148936170217,0.03421633554083885,5.0
0.5055069760687549,40.0,86.91348973607039,economy,0.4870370370370374,4.569649358114582,10.318228630278064,5663.0277623693955,airline2,,2.0,0.06484547461368653,3.5155555555555553
0.5065744721696825,40.0,86.91348973607039,economy,0.4870370370370374,4.3972025292201575,11.064881565396501,5663.0277623693955,airline2,,2.0,0.1898454746136865,3.248888888888889
0.505110943164136,40.0,86.91348973607039,economy,0.4870370370370374,4.557194864916651,11.572605561277033,5663.0277623693955,airline2,,2.0,0.13493377483443708,3.631111111111111
0.504103748369673,47.5,85.17228739002933,economy,0.466666666666667,4.270741521364246,4.703398558187436,5973.075139357456,airline3,,5.74468085106383,0.0780905077262693,3.6577777777777776
0.5018677107353635,47.5,85.17228739002933,economy,0.466666666666667,4.4240275914926235,4.285272914521112,5973.075139357456,airline3,,5.74468085106383,0.07505518763796909,3.48
0.5045845290563503,41.25,104.67375366568915,economy,0.7111111111111105,3.49185667752443,11.602471678681773,4727.6641598996075,airline2,,3.787234042553191,0.1572847682119205,2.6977777777777776
0.5025179869861576,41.25,104.67375366568915,economy,0.7111111111111105,4.879095612186243,4.822863027806385,4727.6641598996075,airline2,,3.787234042553191,0.03807947019867549,4.315555555555555
0.5046904637839232,47.5,127.30938416422289,economy,0.7335185185185188,5.111898831193716,10.04943357363543,3690.571888441288,airline5,,3.787234042553191,0.05739514348785872,4.866666666666667
0.5022441864595074,47.5,127.30938416422289,economy,0.7335185185185188,5.285303698026443,9.661174047373843,3690.571888441288,airline5,,3.787234042553191,0.031732891832229576,5.0
0.5212032431649902,0.0,402.7675953079179,economy,2.2185185185185183,3.2322283962444915,6.794026776519053,2634.9343906009876,airline5,,7.106382978723405,0.25220750551876375,2.5644444444444447
0.5364040616891919,0.0,402.7675953079179,economy,2.2185185185185183,3.6489748994060163,15.813594232749743,3003.588283970937,airline5,,7.106382978723405,0.2549668874172185,2.724444444444444
0.5400384377274646,0.0,402.7675953079179,economy,2.2185185185185183,3.1287602989078374,21.846549948506695,3003.588283970937,airline5,,7.106382978723405,0.45060706401766,2.5555555555555554
0.5211136060878131,0.0,402.7675953079179,business,2.2185185185185183,3.3979689595707994,17.784757981462413,2899.4289299711736,airline5,,7.106382978723405,0.35678807947019864,2.724444444444444
0.5699804810347052,0.0,402.7675953079179,business,2.2185185185185183,2.708181643993103,30.0,2571.5565295674237,airline5,,7.106382978723405,0.5894039735099337,2.333333333333333
0.5274028693755685,0.0,402.7675953079179,business,2.2185185185185183,3.2983330139873543,27.640576725025742,2573.447062353936,airline5,,7.106382978723405,0.4288079470198675,2.4844444444444447
0.5602132991524772,0.0,402.7675953079179,business,2.2185185185185183,2.7656639202912436,26.595262615859937,2382.5032509161674,airline5,,7.106382978723405,0.613962472406181,2.271111111111111
0.5343668553897116,0.0,402.7675953079179,business,2.2185185185185183,3.1517532094270937,16.20185375901133,2371.340104938665,airline5,,7.106382978723405,0.3945916114790287,2.546666666666667
0.5218714468312198,0.0,402.7675953079179,economy,2.2185185185185183,3.695918758382833,9.78063851699279,2634.9343906009876,airline5,,7.106382978723405,0.21109271523178808,3.0533333333333337
0.5461598352161428,0.0,402.7675953079179,economy,2.2185185185185183,2.7733282237976624,3.0607621009268797,2312.733588556775,airline5,,7.106382978723405,0.7676600441501104,2.6622222222222223
0.5312425958088288,0.0,402.7675953079179,economy,2.2185185185185183,3.5110174362904782,12.797116374871267,2634.9343906009876,airline5,,7.106382978723405,0.21357615894039733,2.7777777777777777
0.5064017170754866,0.0,517.6869501466276,business,3.461111111111112,3.2293542824295844,16.85890834191555,1884.7529758386452,airline4,,5.234042553191488,0.32505518763796903,2.626666666666667
0.5103995307175867,0.0,517.6869501466276,economy,3.461111111111112,3.951714887909562,25.54994850669413,2162.931371568351,airline4,,5.234042553191488,0.21964679911699775,3.1066666666666665
0.5170098577181401,0.0,517.6869501466276,business,3.461111111111112,3.2897106725426326,28.14830072090628,1684.176449726741,airline4,,5.234042553191488,0.44674392935982343,2.466666666666667
0.5175900540722321,0.0,517.6869501466276,business,3.461111111111112,3.6940026825062278,27.73017507723996,2110.8967072538626,airline4,,5.234042553191488,0.24199779249448122,2.6
0.5573302447974529,0.0,249.89002932551324,business,2.5851851851851855,4.247748610844989,26.5653964984552,1659.3294473897188,airline6,airport5,6.085106382978722,0.22019867549668873,2.928888888888889
0.5654171389238696,0.0,249.89002932551324,business,2.5851851851851855,3.4937727534010348,27.401647785787848,1827.0467131646192,airline6,airport5,6.085106382978722,0.5444260485651214,2.4844444444444447
0.6005956173032941,0.0,249.89002932551324,business,2.5851851851851855,4.17876987928722,23.339855818743562,2028.7935690967456,airline6,airport5,6.085106382978722,0.22626931567328915,3.0
0.5991516454782225,0.0,249.89002932551324,economy,2.5851851851851855,3.9287219773903055,24.26570545829042,2028.7935690967456,airline6,airport5,6.085106382978722,0.16197571743929357,3.2311111111111113
0.5503613694881908,0.0,249.89002932551324,economy,2.524074074074074,5.5075684997125895,23.519052523171986,1688.7677436368433,airline6,airport5,6.085106382978722,0.06650110375275937,4.5377777777777775
0.5848471977257922,0.0,249.89002932551324,economy,2.524074074074074,5.94730791339337,24.922760041194643,1688.7677436368433,airline6,airport5,6.085106382978722,0.08002207505518763,5.0
0.5612498297176527,0.0,249.89002932551324,economy,2.524074074074074,5.291051925656256,25.968074150360454,1978.0192599732652,airline6,airport5,6.085106382978722,0.03863134657836644,3.897777777777778
0.5661782391973553,0.0,249.89002932551324,economy,2.524074074074074,4.450852653765089,23.99691040164779,1978.0192599732652,airline6,airport5,6.085106382978722,0.12775938189845476,3.3644444444444446
0.5475679522103436,0.0,249.89002932551324,economy,2.524074074074074,4.951906495497222,5.2111225540679715,2121.5197010066477,airline6,airport5,6.085106382978722,0.06043046357615894,4.706666666666667
0.5709697484137328,0.0,249.89002932551324,economy,2.524074074074074,3.8654914734623493,6.525231719876416,2121.5197010066477,airline6,airport5,6.085106382978722,0.05601545253863134,3.3555555555555556
0.5864883711206534,0.0,249.89002932551324,economy,2.524074074074074,3.3184518106917036,20.47270854788877,2388.3549000172775,airline6,airport5,6.085106382978722,0.2737306843267108,2.7155555555555555
0.5744215907675722,0.0,249.89002932551324,economy,2.524074074074074,4.689404100402376,23.100926879505664,2388.3549000172775,airline6,airport5,6.085106382978722,0.09713024282560706,3.373333333333333
0.5927287414572212,0.0,249.89002932551324,economy,2.5851851851851855,5.575589193332056,22.025746652935116,2538.6072438596334,airline6,airport5,6.085106382978722,0.020419426048565125,4.262222222222222
0.5529918102620797,0.0,249.89002932551324,economy,2.5851851851851855,5.489365778884845,21.159629248197735,2370.7099273431604,airline6,airport5,6.085106382978722,0.061258278145695365,4.848888888888888
0.571968794382998,0.0,249.89002932551324,business,2.5851851851851855,4.03219007472696,19.994850669412976,2370.7099273431604,airline6,airport5,6.085106382978722,0.17439293598233996,3.1333333333333333
0.5528255742280421,0.0,249.89002932551324,economy,2.5851851851851855,3.419045794213451,18.50154479917611,2370.7099273431604,airline6,airport5,6.085106382978722,0.25248344370860926,2.688888888888889
0.5838122969256562,0.0,249.89002932551324,business,2.5851851851851855,3.941176470588236,22.981462409886714,2817.3257918140566,airline6,airport5,6.085106382978722,0.21550772626931564,2.786666666666667
0.58238625251602,0.0,249.89002932551324,economy,2.5851851851851855,4.637670051734049,21.518022657054583,2817.3257918140566,airline6,airport5,6.085106382978722,0.08278145695364239,3.3555555555555556
0.5124057714813148,15.0,205.66348973607037,economy,0.9759259259259256,3.7974707798428824,5.659114315139032,4655.553837899772,airline7,,5.4042553191489375,0.12775938189845476,2.6622222222222223
0.5140485746412157,15.0,205.66348973607037,economy,0.9759259259259256,3.9172255221306767,12.737384140061796,4655.553837899772,airline7,,5.4042553191489375,0.1556291390728477,2.626666666666667
0.517433596628432,15.0,205.66348973607037,economy,0.9759259259259256,4.1960145621766625,16.351184346035016,4787.170929989361,airline7,,5.4042553191489375,0.266280353200883,2.511111111111111
0.5162650550950502,15.0,205.66348973607037,economy,0.9759259259259256,3.4276681356581724,19.576725025746654,4787.170929989361,airline7,,5.4042553191489375,0.2944260485651214,2.3422222222222224
0.515740270752304,15.0,205.66348973607037,economy,0.9759259259259256,3.679632113431692,15.933058702368692,5416.80837326883,airline7,,5.4042553191489375,0.2618653421633554,2.528888888888889
0.5197609011049582,15.0,205.66348973607037,economy,0.9759259259259256,3.7131634412722745,2.463439752832132,5416.80837326883,airline7,,5.4042553191489375,0.09547461368653422,2.6622222222222223
0.5325561864307337,11.0,238.04985337243403,economy,1.0370370370370368,2.9467330906303895,22.981462409886714,6244.501632278188,airline8,,7.531914893617023,0.29718543046357615,2.12
0.530152282997347,11.0,238.04985337243403,economy,1.0370370370370368,2.958229545890018,21.099897013388258,6244.501632278188,airline8,,7.531914893617023,0.461644591611479,2.2
0.5543542938351721,11.0,238.04985337243403,economy,1.0370370370370368,3.4401226288561024,10.557157569515963,6335.067155289219,airline8,,7.531914893617023,0.20502207505518763,2.7155555555555555
0.5310062798780891,11.0,238.04985337243403,economy,1.0370370370370368,3.553171105575781,23.787847579814624,6335.067155289219,airline8,,7.531914893617023,0.23233995584988962,2.3777777777777778
0.5257616959807072,11.0,238.04985337243403,economy,1.0370370370370368,3.751484958804369,14.798146240988672,6128.909056188563,airline8,,7.531914893617023,0.21495584988962468,2.7333333333333334
0.5300544970949719,11.0,238.04985337243403,economy,1.0370370370370368,4.0245257712205404,5.360453141091658,6128.909056188563,airline8,,7.531914893617023,0.13327814569536423,2.884444444444444
0.5218355920003489,11.0,238.04985337243403,economy,1.0370370370370368,3.8032190074726966,4.016477857878476,5741.980012548991,airline8,,7.531914893617023,0.1150662251655629,2.724444444444444
0.5338616282274405,11.0,238.04985337243403,economy,1.0370370370370368,3.75627514849588,2.791967044284243,5741.980012548991,airline8,,7.531914893617023,0.05132450331125827,2.76
0.5123682868854044,11.0,238.04985337243403,economy,1.0370370370370368,4.2534968384748035,2.164778578784758,7101.363111422311,airline8,,7.531914893617023,0.04966887417218542,3.186666666666667
0.5590985398654016,11.0,238.04985337243403,economy,1.0370370370370368,5.500862234144473,2.642636457260556,7101.363111422311,airline8,,7.531914893617023,0.0499448123620309,4.359999999999999
0.506823826220739,40.0,160.74046920821115,economy,0.24259259259259272,3.4401226288561024,9.69104016477858,7383.682674208186,airline1,,5.234042553191488,0.1335540838852097,2.502222222222222
0.5047523948554274,40.0,160.74046920821115,economy,0.24259259259259272,3.2178578271699565,5.838311019567458,7383.682674208186,airline1,,5.234042553191488,0.2075055187637969,2.413333333333333
0.5014765671258633,45.0,164.5711143695015,economy,0.28333333333333355,4.729641693811075,10.348094747682804,4787.170929989361,airline3,,4.808510638297873,0.03807947019867549,4.466666666666667
0.5986366397257139,10.0,172.23240469208213,economy,5.437037037037037,5.927189116689022,26.087538619979405,704.4303394593022,airline4,,2.340425531914894,0.09354304635761589,5.0
0.6071065286364329,10.0,172.23240469208213,economy,5.437037037037037,4.61371910327649,30.0,788.6940865152907,airline4,,2.340425531914894,0.1672185430463576,3.7555555555555555
0.6059885098192781,10.0,172.23240469208213,economy,5.437037037037037,4.143322475570033,30.0,893.2135419981995,airline4,,2.340425531914894,0.14266004415011035,3.2311111111111113
0.5869952280479641,10.0,172.23240469208213,economy,5.437037037037037,4.489174171297185,24.564366632337794,984.4992679755203,airline4,,2.340425531914894,0.21688741721854302,3.5599999999999996
0.5860189987892532,10.0,172.23240469208213,economy,5.437037037037037,4.7928721977390305,26.83419155509784,1009.436295683329,airline4,,2.340425531914894,0.15259381898454744,4.386666666666667
0.5837405872639145,10.0,172.23240469208213,economy,5.437037037037037,5.6340295075685,27.46138002059732,1143.3040220425758,airline4,,2.340425531914894,0.11534216335540838,4.893333333333333
0.6334679781517071,10.0,172.23240469208213,economy,5.437037037037037,4.607970875646676,28.357363542739446,954.5208195036785,airline4,,2.340425531914894,0.2626931567328918,3.311111111111111
0.5886184740273899,10.0,172.23240469208213,economy,5.437037037037037,4.492048285112092,27.491246138002058,820.6530931444316,airline4,,2.340425531914894,0.1757726269315673,3.8
0.6230961534397933,10.0,172.23240469208213,economy,5.437037037037037,2.9151178386664114,18.889804325437694,871.4274022679119,airline4,,2.340425531914894,0.24061810154525382,2.582222222222222
0.627020627655112,10.0,172.23240469208213,economy,5.437037037037037,4.308105000958038,25.40061791967044,1003.2245450990732,airline4,,2.340425531914894,0.3603752759381898,3.2844444444444445
0.5932258197942945,10.0,172.23240469208213,economy,3.9703703703703694,5.5372676757999635,20.14418125643666,1263.1277905591578,airline4,,2.340425531914894,0.15756070640176603,5.0
0.5870587888845079,10.0,172.23240469208213,economy,3.9703703703703694,4.744970300823913,15.84346035015448,1668.602060580709,airline4,,2.340425531914894,0.03945916114790287,4.4222222222222225
0.5137438085788134,10.0,276.35630498533726,business,1.7092592592592597,3.2600114964552596,18.50154479917611,2609.8173121516065,airline3,,7.106382978723405,0.3289183222958057,2.395555555555555
0.5477260394191832,10.0,276.35630498533726,economy,1.7092592592592597,3.198697068403909,12.707518022657055,3070.297083723595,airline3,,7.106382978723405,0.31098233995584984,2.431111111111111
0.525390109551682,10.0,276.35630498533726,economy,1.7092592592592597,3.5665836367120143,5.00205973223481,3070.297083723595,airline3,,7.106382978723405,0.13410596026490063,2.7955555555555556
0.5176470958486176,10.0,276.35630498533726,economy,1.7092592592592597,3.852078942326117,17.665293511843466,2609.8173121516065,airline3,,7.106382978723405,0.16556291390728475,2.724444444444444
0.5351312151932767,10.0,276.35630498533726,business,1.7092592592592597,4.956696685188733,15.60453141091658,3014.0312269821497,airline3,,7.106382978723405,0.13383002207505518,3.684444444444445
0.5081683823783959,20.0,257.2030791788857,business,1.3629629629629632,4.062847288752635,9.959835221421216,2753.9479307804927,airline5,,6.255319148936172,0.04966887417218542,3.4355555555555553
0.5146222519351493,20.0,257.2030791788857,economy,1.3629629629629632,4.154818930829661,12.916580844490216,2924.726059162127,airline5,,6.255319148936172,0.03449227373068432,3.4
0.5160319986943896,20.0,257.2030791788857,business,1.3629629629629632,4.550488599348535,14.768280123583935,3392.7679618801667,airline5,,6.255319148936172,0.11920529801324503,3.506666666666667
0.5089555588925151,20.0,257.2030791788857,business,1.3629629629629632,4.127993868557195,8.376930998970135,3460.8271421946183,airline5,,6.255319148936172,0.06705298013245033,3.497777777777778
0.5119722539807854,20.0,257.2030791788857,economy,1.3629629629629632,3.7984288177811845,9.720906282183316,2810.3938382635106,airline5,,6.255319148936172,0.15066225165562916,3.1422222222222222
0.5332569853977548,10.0,149.94501466275662,economy,1.2794444444444448,4.1145813374209625,9.750772399588056,2774.743791432131,airline4,,3.957446808510639,0.08609271523178806,3.6755555555555555
0.504801287806615,10.0,149.94501466275662,economy,1.2794444444444448,5.0802835792297385,19.39752832131823,3309.4944939028273,airline4,,3.957446808510639,0.05601545253863134,4.591111111111111
0.5050082679666422,10.0,149.94501466275662,economy,1.2794444444444448,4.26403525579613,11.244078269824925,3804.634033227546,airline4,,3.957446808510639,0.07891832229580573,3.7022222222222223
0.5089588184225943,10.0,149.94501466275662,business,1.2794444444444448,4.912626940026825,14.977342945417098,3775.1057116096354,airline4,,3.957446808510639,0.035320088300220744,4.644444444444444
0.5014162658193987,45.0,76.11803519061584,business,0.42592592592592626,5.178961486874881,7.540679711637488,4381.066482372305,airline1,,2.851063829787234,0.03945916114790287,5.0
0.5004465556208461,45.0,137.40835777126102,economy,0.4055555555555559,4.378999808392413,6.346035015447993,5661.497331066027,airline1,,4.297872340425533,0.16887417218543044,3.4177777777777782
0.5007562109783671,27.500000000000004,112.3350439882698,economy,0.18148148148148158,3.7706457175704164,9.661174047373843,5661.497331066027,airline1,,4.297872340425533,0.1793598233995585,2.511111111111111
0.5021724767977657,40.0,95.27126099706746,economy,0.1,3.557003257328991,9.541709577754894,7265.65941310733,airline1,,6.76595744680851,0.30905077262693154,2.3422222222222224
0.5052788089632132,26.25,219.24486803519065,economy,0.5074074074074078,3.5368844606246403,9.481977342945418,5670.409842773873,airline7,,5.4042553191489375,0.14928256070640175,2.6177777777777775
0.5064506100266742,26.25,219.24486803519065,economy,0.5074074074074078,3.6384364820846913,13.752832131822865,5670.409842773873,airline7,,5.4042553191489375,0.16197571743929357,2.537777777777778
0.5059730888700761,26.25,219.24486803519065,economy,0.5074074074074078,3.8779459666602802,6.973223480947477,5670.409842773873,airline7,,5.4042553191489375,0.2146799116997792,2.76
0.5046774256636066,40.0,206.35997067448682,economy,0.629629629629629,4.161525196397777,8.466529351184345,3689.4015586210658,airline5,,7.617021276595744,0.04415011037527594,3.088888888888889
0.5118223155971436,40.0,206.35997067448682,economy,0.629629629629629,4.436482084690554,8.406797116374872,3689.4015586210658,airline5,,7.617021276595744,0.050496688741721855,3.871111111111111
0.5048615891130797,40.0,206.35997067448682,economy,0.629629629629629,3.940218432649933,7.122554067971164,3689.4015586210658,airline5,,7.617021276595744,0.08195364238410596,3.0355555555555553
0.5124399965471461,0.0,518.7316715542522,economy,1.1592592592592592,3.4583253496838475,5.629248197734294,4036.899489856232,airline5,,4.8936170212765955,0.18901766004415008,2.6799999999999997
0.5123324320545335,0.0,518.7316715542522,economy,1.1592592592592592,3.34527687296417,12.767250257466529,4036.899489856232,airline5,,4.8936170212765955,0.23923841059602646,2.4844444444444447
0.5200461099868855,0.0,518.7316715542522,economy,1.1592592592592592,3.9862042536884466,9.422245108135943,4448.945611945184,airline5,,4.8936170212765955,0.12527593818984545,3.097777777777778
0.507725086287629,0.0,518.7316715542522,economy,1.1592592592592592,3.862617359647443,15.365602471678683,4448.945611945184,airline5,,4.8936170212765955,0.15618101545253862,2.9644444444444447
0.5219545648482385,0.0,518.7316715542522,economy,1.1592592592592592,3.1354665644759536,17.4562306900103,4772.6768452927645,airline5,,4.8936170212765955,0.38934878587196464,2.3600000000000003
0.5095080492409341,35.0,111.9868035190616,economy,0.4055555555555559,3.667177620233762,6.136972193614832,6130.079386008783,airline4,,3.872340425531916,0.08940397350993376,2.5555555555555554
0.5080331118801105,35.0,111.9868035190616,economy,0.4055555555555559,4.333972025292202,3.120494335736354,6130.079386008783,airline4,,3.872340425531916,0.08305739514348787,3.1333333333333333
0.5061686606748261,35.0,111.9868035190616,economy,0.4055555555555559,4.1711055757808015,14.290422245108138,6130.079386008783,airline4,,3.872340425531916,0.11975717439293597,2.76
0.5047344674399921,17.0,246.05938416422288,economy,1.0777777777777777,3.9018969151178386,12.199794026776521,4026.9966990697376,airline8,,4.97872340425532,0.21440397350993376,2.511111111111111
0.5140713913517698,17.0,246.05938416422288,economy,1.0777777777777777,3.8108833109791154,5.629248197734294,4026.9966990697376,airline8,,4.97872340425532,0.19150110375275936,2.902222222222222
0.5152676388908246,17.0,246.05938416422288,economy,1.0777777777777777,4.277447786932363,5.4201853759011325,4026.9966990697376,airline8,,4.97872340425532,0.08636865342163356,3.497777777777778
0.5079581426882895,16.5,109.89736070381232,economy,1.8722222222222218,4.520789423261162,12.408856848609682,2703.8938246233033,airline8,airport3,6.936170212765957,0.14348785871964678,3.7644444444444445
0.5078994711468645,16.5,109.89736070381232,economy,1.8722222222222218,3.9268059015137,17.486096807415038,2116.9284070965455,airline8,airport3,6.936170212765957,0.19867549668874168,3.08
0.5111981155869829,16.5,109.89736070381232,economy,1.8722222222222218,4.697068403908795,21.607621009268797,1873.1397030072114,airline8,airport3,6.936170212765957,0.13079470198675497,3.5244444444444443
0.507007989670212,16.5,109.89736070381232,economy,1.8722222222222218,4.150028741138149,21.129763130793,1948.3108876137821,airline8,airport3,6.936170212765957,0.1600441501103753,3.062222222222222
0.5793141454164038,0.0,378.73900293255133,economy,3.33888888888889,3.945008622341445,24.77342945417096,2069.665087433731,airline5,,6.936170212765957,0.07753863134657836,2.582222222222222
0.5559139789780542,0.0,378.73900293255133,economy,3.33888888888889,3.3098294692469827,23.04119464469619,1876.1105402431597,airline5,,6.936170212765957,0.22737306843267108,2.3600000000000003
0.9284913051473149,0.0,378.73900293255133,economy,3.33888888888889,2.3527495688829276,11.423274974253347,1351.1726031881715,airline5,,6.936170212765957,0.3010485651214128,1.9866666666666668
0.6277882469887561,0.0,378.73900293255133,economy,3.33888888888889,3.453535159992336,15.903192584963955,1460.0132764688228,airline5,,6.936170212765957,0.1172737306843267,2.52
0.5416193098158613,0.0,378.73900293255133,economy,3.33888888888889,3.3586894041004025,27.132852729145213,1634.3924196819103,airline5,,6.936170212765957,0.27566225165562913,2.28
0.5428725991313015,0.0,378.73900293255133,economy,3.33888888888889,3.5914926231078756,24.86302780638517,2020.4212096136184,airline5,,6.936170212765957,0.17025386313465782,2.4755555555555557
0.5591409137564308,0.0,378.73900293255133,economy,3.33888888888889,3.879862042536885,26.207003089598352,2326.0573434331495,airline5,,6.936170212765957,0.2083333333333333,2.671111111111111
0.5402943108386793,0.0,378.73900293255133,economy,3.33888888888889,3.0540333397202533,23.339855818743562,2634.574289117842,airline5,,6.936170212765957,0.26959161147902866,1.9955555555555555
0.5508405204098286,0.0,378.73900293255133,economy,3.33888888888889,3.2542632688254454,24.98249227600412,2682.827887859306,airline5,,6.936170212765957,0.45805739514348776,2.137777777777778
0.5389350867956662,0.0,378.73900293255133,economy,3.33888888888889,3.127802260969535,21.54788877445932,2712.626285589575,airline5,,6.936170212765957,0.3921081677704194,2.3155555555555556
0.5644898026163461,0.0,378.73900293255133,economy,3.33888888888889,3.7026250239509486,20.20391349124614,2263.219634624303,airline5,,6.936170212765957,0.23813465783664456,2.608888888888889
0.576460426832092,0.0,378.73900293255133,economy,3.33888888888889,3.444912818547615,17.6951596292482,2685.798725095254,airline5,,6.936170212765957,0.30353200883002207,2.4222222222222225
0.5262848505584137,0.0,290.9824046920821,economy,2.3000000000000003,3.7447786932362526,15.753861997940268,3170.585346779547,airline4,,7.95744680851064,0.15093818984547464,2.671111111111111
0.528564891848792,0.0,290.9824046920821,economy,2.3000000000000003,3.696876796321135,16.351184346035016,3170.585346779547,airline4,,7.95744680851064,0.14183222958057395,2.608888888888889
0.5561975580949418,0.0,290.9824046920821,economy,2.3000000000000003,3.3759340869898455,15.037075180226571,3333.2611917904137,airline4,,7.95744680851064,0.16473509933774835,2.368888888888889
0.5452422774988569,0.0,290.9824046920821,economy,2.3000000000000003,3.0569074535351604,22.324407826982494,3333.2611917904137,airline4,,7.95744680851064,0.2762141280353201,2.2
0.5545596442301597,0.0,290.9824046920821,economy,2.3000000000000003,3.7342402759149262,12.110195674562307,3333.2611917904137,airline4,,7.95744680851064,0.12113686534216336,2.7777777777777777
0.5302386605444449,0.0,290.9824046920821,economy,2.3000000000000003,3.7495688829277642,4.524201853759012,3958.7574680137122,airline4,,7.95744680851064,0.092439293598234,2.7422222222222223
0.548428468151244,0.0,290.9824046920821,economy,2.3000000000000003,3.635562368269784,8.76519052523172,3958.7574680137122,airline4,,7.95744680851064,0.12196467991169976,2.6
0.5382522152440804,0.0,290.9824046920821,economy,2.3000000000000003,3.416171680398544,13.185375901132854,3958.7574680137122,airline4,,7.95744680851064,0.30518763796909487,2.528888888888889
0.5097541437619113,0.0,146.8108504398827,economy,1.6277777777777782,3.2101935236635377,7.839340885684862,3777.536396620866,airline5,,5.659574468085106,0.22737306843267108,2.271111111111111
0.5099285286211468,0.0,146.8108504398827,economy,1.6277777777777782,3.6556811649741334,5.270854788877446,3777.536396620866,airline5,,5.659574468085106,0.15480132450331124,2.5644444444444447
0.5063756408348533,0.0,146.8108504398827,economy,1.6277777777777782,3.474611994634988,9.750772399588056,4370.803590102665,airline5,,5.659574468085106,0.2030905077262693,2.3155555555555556
0.5071562982888141,17.5,245.01466275659826,economy,1.1775925925925927,3.054991377658556,8.615859938208034,5061.388209404468,airline1,,5.659574468085106,0.2952538631346578,2.075555555555556
0.5046187541221816,17.5,245.01466275659826,economy,1.1775925925925927,3.3663537076068213,7.092687950566427,5061.388209404468,airline1,,5.659574468085106,0.16832229580573949,2.28
0.5072540841911892,0.0,214.7177419354839,economy,2.7481481481481485,3.639394520022993,11.51287332646756,4897.271958461021,airline4,,8.46808510638298,0.10899558498896246,2.528888888888889
0.5050620502129485,0.0,214.7177419354839,economy,2.7481481481481485,3.6336462923931787,11.63233779608651,4897.271958461021,airline4,,8.46808510638298,0.13852097130242824,2.395555555555555
0.5054254878167758,0.0,214.7177419354839,economy,2.7481481481481485,3.3721019352366355,10.437693099897015,4471.361929270976,airline4,,8.46808510638298,0.17328918322295803,2.431111111111111
0.5045551932856378,0.0,214.7177419354839,economy,2.7481481481481485,3.21115156160184,13.961894953656024,3792.390582800607,airline4,,8.46808510638298,0.222682119205298,2.2888888888888888
0.5039261039803583,0.0,214.7177419354839,economy,2.7481481481481485,3.2360605479977007,17.9340885684861,4137.997981249261,airline4,,8.46808510638298,0.24365342163355408,2.2
0.504357991715848,0.0,214.7177419354839,economy,2.7481481481481485,3.3931787698792877,11.27394438722966,3415.2743045767443,airline4,,8.46808510638298,0.18708609271523177,2.3866666666666667
0.507928806917577,0.0,214.7177419354839,economy,2.7481481481481485,3.3222839624449136,13.69309989701339,3415.2743045767443,airline4,,8.46808510638298,0.22102649006622516,2.2444444444444445
0.5089946732534651,0.0,214.7177419354839,economy,2.7481481481481485,3.305997317493773,17.605561277033985,3415.2743045767443,airline4,,8.46808510638298,0.20860927152317876,2.2177777777777776
0.5010903128114819,17.5,86.91348973607039,economy,1.261111111111111,4.525579612952673,14.857878475798145,5418.968982167702,airline1,,4.468085106382979,0.10375275938189846,3.4622222222222225
0.503041141563864,0.0,99.79838709677419,economy,2.80925925925926,3.8539950182027214,17.963954685890837,4724.873373405232,airline1,,4.808510638297873,0.1909492273730684,2.022222222222222
0.5031144809906454,27.500000000000004,165.6158357771261,economy,2.1166666666666663,4.003448936577889,16.9783728115345,4243.417690440034,airline4,,6.255319148936172,0.15038631346578363,2.6799999999999997
0.5039391421006749,27.500000000000004,165.6158357771261,economy,2.1166666666666663,4.173979689595708,8.526261585993822,4903.5737344160625,airline4,,6.255319148936172,0.07947019867549669,3.328888888888889
0.5040434470632084,0.0,186.858504398827,economy,1.261111111111111,3.3500670626556817,14.61894953656025,6297.346524929753,airline3,,7.276595744680852,0.24282560706401762,2.111111111111111
0.5090126006689005,0.0,186.858504398827,economy,1.261111111111111,3.238934661812608,15.753861997940268,6297.346524929753,airline3,,7.276595744680852,0.3018763796909492,2.0844444444444443
0.5020176491190053,42.5,178.50073313782994,economy,0.9962962962962959,3.8310021076834646,8.406797116374872,6767.008884321945,airline5,,6.510638297872339,0.12775938189845476,2.608888888888889
0.5014162658193987,40.0,103.97727272727272,economy,1.1185185185185185,3.945008622341445,9.00411946446962,6594.790350007728,airline5,,5.74468085106383,0.11754966887417218,2.7333333333333334
0.5036946773447374,20.0,77.51099706744868,economy,0.9962962962962959,4.236252155585362,10.437693099897015,6998.194036501196,airline1,,8.042553191489361,0.11479028697571744,2.92
0.5090924591558401,20.0,77.51099706744868,economy,0.9962962962962959,3.8060931212876032,13.394438722966015,6998.194036501196,airline1,,8.042553191489361,0.1172737306843267,2.591111111111111
0.5119266205596771,30.0,92.83357771260998,economy,0.629629629629629,3.8913584977965128,10.855818743563336,8725.060698924242,airline5,,6.851063829787234,0.10375275938189846,2.6977777777777776
0.5107760064417306,30.0,92.83357771260998,economy,0.629629629629629,3.2255221306763753,5.659114315139032,8725.060698924242,airline5,,6.851063829787234,0.1672185430463576,2.208888888888889
0.5017552569476321,45.0,104.32551319648094,economy,0.6092592592592586,4.034106150603564,10.915550978372812,10000.0,airline4,,5.74468085106383,0.07643487858719647,3.2311111111111113
0.5059796079302343,40.0,100.49486803519062,economy,0.6703703703703697,3.0137957463115543,6.674562306900103,8612.889086924495,airline5,,10.0,0.17439293598233996,2.1733333333333333
0.5163416540519106,40.0,100.49486803519062,economy,0.6703703703703697,3.2753401034680976,5.957775489186406,8612.889086924495,airline5,,10.0,0.10596026490066225,2.3866666666666667
1.9629814044932958,0.0,664.2961876832845,business,7.942592592592592,3.539758574439548,29.22348094747683,993.5918304249379,airline9,,8.46808510638298,0.4379139072847682,2.137777777777778
1.1263806357837056,0.0,664.2961876832845,business,7.942592592592592,3.715079517148879,27.312049433573634,1338.389000536515,airline9,,8.46808510638298,0.31843267108167767,2.4844444444444447
1.3467362774907643,0.0,664.2961876832845,business,7.942592592592592,3.4583253496838475,25.042224510813597,1534.1941819967449,airline9,,8.46808510638298,0.2690397350993377,2.5733333333333333
1.1934633945780302,0.0,664.2961876832845,economy,7.942592592592592,3.4439547806093125,24.415036045314107,1341.8999899971811,airline9,,8.46808510638298,0.3018763796909492,2.5644444444444447
1.239196231353802,0.0,664.2961876832845,economy,7.942592592592592,3.7179536309637866,26.416065911431513,1350.0922987387357,airline9,,8.46808510638298,0.1672185430463576,2.7777777777777777
1.1242847579428004,0.0,664.2961876832845,economy,7.942592592592592,3.5771220540333406,27.34191555097837,1149.6057979976176,airline9,,8.46808510638298,0.34381898454746135,2.3244444444444445
1.0984334248849161,0.0,664.2961876832845,economy,7.942592592592592,2.7254263268825447,28.86508753861998,976.8471114586839,airline9,,8.46808510638298,0.2334437086092715,2.4044444444444446
1.1871203490439686,0.0,664.2961876832845,business,7.942592592592592,3.147921057673884,26.714727085478884,797.7866489647083,airline9,,8.46808510638298,0.3562362030905077,2.048888888888889
1.065195996667636,0.0,664.2961876832845,business,6.883333333333333,6.0,24.89289392378991,797.7866489647083,airline9,,8.46808510638298,0.09823399558498896,2.502222222222222
1.2414697535840218,0.0,664.2961876832845,economy,6.883333333333333,1.0,26.38619979402678,535.3626931226073,airline9,,8.46808510638298,0.14873068432671083,3.0
1.1014859748040573,0.0,664.2961876832845,economy,6.883333333333333,2.3431691894999043,27.431513903192588,660.5879838863681,airline9,,8.46808510638298,0.33857615894039733,2.502222222222222
2.7027708703215065,0.0,664.2961876832845,economy,5.111111111111112,1.2893274573673117,30.0,442.99666269585066,airline9,,8.46808510638298,0.3200883002207505,2.608888888888889
1.2972647597141864,0.0,664.2961876832845,economy,5.111111111111112,2.3498754550680205,30.0,282.6614773254281,airline9,,8.46808510638298,0.04221854304635761,5.0
1.4230435064091354,0.0,664.2961876832845,business,5.111111111111112,3.990994443379958,29.044284243048402,304.4476170557158,airline9,,8.46808510638298,0.05518763796909492,5.0
1.56463423351813,0.0,664.2961876832845,business,5.111111111111112,4.310021076834643,29.253347064881563,165.53846993243548,airline9,,8.46808510638298,0.03394039735099338,5.0
2.003617965990288,0.0,664.2961876832845,economy,5.111111111111112,3.5435907261927575,30.0,135.56002146059353,airline9,,8.46808510638298,0.21523178807947016,5.0
1.8463374908452164,0.0,664.2961876832845,business,5.864814814814816,3.216899789231654,26.893923789907312,100.0,airline9,,8.46808510638298,0.19729580573951436,5.0
2.309329292115489,0.0,664.2961876832845,economy,5.864814814814816,2.28856102701667,30.0,140.15131537069536,airline9,,8.46808510638298,0.9116997792494482,1.7822222222222224
3.513741954018596,0.0,664.2961876832845,economy,5.864814814814816,1.55278789040046,30.0,106.66187743818719,airline9,,8.46808510638298,1.0,1.7822222222222224
3.6947925522660032,0.0,664.2961876832845,economy,5.9259259259259265,4.5945583445104425,29.372811534500517,268.07736725804557,airline9,,8.46808510638298,0.32312362030905073,1.8888888888888888
2.9905547810112814,0.0,664.2961876832845,economy,5.9259259259259265,3.958421153477678,27.998970133882594,293.8246233029309,airline9,,8.46808510638298,0.5935430463576158,1.791111111111111
2.0999680453654648,0.0,664.2961876832845,economy,5.9259259259259265,4.097336654531519,29.641606591143148,305.61794687593795,airline9,,8.46808510638298,0.5383554083885209,1.7377777777777779
4.35307094940445,0.0,664.2961876832845,economy,5.9259259259259265,3.700708948074344,28.86508753861998,330.91507606689174,airline9,,8.46808510638298,0.6059602649006622,1.72
3.410822291768855,0.0,664.2961876832845,economy,5.9259259259259265,3.550296991760874,30.0,330.91507606689174,airline9,,8.46808510638298,0.5532560706401766,1.462222222222222
15.0,0.0,664.2961876832845,economy,5.9259259259259265,4.26403525579613,27.580844490216275,358.2827887859307,airline9,,8.46808510638298,0.42715231788079466,1.48
3.086124202932498,0.0,664.2961876832845,economy,5.9259259259259265,3.8587852078942326,29.731204943357362,450.7388445834737,airline9,,8.46808510638298,0.5339403973509933,1.5244444444444445
1.9962383898910507,0.0,664.2961876832845,economy,6.516666666666666,2.8921249281471546,30.0,505.8343715046969,airline9,,8.46808510638298,0.6034768211920529,1.56
1.8015564368525616,0.0,664.2961876832845,economy,6.516666666666666,2.8767963211343166,30.0,463.2523711227709,airline9,,8.46808510638298,0.6299668874172185,1.648888888888889
3.772336772849419,0.0,664.2961876832845,economy,6.516666666666666,1.7731366162100024,27.37178166838311,378.9886240667825,airline9,,8.46808510638298,0.7974613686534215,1.3377777777777777
3.2388983777431197,0.0,664.2961876832845,economy,6.516666666666666,2.6439931021268444,29.432543769309987,366.92522438141657,airline9,,8.46808510638298,0.8024282560706401,1.1955555555555555
4.474586230755847,0.0,664.2961876832845,economy,6.516666666666666,2.0452193906878717,30.0,403.92565177459113,airline9,,8.46808510638298,0.732615894039735,1.488888888888889
4.181766346093757,0.0,664.2961876832845,economy,6.516666666666666,2.3786165932170915,26.864057672502575,450.01864161718305,airline9,,8.46808510638298,0.8349889624724061,1.2133333333333334
2.8350263032837626,0.0,664.2961876832845,economy,6.516666666666666,2.2636520406208085,30.0,514.0266802462511,airline9,,8.46808510638298,0.7971854304635762,1.462222222222222
1.8275120748729794,0.0,664.2961876832845,economy,6.516666666666666,2.7522513891550107,29.67147270854789,638.8018441560804,airline9,,8.46808510638298,0.5275938189845475,1.5777777777777777
1.6336368555290846,0.0,664.2961876832845,economy,6.516666666666666,3.061697643226672,29.104016477857876,817.4121797961245,airline9,,8.46808510638298,0.4243929359823399,1.8977777777777778
1.3616127727720888,0.0,664.2961876832845,economy,6.516666666666666,3.385514466372869,24.77342945417096,1034.6433995034965,airline9,,8.46808510638298,0.46992273730684325,2.6177777777777775
2.3858956536751537,0.0,664.2961876832845,economy,6.516666666666666,2.413105958995976,29.104016477857876,676.5224745155454,airline9,,8.46808510638298,0.6608719646799116,1.4177777777777778
1.9078627508545587,0.0,664.2961876832845,economy,6.3740740740740724,3.5215558536118032,27.789907312049433,695.6078531222436,airline9,,8.46808510638298,0.37086092715231783,1.7822222222222224
2.676303486078659,0.0,664.2961876832845,economy,6.3740740740740724,3.2283962444912815,28.41709577754892,687.4155443806892,airline9,,8.46808510638298,0.4034216335540839,1.6844444444444444
1.9195954293745252,0.0,664.2961876832845,economy,6.3740740740740724,3.7878904004598586,29.641606591143148,636.6412352572089,airline9,,8.46808510638298,0.4246688741721854,1.72
1.455976168564013,0.0,664.2961876832845,economy,6.3740740740740724,3.724659896531903,28.805355303810504,592.6188289427022,airline9,,8.46808510638298,0.4867549668874172,1.6666666666666665
1.749328986394047,0.0,664.2961876832845,economy,6.3740740740740724,3.094270933128952,29.67147270854789,553.5478180214425,airline9,,8.46808510638298,0.5019315673289183,1.3111111111111111
6.749412273007448,0.0,664.2961876832845,economy,6.3740740740740724,2.8126077792680597,30.0,424.0913348307251,airline9,,8.46808510638298,0.7963576158940396,1.0
2.115134638823836,0.0,664.2961876832845,economy,6.3740740740740724,3.1948649166507,23.3697219361483,433.8140748756468,airline9,,8.46808510638298,0.7792494481236202,1.1155555555555556
4.580895804287923,0.0,664.2961876832845,economy,6.3740740740740724,3.3242000383215182,30.0,513.3965026507472,airline9,,8.46808510638298,0.6909492273730684,1.0533333333333332
2.819136094147817,0.0,664.2961876832845,economy,6.3740740740740724,3.665261544357157,30.0,500.1627731451592,airline9,,8.46808510638298,0.5129690949227372,1.1955555555555555
2.0628452572938167,0.0,664.2961876832845,economy,6.3740740740740724,3.723701858593601,30.0,558.589238785476,airline9,,8.46808510638298,0.5126931567328917,1.6311111111111112
4.541064346720486,0.0,664.2961876832845,economy,6.3740740740740724,2.7129718336846143,28.805355303810504,616.0254253471435,airline9,,8.46808510638298,0.49779249448123614,1.2933333333333334
7.267253816684927,0.0,664.2961876832845,economy,6.3740740740740724,2.8873347384556425,25.639546858908343,530.1412216170012,airline9,,8.46808510638298,0.7077814569536423,1.3111111111111111
11.568464518553919,0.0,664.2961876832845,economy,6.3740740740740724,3.032956505077601,30.0,366.29504678591246,airline9,,8.46808510638298,0.5863686534216335,1.0
3.875223839798368,0.0,664.2961876832845,economy,5.681481481481482,1.55278789040046,30.0,143.66230483136155,airline9,,8.46808510638298,0.5963024282560706,1.6133333333333333
2.4467184849524353,0.0,664.2961876832845,economy,5.681481481481482,2.961103659704924,30.0,240.07947694350221,airline9,,8.46808510638298,0.28697571743929357,3.0355555555555553
1.7056300963876763,0.0,664.2961876832845,economy,4.418518518518518,2.969726001149646,29.372811534500517,392.6724804263021,airline9,,8.46808510638298,0.6807395143487858,2.0844444444444443
2.8520736455978133,0.0,664.2961876832845,economy,4.418518518518518,4.152902854953057,30.0,402.39522047122375,airline9,,8.46808510638298,0.4980684326710817,3.0
8.83290389961187,0.0,664.2961876832845,economy,4.418518518518518,3.1038513125119755,30.0,355.13190080840974,airline9,,8.46808510638298,0.23123620309050769,1.8888888888888888
2.7889039526635306,0.0,664.2961876832845,economy,4.418518518518518,3.9660854569840973,30.0,458.2109503587376,airline9,,8.46808510638298,0.5378035320088299,2.0844444444444443
3.564721004456789,0.0,664.2961876832845,economy,4.418518518518518,2.022226480168615,30.0,481.97764824632407,airline9,,8.46808510638298,0.9006622516556291,2.1466666666666665
5.169192090626626,0.0,664.2961876832845,economy,4.418518518518518,2.527112473653957,30.0,513.9366548754649,airline9,,8.46808510638298,0.5063465783664458,2.0044444444444443
7.954509436227181,0.0,664.2961876832845,economy,6.3740740740740724,1.917800344893658,30.0,575.8741099764479,airline9,,8.46808510638298,0.972682119205298,1.1777777777777778
3.446334871981394,0.0,664.2961876832845,economy,6.08888888888889,3.752442996742672,30.0,734.7688894142896,airline9,,8.46808510638298,0.7538631346578366,1.1955555555555555
2.2646900276812776,0.0,664.2961876832845,economy,6.08888888888889,4.085840199271892,27.25231719876416,721.0850330547698,airline9,,8.46808510638298,0.6639072847682118,1.2222222222222223
4.726678287078728,0.0,664.2961876832845,economy,6.08888888888889,2.6698601264610082,26.744593202883625,566.2413953023124,airline9,,8.46808510638298,0.6873620309050772,1.48
12.483300528223706,0.0,664.2961876832845,economy,6.08888888888889,3.2954589001724472,30.0,705.8707453918832,airline9,,8.46808510638298,0.5212472406181016,1.3377777777777777
2.4240973462030073,0.0,664.2961876832845,economy,6.883333333333333,4.12607779268059,22.981462409886714,698.1285635042603,airline9,,8.46808510638298,0.579746136865342,1.3022222222222224
2.3059556784835498,0.0,664.2961876832845,economy,6.883333333333333,3.7304081241617166,30.0,756.5550291445772,airline9,,8.46808510638298,0.3667218543046357,2.04
1.6434871554283317,0.0,664.2961876832845,economy,6.883333333333333,3.342402759149263,28.596292481977343,770.6890123580282,airline9,,8.46808510638298,0.385485651214128,1.8177777777777777
2.4625435034867977,0.0,664.2961876832845,economy,4.764814814814814,2.9994251772370184,26.296601441812562,839.6484463803436,airline9,,8.46808510638298,0.34133554083885204,2.4044444444444446
1.6480227915334942,0.0,664.2961876832845,economy,4.764814814814814,3.435332439164591,25.54994850669413,903.2063581554801,airline9,,8.46808510638298,0.5949227373068432,1.7466666666666666
1.9318789684778712,0.0,664.2961876832845,economy,4.153703703703703,2.9199080283579235,21.219361483007205,940.7469377733725,airline9,,8.46808510638298,0.4257726269315673,1.5955555555555554
3.083826234226684,0.0,664.2961876832845,economy,6.08888888888889,3.2370185859360032,28.626158599382084,802.1978921332376,airline9,,8.46808510638298,0.6252759381898454,1.2933333333333334
2.494975827774523,0.0,664.2961876832845,economy,4.153703703703703,3.180494347576164,17.963954685890837,881.4202184251927,airline9,,8.46808510638298,0.38520971302428253,1.462222222222222
6.636974782926536,0.0,664.2961876832845,economy,6.08888888888889,3.5301781950565245,23.638516992790937,760.1560439760297,airline9,,8.46808510638298,0.352924944812362,1.5244444444444445
1.6996358205720858,0.0,664.2961876832845,economy,6.08888888888889,3.5215558536118032,23.45932028836251,825.6044885376788,airline9,,8.46808510638298,0.5460816777041942,1.5333333333333332
2.0209896315472156,0.0,664.2961876832845,economy,6.08888888888889,3.700708948074344,28.685890834191554,854.9527594140167,airline9,,8.46808510638298,0.6167218543046357,1.4
1.8829876470553852,0.0,664.2961876832845,economy,4.153703703703703,3.6700517340486685,25.8486096807415,931.024197728451,airline9,,8.46808510638298,0.4390176600441501,1.8444444444444446
2.138888464275775,0.0,664.2961876832845,economy,4.153703703703703,4.134700134125312,28.29763130792997,962.9832043575918,airline9,,8.46808510638298,0.4955849889624724,1.8088888888888888
1.549198728828228,0.0,664.2961876832845,economy,4.153703703703703,3.74382065529795,22.473738414006178,1063.9916703798344,airline9,,8.46808510638298,0.2842163355408388,1.9866666666666668
1.4085532654421926,0.0,664.2961876832845,economy,6.781481481481481,3.7543590726192764,26.38619979402678,1167.8809482672389,airline9,,8.46808510638298,0.3998344370860927,1.8266666666666667
2.7665272786700394,0.0,664.2961876832845,economy,6.781481481481481,3.5359264226863387,28.50669412976313,1083.6172012112504,airline9,,8.46808510638298,0.37086092715231783,1.5955555555555554
2.3178529632725136,0.0,664.2961876832845,economy,7.331481481481481,3.939260394711631,28.38722966014418,995.8424646945956,airline9,,8.46808510638298,0.5943708609271523,1.7466666666666666
2.849221556778541,0.0,664.2961876832845,economy,7.331481481481481,3.7783100210768352,27.998970133882594,885.9214869645084,airline9,,8.46808510638298,0.45033112582781454,1.4088888888888889
2.9724969843726887,0.0,664.2961876832845,economy,7.331481481481481,3.482276298141407,30.0,806.3390591894079,airline9,,8.46808510638298,0.6821192052980132,1.3288888888888888
2.728178907288624,0.0,664.2961876832845,economy,7.331481481481481,3.274382065529795,26.38619979402678,722.0753121334195,airline9,,8.46808510638298,0.8910044150110377,1.3022222222222224
2.029422035862024,0.0,664.2961876832845,economy,7.331481481481481,2.979306380532669,28.17816683831102,719.0144495266848,airline9,,8.46808510638298,0.5836092715231788,1.6933333333333334
4.09278117493246,0.0,664.2961876832845,economy,7.331481481481481,3.162291626748419,27.73017507723996,763.126881211978,airline9,,8.46808510638298,0.5623620309050772,1.488888888888889
2.0837828487573544,0.0,664.2961876832845,economy,7.331481481481481,3.7256179344702054,29.163748712667356,942.1873437059537,airline9,,8.46808510638298,0.49089403973509926,2.075555555555556
1.4224551612298453,0.0,664.2961876832845,economy,7.331481481481481,3.546464840007665,30.0,887.902045121807,airline9,,8.46808510638298,0.41004415011037526,2.191111111111111
2.123281834256717,0.0,664.2961876832845,economy,7.331481481481481,3.801302931596092,30.0,864.1353472342205,airline9,,8.46808510638298,0.47240618101545256,1.9244444444444446
2.5854440851218414,0.0,664.2961876832845,economy,7.331481481481481,3.1967809925273043,28.984552008238925,789.5943402231538,airline9,,8.46808510638298,0.6087196467991169,1.5155555555555558
2.238222643438431,0.0,664.2961876832845,economy,7.331481481481481,3.77639394520023,28.446961894953652,872.6877574589203,airline9,,8.46808510638298,0.613962472406181,1.6044444444444446
1.523777653740794,0.0,664.2961876832845,economy,7.331481481481481,3.6633454684805526,28.924819773429455,948.3990942902092,airline9,,8.46808510638298,0.44315673289183216,1.88
2.11648734380669,0.0,664.2961876832845,economy,7.331481481481481,3.5771220540333406,28.984552008238925,1061.831061480963,airline9,,8.46808510638298,0.40590507726269315,1.6755555555555555
2.0193924618084234,0.0,664.2961876832845,economy,6.781481481481481,3.5138915501053845,29.611740473738415,1119.0871973010576,airline9,,8.46808510638298,0.4525386313465783,1.8088888888888888
1.7255327870510784,0.0,664.2961876832845,economy,6.781481481481481,3.7361563517915313,29.492276004119464,1050.1277632787423,airline9,,8.46808510638298,0.4850993377483443,1.7111111111111112
1.5938005086665286,0.0,664.2961876832845,economy,6.781481481481481,4.0542249473079135,27.789907312049433,1174.9029271885713,airline9,,8.46808510638298,0.43349889624724064,1.7466666666666666
1.385747963243291,0.0,664.2961876832845,economy,6.781481481481481,3.9641693811074927,29.462409886714727,1203.350944357046,airline9,,8.46808510638298,0.44150110375275936,1.9066666666666667
1.3285480996490047,0.0,664.2961876832845,economy,6.781481481481481,3.6211917991952483,27.550978372811535,1215.0542425592666,airline9,,8.46808510638298,0.4288079470198675,1.9866666666666668
1.843214861029373,0.0,664.2961876832845,economy,6.781481481481481,4.671201379574631,29.790937178166836,1291.1256808737007,airline9,,8.46808510638298,0.4141832229580573,2.137777777777778
2.0494681458489095,0.0,664.2961876832845,economy,6.781481481481481,4.034106150603564,28.23789907312049,1330.1966917949605,airline9,,8.46808510638298,0.4685430463576159,1.88
1.2734946366118511,0.0,664.2961876832845,economy,6.781481481481481,3.8396244491281863,25.968074150360454,1275.911393210814,airline9,,8.46808510638298,0.4525386313465783,1.8088888888888888
1.259879579471165,0.0,664.2961876832845,economy,6.781481481481481,3.313661621000192,26.38619979402678,1406.2681301093946,airline9,,8.46808510638298,0.4768211920529801,1.6844444444444444
1.8354718473263085,0.0,664.2961876832845,economy,6.781481481481481,3.2753401034680976,24.116374871266736,1585.058516491011,airline9,,8.46808510638298,0.4197019867549669,1.7555555555555555
1.762401331776552,0.0,664.2961876832845,economy,6.781481481481481,3.625023950948458,25.131822863027807,1588.5695059516775,airline9,,8.46808510638298,0.4001103752759382,1.88
1.6074008979218586,0.0,664.2961876832845,economy,6.781481481481481,3.41425560452194,25.340885684860968,1529.512862715856,airline9,,8.46808510638298,0.35789183222958054,2.333333333333333
1.2832341124884061,0.0,664.2961876832845,economy,6.781481481481481,4.0082391262694,27.013388259526263,1421.4824177722812,airline9,,8.46808510638298,0.4053532008830022,2.013333333333333
1.1008601450288569,0.0,664.2961876832845,economy,6.781481481481481,3.696876796321135,26.535530381050464,1394.1147050532422,airline9,,8.46808510638298,0.3565121412803532,2.1288888888888886
1.58356558421794,0.0,664.2961876832845,economy,6.781481481481481,3.640352557961296,24.922760041194643,1544.727150378743,airline9,,8.46808510638298,0.3383002207505518,2.2888888888888888
1.4476806645125295,0.0,664.2961876832845,economy,6.781481481481481,3.8281279938685575,26.983522142121526,1605.2241995471452,airline9,,8.46808510638298,0.23620309050772623,2.351111111111111
1.7765949555062903,0.0,664.2961876832845,economy,5.6,3.5368844606246403,19.666323377960868,1750.8852494793987,airline9,,8.46808510638298,0.3170529801324503,2.4577777777777774
1.0145624564178348,0.0,664.2961876832845,economy,5.6,3.105767388388581,14.529351184346037,1843.701406760087,airline9,,8.46808510638298,0.3421633554083885,2.3244444444444445
1.1142030314079325,0.0,664.2961876832845,economy,5.6,3.2906687104809356,25.430484037075182,1668.1519337267778,airline9,,8.46808510638298,0.4254966887417218,2.2444444444444445
1.2196977224202168,0.0,664.2961876832845,economy,4.153703703703703,3.3395286453343553,28.357363542739446,1369.9879056825105,airline9,,8.46808510638298,0.5405629139072847,2.2533333333333334
3.0374431212001185,0.0,664.2961876832845,economy,4.072222222222221,3.265759724085074,21.338825952626156,1701.3712955469266,airline9,,8.46808510638298,0.4525386313465783,2.2533333333333334
2.6299040754016976,0.0,664.2961876832845,economy,4.072222222222221,3.061697643226672,17.067971163748716,1625.1198064909202,airline9,,8.46808510638298,0.3595474613686534,2.3422222222222224
1.2077205791443126,0.0,664.2961876832845,economy,4.072222222222221,3.496646867215942,25.221421215242017,1813.9030090298174,airline9,,8.46808510638298,0.401766004415011,2.3244444444444445
1.1571359318456989,0.0,664.2961876832845,economy,3.0944444444444454,3.5560452193906884,27.222451081359424,1873.2297283779974,airline9,,8.46808510638298,0.3073951434878587,2.297777777777778
1.080580978641311,0.0,664.2961876832845,economy,4.072222222222221,3.7553171105575784,22.53347064881565,1690.6582764233558,airline9,,8.46808510638298,0.3485099337748344,2.6177777777777775
1.2563038749743172,0.0,664.2961876832845,economy,4.764814814814814,4.275531711055759,20.323377960865088,1363.3260282443237,airline9,,8.46808510638298,0.2740066225165563,3.2044444444444444
1.8118744793181691,0.0,664.2961876832845,economy,4.153703703703703,2.787698792872198,28.626158599382084,1270.5098709636354,airline9,,8.46808510638298,0.4528145695364238,1.7822222222222224
1.540898335481626,0.0,664.2961876832845,economy,4.153703703703703,3.49185667752443,29.22348094747683,1069.0330911438678,airline9,,8.46808510638298,0.6172737306843267,1.7377777777777779
1.2928953596430612,0.0,664.2961876832845,economy,4.764814814814814,3.800344893657789,28.088568486096808,1158.4282843346762,airline9,,8.46808510638298,0.46771523178807944,2.04
2.947431198063884,0.0,664.2961876832845,economy,4.764814814814814,2.6698601264610082,29.19361483007209,974.2363757058806,airline9,,8.46808510638298,0.6396247240618101,1.6222222222222222
2.166708553501477,0.0,664.2961876832845,economy,4.764814814814814,3.5138915501053845,29.01441812564367,1037.074084514727,airline9,,8.46808510638298,0.44977924944812364,1.8533333333333333
2.8350263032837626,0.0,664.2961876832845,economy,4.764814814814814,3.5560452193906884,26.416065911431513,839.6484463803436,airline9,,8.46808510638298,0.31401766004415005,2.4577777777777774
1.4481467773138506,0.0,664.2961876832845,economy,3.0944444444444454,3.568499712588619,19.457260556127707,2165.722158062727,airline9,,8.46808510638298,0.24862030905077262,2.6
1.429269208860347,0.0,664.2961876832845,economy,3.0944444444444454,4.055182985246216,22.503604531410918,2082.448690085388,airline9,,8.46808510638298,0.16583885209713023,2.6622222222222223
1.4330144089213113,0.0,664.2961876832845,economy,3.0944444444444454,4.353132784058249,23.1307929969104,2153.4787076357884,airline9,,8.46808510638298,0.14569536423841056,2.7777777777777777
0.9582997077213097,0.0,664.2961876832845,economy,3.0944444444444454,3.1086415022034872,12.169927909371781,2772.58318253326,airline9,,8.46808510638298,0.23979028697571741,2.493333333333333
0.8866210115153578,0.0,664.2961876832845,economy,4.133333333333332,3.213067637478445,12.64778578784758,2435.618219680092,airline9,,8.46808510638298,0.32036423841059597,2.3866666666666667
1.0976918817919052,0.0,664.2961876832845,economy,4.133333333333332,3.635562368269784,15.63439752832132,2676.6161372750503,airline9,,8.46808510638298,0.244205298013245,2.44
1.4265915049003102,0.0,664.2961876832845,economy,4.133333333333332,3.445870856485917,23.96704428424305,2275.2830343096693,airline9,,8.46808510638298,0.36561810154525387,2.2533333333333334
1.2870705793915875,0.0,664.2961876832845,economy,4.133333333333332,3.245640927380725,16.022657054582908,1920.943174894743,airline9,,8.46808510638298,0.26821192052980125,2.3866666666666667
0.5235566238821497,0.0,1000.0,economy,4.662962962962962,2.813565817206362,27.819773429454173,722.3453882457783,airline5,,8.382978723404257,0.45060706401766,1.9066666666666667
0.5288549900258379,0.0,1000.0,economy,4.662962962962962,2.775244299674267,29.492276004119464,663.3787703807437,airline5,,8.382978723404257,0.6136865342163355,1.1777777777777778
0.5327810940061962,0.0,1000.0,economy,4.662962962962962,2.4677141214792107,29.402677651905254,723.8758195491457,airline5,,8.382978723404257,0.7712472406181015,1.2755555555555556
0.516203124023546,0.0,1000.0,economy,4.662962962962962,3.320367886568308,29.641606591143148,764.837363256918,airline5,,8.382978723404257,0.4508830022075055,1.7644444444444445
0.517112532915634,0.0,1000.0,economy,4.662962962962962,3.320367886568308,25.07209062821833,982.5187098182217,airline5,,8.382978723404257,0.3206401766004415,2.3422222222222224
0.5272154463960163,0.0,371.42595307917884,economy,4.174074074074073,3.055949415596858,16.261585993820805,1227.2076676154188,airline7,,7.617021276595744,0.28366445916114785,2.493333333333333
0.5445333297066378,0.0,371.42595307917884,economy,4.174074074074073,3.265759724085074,12.856848609680743,1227.2076676154188,airline7,,7.617021276595744,0.32726269315673284,2.7333333333333334
0.5281411529385001,0.0,371.42595307917884,economy,4.174074074074073,3.0205020118796706,8.735324407826983,1602.5234384235557,airline7,,7.617021276595744,0.4379139072847682,2.608888888888889
0.5461679840413407,0.0,371.42595307917884,economy,4.174074074074073,2.7522513891550107,21.90628218331617,1602.5234384235557,airline7,,7.617021276595744,0.5355960264900662,2.3066666666666666
0.5427096226273431,0.0,371.42595307917884,economy,4.174074074074073,3.139298716229163,21.219361483007205,1687.237312333476,airline7,,7.617021276595744,0.34133554083885204,2.1822222222222223
0.5379409301215198,0.0,371.42595307917884,economy,4.174074074074073,3.3548572523471933,19.636457260556128,1251.8746192108686,airline7,,7.617021276595744,0.3087748344370861,2.44
0.5279521001939084,0.0,371.42595307917884,economy,4.174074074074073,2.9237401801111327,22.085478887744593,1243.5922850985278,airline7,,7.617021276595744,0.3689293598233995,2.111111111111111
0.5355386564531727,0.0,371.42595307917884,economy,4.174074074074073,3.362521555853612,23.93717816683831,1332.087224581473,airline7,,7.617021276595744,0.34768211920529796,2.048888888888889
0.5091772069378986,0.0,449.4318181818182,economy,3.9296296296296287,3.904771028932746,20.771369721936146,1314.442251907356,airline1,,9.148936170212766,0.21909492273730682,2.546666666666667
0.5063479348291804,0.0,449.4318181818182,economy,3.9296296296296287,3.4516190841157313,23.04119464469619,1142.4037683347126,airline1,,9.148936170212766,0.20281456953642382,2.3866666666666667
0.5088724408754963,0.0,449.4318181818182,economy,3.9296296296296287,4.271699559302549,27.312049433573634,1034.3733233911375,airline1,,9.148936170212766,0.10789183222958056,2.6799999999999997
0.5168305835637859,0.0,449.4318181818182,economy,3.9296296296296287,4.097336654531519,26.804325437693098,1233.6894943120335,airline1,,9.148936170212766,0.13107064017660044,2.511111111111111
0.5066967045476514,0.0,449.4318181818182,economy,3.9296296296296287,3.365395669668519,24.26570545829042,1338.208949794942,airline1,,9.148936170212766,0.1697019867549669,1.6133333333333333
