flight_cost,hotel_stars,num_activities,international,travel_distance,group_size,season,travel_time,transport_mode,travel_agency_rating,local_cuisine_rating,safety_rating,satisfaction_level
998.0839179106138,5.0,3.0,0.0,787.875150626148,5.0,2.0,7.002351585490795,3.0,2.7849025435948658,3.7148292319997442,2.728013369121744,7.825835002184091
77.57115491203797,1.0,9.0,0.0,3567.5157594659277,3.0,2.0,3.2880854795281462,4.0,3.9313473991310466,4.823259711551197,2.2290794267557987,7.180738609076171
116.85079747106874,4.0,3.0,0.0,392.924219637419,9.0,2.0,16.391927835958327,1.0,1.165887834333212,1.919445021943232,1.6028607540621533,9.696589005704244
812.4264808337323,5.0,1.0,0.0,461.14264967625047,8.0,2.0,7.242318281914179,4.0,3.367987303499339,3.259563986548034,1.8437917483906403,8.012850456393348
110.3990827236688,2.0,1.0,0.0,2368.1210331229554,7.0,3.0,10.203450978623414,2.0,2.5357586422478313,2.979031696732089,1.3878596140449544,7.5285036412251065
817.4679072934209,1.0,6.0,1.0,2797.569999047062,6.0,2.0,1.972464643713024,3.0,2.1346402821485917,1.5049088915260458,2.1691941672318826,9.050994449117837
1217.955988365448,4.0,1.0,0.0,1324.529693404598,6.0,1.0,8.581077592178843,3.0,3.5729028191162433,3.9010469489168504,1.384703108246484,9.02516353814275
574.1045755245918,3.0,3.0,0.0,805.4661180868361,1.0,2.0,16.002444958841046,2.0,3.0109126079781188,4.9302526225653125,3.9441529509689657,1.186504038643446
1177.6688538298154,1.0,16.0,1.0,7489.202286425956,3.0,4.0,1.0633500257966992,5.0,4.653141293241422,3.9472285844033936,3.8386283564077774,7.126385169096844
1834.6144382532643,3.0,5.0,0.0,3741.8224296958165,2.0,4.0,2.674744692119319,3.0,2.591646365671086,2.5805957817629275,3.202673286012456,6.425481907183279
1822.8669261441432,5.0,1.0,0.0,2552.7391624113916,10.0,3.0,6.979186344082226,5.0,3.848684024430156,1.3085445741709298,2.9863554752380814,7.428613748779416
229.96683098007398,4.0,0.0,0.0,309.15636129055844,3.0,1.0,20.455485737279226,2.0,1.7910578602242462,4.256338749375466,3.2606111199142944,5.85858408875695
295.5647938331029,3.0,5.0,0.0,3086.0027374017236,8.0,2.0,6.964644980471046,3.0,3.4991877657179393,2.185029155149163,1.8633463052739414,6.359411712096248
190.25798338497202,5.0,5.0,0.0,286.35157022959373,2.0,1.0,13.410016180921378,2.0,1.8866051645796473,3.45579515100105,2.442145435174659,8.30599067695363
471.0001351082324,5.0,6.0,1.0,3013.888771976673,3.0,3.0,10.114685177365255,2.0,3.0819557201468752,2.8496990982861554,2.2725910024566063,4.522926316968305
677.3916807611082,2.0,16.0,1.0,8784.78367326207,4.0,4.0,3.979026589650074,5.0,3.981411355247752,2.4481823667333664,4.634724779768257,5.704186386582681
651.1986890141288,4.0,9.0,1.0,3696.3234084783244,5.0,3.0,6.4387095310776745,5.0,4.20710276571948,3.7708885418042293,4.06564695438469,5.016907469901457
1069.638021249792,5.0,4.0,0.0,4395.465133703162,5.0,3.0,7.992607841017611,2.0,2.796275151543117,2.505555696672447,3.0331136682131303,6.683158909103991
1120.9528957589084,3.0,4.0,0.0,879.1236490110659,2.0,2.0,14.227471689039467,5.0,4.329928928423766,4.97263721283446,3.7237566131303117,1.456760381081029
447.18614518649895,5.0,5.0,1.0,642.136110690408,3.0,2.0,17.54876104113355,2.0,3.2245085408966103,2.917852324816516,3.6447367071397347,5.062741898080607
245.0745991599299,2.0,13.0,0.0,4229.187834495006,1.0,3.0,8.161742840782455,3.0,4.104261600200591,2.6710300856175184,4.739473288580388,1.1873733663538992
691.3751379106639,4.0,5.0,1.0,2612.503201394724,1.0,3.0,4.296865153483673,3.0,3.4982146728536954,3.5797493258734123,4.199175001841977,4.016998212938928
141.27495841033007,2.0,11.0,0.0,2527.764798802793,1.0,2.0,8.706304138905402,4.0,3.853731775362846,4.3438856845717675,3.361962599947218,4.222768750735638
904.0551253029789,5.0,6.0,0.0,5224.179202934769,2.0,2.0,3.790151827302077,5.0,4.309007135555492,3.7474781541933484,3.8558929915831586,2.6170835644161023
1112.9633177526234,4.0,11.0,0.0,1857.9852238533235,4.0,2.0,13.204513577376412,5.0,4.70795778715723,3.324324684520196,3.6357619739427642,5.2242795035749205
364.3875482681904,5.0,0.0,1.0,90.3602964198192,2.0,1.0,23.33687422795945,1.0,2.069763509532166,3.9037810137102857,1.2482621051296117,6.997178803894484
237.32266901823456,3.0,3.0,1.0,2027.8808092615739,3.0,3.0,3.6640319851288847,1.0,1.8385913488180912,1.8196591515956275,3.9709668202769968,6.43363696066439
80.88646459807538,1.0,14.0,0.0,6001.050623399478,7.0,3.0,5.518235522431215,4.0,3.697946070226458,1.8251365351666966,2.042791435910142,8.821978750475335
842.3705793408212,3.0,7.0,1.0,3632.299291553393,1.0,2.0,5.682324001613165,2.0,2.6356017845918265,4.090134953275292,3.097192552298829,5.199956843754242
233.76094357297262,2.0,5.0,0.0,864.9367946872287,2.0,2.0,4.364541694945161,1.0,2.1422444911914766,2.799622935674349,1.9354514329616814,4.72490230993683
363.3026625520876,1.0,4.0,0.0,1741.3475999479465,4.0,2.0,12.499764144906884,1.0,1.8427526651228539,1.7188832260170566,2.481710426503654,6.588492939424405
665.2676159968656,5.0,0.0,0.0,438.77191696085913,4.0,2.0,12.766701002825315,3.0,1.9330596620328975,2.5730820999630604,3.2287162592054344,6.954951765274611
103.21254637447561,1.0,7.0,0.0,2879.6462874709846,4.0,3.0,9.681715751812735,4.0,3.922634506025824,4.826355086320942,2.646310352619188,3.4092606388962037
494.05945955294374,5.0,1.0,1.0,515.4946335167397,2.0,1.0,15.17717360786277,3.0,3.201000246149381,1.636229355055887,1.7350775616670582,6.380685500683284
519.5616555806803,1.0,19.0,0.0,8568.064249630808,1.0,4.0,2.7395221572568103,4.0,4.460098314834185,4.694350344185974,4.125115296881634,1.0631338394039007
266.299694846105,3.0,1.0,0.0,1191.8570021214825,1.0,3.0,14.20054583572807,3.0,3.6667671007267932,2.5532331101251895,3.256783746460538,3.2124057527713563
1546.5791936870737,1.0,8.0,0.0,1878.7143927790914,1.0,4.0,3.497686905369627,5.0,3.3446673284643826,4.962135940126553,4.255309690917818,1.3184930475680385
746.3478682960351,4.0,2.0,1.0,3730.365975299689,2.0,2.0,4.511670897005598,3.0,2.237173193690196,1.4460727800216202,3.634971282805387,4.698809004479598
1595.8040049893523,4.0,16.0,0.0,8286.306340957737,3.0,4.0,5.0463892021962025,4.0,4.359824734084008,2.276729501065719,4.740391494080905,2.8707257641953787
244.965637628421,5.0,1.0,1.0,421.3349704940444,8.0,1.0,15.254254693480389,3.0,2.064330569101984,2.3094057195586943,1.3356289653230768,8.780076219320064
58.543720789945475,3.0,5.0,1.0,3510.676663316458,2.0,2.0,6.106100544513932,2.0,2.9536304253077317,3.5657219953516663,1.7899796432092845,5.152537186887773
782.5705080867638,4.0,1.0,0.0,197.87769337455404,4.0,1.0,16.36748951242725,3.0,2.07533626776996,3.2896307743474633,1.8457811818426733,6.674448303865398
553.8694740655786,1.0,18.0,1.0,2981.6361933281623,3.0,3.0,1.9574244892132935,5.0,4.263842056897032,3.847743996679992,4.419024555081172,2.804044027408319
986.234029582024,3.0,4.0,0.0,1223.9824556710691,4.0,1.0,10.17655223319887,4.0,3.1821727294099387,2.141786521715172,3.53714284313128,5.885639728085648
654.5488521045465,5.0,3.0,1.0,1900.9810914947252,10.0,2.0,5.758085800083229,2.0,2.139790423031368,1.026157245154582,1.6714557165759623,9.406586013524677
718.1741814014302,4.0,15.0,0.0,1929.7670127936249,3.0,3.0,3.7040412331635646,3.0,2.995560616760562,2.7537268131004256,3.034540293064769,7.376787572620698
701.6052823749627,1.0,9.0,0.0,2105.3083966123136,7.0,3.0,2.7309231613864973,5.0,3.9627833418473575,4.87541373039369,3.089282944306679,6.702019049050523
120.87952385873643,1.0,3.0,1.0,748.714482678183,4.0,3.0,9.865540688261172,1.0,1.3199437516029433,2.342718684894004,1.6148523172736322,5.967311723327298
288.9021094719776,2.0,5.0,0.0,4589.246875858558,4.0,3.0,2.8839467195764827,1.0,2.2841048678467915,2.2597493371162454,2.525886202842224,7.08072428893251
1706.7095685440083,5.0,11.0,0.0,2003.285788018453,1.0,1.0,16.16470450428188,5.0,4.3746190530622915,4.549464230275575,4.813726880564699,2.7209398314405213
341.1617175066087,3.0,2.0,0.0,761.186588753658,5.0,1.0,16.085401328035555,1.0,1.492016095271375,1.5759740362921717,1.5072999788177435,9.124572843901534
192.43865339331603,2.0,9.0,1.0,1236.189237831828,1.0,3.0,3.769162810131777,1.0,2.2247046133118404,4.046703819116845,3.692305179294837,5.825692516682453
1702.1870408839543,4.0,11.0,1.0,4005.5988813815816,3.0,4.0,6.014956757363984,3.0,3.4932865063147953,3.9384520210030027,4.247356915627416,3.8448582317663735
273.18700187624665,5.0,3.0,1.0,1125.0927850551402,5.0,1.0,15.815122477929345,2.0,1.9768025496424706,1.1529215479957293,1.2356132909108677,9.74466344358811
407.35539576214757,5.0,0.0,1.0,972.3055368957162,4.0,2.0,17.10247404466145,1.0,1.8436899159716944,1.1122259283880913,3.67627495158353,7.893659363227153
1436.2265308780175,4.0,10.0,0.0,7086.974885040631,1.0,2.0,7.778833505050965,5.0,4.801763198269474,2.396048128176763,4.0603126402043435,2.5934850854005274
856.8564307907513,1.0,5.0,0.0,3332.2079215254157,2.0,4.0,6.389575370488653,3.0,2.183267756954268,3.2114407387371084,2.5576444629383137,6.616924872198338
640.628566667763,1.0,7.0,1.0,1365.0371201151409,1.0,3.0,5.150927039135896,4.0,4.05238547445802,3.436632250682915,2.9028021651749842,4.1277607811193935
571.7637785292176,5.0,7.0,0.0,4377.655852101964,4.0,3.0,5.551699823051411,2.0,2.479817869392026,1.15774232920463,2.213027714244699,7.940196103409835
521.568546496234,1.0,14.0,0.0,7167.806529221924,5.0,4.0,3.331833988552264,2.0,2.6092140252179643,2.5555857143096823,4.114148381128401,7.003661491482921
929.0787516470264,1.0,5.0,0.0,6560.606160825544,3.0,4.0,2.2751748140632695,3.0,2.9127752038343884,2.7095462418120286,4.570259703931794,5.576888798874197
329.23915328744886,3.0,8.0,1.0,1783.6978058913278,8.0,1.0,8.34522835303675,4.0,3.3080953427024733,2.2221904473016414,2.1869656999441194,6.60862991030614
1397.6042186004554,3.0,6.0,1.0,2630.498344787704,3.0,4.0,2.260833131952928,2.0,2.8802316139867905,2.7312076033201937,2.8670063192578663,5.458927567309902
903.6838422720731,1.0,5.0,1.0,6741.63974820754,1.0,4.0,1.5068213836758604,5.0,4.4564535495147375,4.882616334235948,4.597407480921524,3.9382441485542268
1071.2144900552287,3.0,6.0,0.0,2558.8138841086698,7.0,4.0,2.853019178581669,4.0,3.076474162923774,3.2571330777451157,3.196072059543165,8.92630298828418
643.1938807582914,3.0,8.0,1.0,2488.668683792334,1.0,4.0,4.271631667531889,4.0,3.7894988865128783,4.014531135530949,2.8881306449201256,5.895320983994362
998.9825377264727,3.0,18.0,1.0,7974.94981246691,3.0,4.0,2.3927627617017433,5.0,4.891995996038325,2.3174004877146004,3.725978310940878,7.487868602413229
1383.3662688298693,2.0,20.0,0.0,8682.914013271016,5.0,4.0,1.1540665257814806,5.0,4.9194189598089375,3.5556473248511953,2.994598526041681,3.6185869254067957
96.27560387893826,2.0,5.0,0.0,3297.9705730439014,1.0,2.0,4.744404449009795,1.0,2.736100520602542,4.197833238459126,2.5598052781102103,2.9131291594407975
561.7928934060259,4.0,2.0,0.0,564.1636709057138,2.0,1.0,15.185732585410554,4.0,2.682070285153651,3.2206028046995523,2.179282656615374,5.999743939816589
245.93880446296077,1.0,13.0,0.0,5703.772443463254,3.0,3.0,5.903633347900495,5.0,4.6292560811223655,2.7613622393437076,4.3127597971633485,2.644858369848443
895.7074120415409,1.0,5.0,1.0,2059.704300481871,3.0,4.0,4.287034557976066,2.0,2.566146079654752,2.358374272727847,2.474119184145298,4.148264576663039
1879.2364470876876,2.0,12.0,0.0,8182.384003234855,4.0,3.0,4.350752359813729,5.0,4.1936136701929625,1.8854756157638863,4.635355761876122,6.184906227294902
1590.3009712666285,4.0,4.0,0.0,1907.38677260843,5.0,1.0,12.823003886688083,5.0,4.573155396648488,4.810037658664903,1.609420230565643,4.645786138865494
1811.3857992726448,3.0,15.0,1.0,6854.190045312308,5.0,3.0,1.8827853564556332,4.0,4.287927829851248,2.9422611268129932,4.134809267133296,7.665492020484718
575.8538499916444,1.0,4.0,0.0,613.1584052316759,2.0,2.0,7.311286984910322,2.0,2.0130231935353544,3.3791636188301606,2.120057157067208,7.3913149806140765
55.63011058270494,5.0,1.0,0.0,126.52660650412831,3.0,1.0,16.808318451719757,1.0,1.307486546723167,2.996633392739056,1.7210171178694145,7.658503334602098
837.2965894444748,5.0,8.0,1.0,1483.5251710824705,2.0,2.0,7.229166013926709,3.0,3.9852716660075482,4.155435190689735,4.473361696445641,5.397807882088095
572.2280640892499,5.0,2.0,0.0,1434.3690954680976,3.0,1.0,20.471557988656933,3.0,3.7361842484711727,4.192083853541277,3.0914220592591235,3.755352345142017
243.93865342156627,1.0,3.0,0.0,1598.5206929479739,6.0,1.0,10.201996440155774,3.0,2.492858852564755,3.670269259958892,1.9156429406315667,5.004078090789828
1741.6761910274615,1.0,7.0,0.0,4183.941749690487,1.0,2.0,2.0286584585677843,4.0,4.030185012036292,3.7380815786399597,4.633064414514843,3.7503154226525917
1115.20040388248,5.0,13.0,1.0,5628.477165018133,3.0,4.0,2.4014588947201814,4.0,3.4596842800955763,2.6193695051231947,4.412776656585137,7.949289953194972
280.65112706609733,2.0,14.0,0.0,1686.5783893366488,4.0,2.0,3.5230416653419696,4.0,3.4365313476318793,3.9695431000085173,3.961338017456062,4.26284990936492
1430.986597947374,1.0,10.0,0.0,3471.275252866832,3.0,3.0,3.825155162226212,3.0,3.1987376813811976,4.461298943601454,4.485899789700324,4.090621954498912
391.2606567176509,4.0,6.0,1.0,1897.9136339662632,8.0,3.0,3.671047767566041,4.0,3.8969830853569793,1.9937057943639065,2.403705666605288,9.490645121789655
345.7800405467814,5.0,4.0,1.0,2344.471010583198,2.0,2.0,10.314076132848497,2.0,2.29730386528883,1.9396202569805359,4.0484273377165305,3.0629966738558974
52.03517412812655,5.0,1.0,0.0,283.85186578831957,6.0,1.0,12.856141435019282,1.0,1.512437783474615,1.2255720264588268,1.2538507638676852,8.513479206231855
340.5800889179115,3.0,4.0,0.0,2375.8766483744234,2.0,3.0,5.276698243034941,3.0,3.2752625861721563,4.630168086129702,2.555207896251851,7.069706218826971
300.46978565110726,3.0,7.0,1.0,2164.7517705695795,2.0,3.0,6.2828949481940555,2.0,2.7706039939876455,2.6265667138856315,3.476156982547949,7.705595214365886
308.1683586111243,4.0,2.0,0.0,2330.296719815182,3.0,1.0,7.114033343136826,2.0,3.321020254078883,3.759981183244773,3.755786470752413,3.629238943124305
82.43937909186398,2.0,0.0,0.0,149.73852732589737,10.0,1.0,9.367630724402192,2.0,2.1042446493861275,2.0162566543332057,1.527683743738809,8.54031590967488
85.50026167961758,3.0,0.0,0.0,623.3719167235489,2.0,2.0,9.646269892520774,1.0,1.1644015900826954,2.838483092204839,3.3537698408685586,5.835691213475087
252.68540439962916,4.0,2.0,0.0,2682.265482279189,10.0,3.0,7.821946410408822,2.0,3.087610400450803,1.431830488250273,1.4811341246977041,8.950496737597208
534.7424037338172,1.0,18.0,0.0,3062.6029844389373,3.0,4.0,3.7130708805523716,5.0,4.42057221681954,4.954504966444578,4.026875377114326,6.088826891705317
1205.3277789164586,3.0,3.0,1.0,545.467896854083,9.0,2.0,13.621489710186466,2.0,2.262577476550225,4.207114828550338,1.8193089219937992,8.638805524073456
1052.745955869028,1.0,8.0,0.0,5541.1568517987125,7.0,4.0,4.395628223922761,4.0,3.3154130396713235,2.716761808631034,3.1651017939963517,4.554612875814873
566.562732143602,4.0,13.0,0.0,7117.209547679161,2.0,3.0,7.626376397995473,4.0,4.622986691480163,1.8759370530879904,3.2825248062048824,5.7220977424087955
240.97811580351802,3.0,4.0,0.0,709.4321296926396,6.0,1.0,6.367999868694357,1.0,1.8285652997783952,2.8059081158766537,1.831915050150041,7.031955651352046
1464.2871473645853,2.0,18.0,0.0,9511.632579324618,2.0,4.0,1.0236407828566148,4.0,4.279605935585003,4.1535518300880945,4.236686338231509,5.460533334029195
790.7206538666885,3.0,13.0,0.0,7645.22527473195,1.0,4.0,1.6380436509943312,5.0,4.811526549253382,3.130856991316194,4.513501526225401,4.870759226288838
108.86365463974276,3.0,3.0,0.0,226.50198923856678,2.0,2.0,19.543061440719846,1.0,1.6619791775051795,4.4486683711848345,2.461085165008744,6.642070088555806
354.52106457797413,1.0,18.0,0.0,7925.056293518358,2.0,3.0,1.4425468242604915,4.0,3.5973707132205313,2.8289396316226485,4.047777916693816,6.164146660349379
1009.1800771726516,2.0,11.0,0.0,6907.244633866976,2.0,3.0,1.6607213497138793,4.0,3.179612308606277,4.064807692808337,3.340020244565859,4.574611176723861
77.1019857023309,2.0,4.0,0.0,1021.0763636345044,8.0,2.0,4.962353910804404,1.0,1.213929833020468,1.548003662222242,1.1240529301528637,9.752662384457407
1127.3182216521,4.0,6.0,0.0,3147.3779654823747,2.0,3.0,4.877091146102495,3.0,3.5839067492855703,4.43199087360979,4.255663617690108,4.195665735566009
150.68249051012398,1.0,17.0,0.0,6499.489121791303,1.0,4.0,1.6239361903576826,1.0,2.1970497038345207,3.1443005801616426,4.308184786739372,4.316175099750785
199.87077009899122,3.0,0.0,1.0,183.18844254599134,9.0,1.0,15.744226023306599,1.0,1.4244094436479684,3.843430155740014,1.6530430603508628,8.267540735345833
1002.8610558802785,3.0,15.0,1.0,5292.156342421412,1.0,4.0,5.55162679979939,5.0,4.443870281690468,4.776860975823199,3.9428077352334086,2.812175955911993
744.5138248554101,2.0,5.0,1.0,5246.94986641451,5.0,4.0,2.0238100352903903,4.0,2.79981486056079,1.5628825027371624,2.730135059571421,6.943478957237969
1004.8704171234766,3.0,11.0,0.0,1866.458279452243,1.0,2.0,6.124672638061148,4.0,3.408475857375144,3.4569508347282607,3.7628664803556506,3.1421900585044904
266.37769055797935,2.0,11.0,0.0,6222.126366256787,1.0,3.0,6.0645161477552065,4.0,4.47047426823451,4.670338311522841,4.416489822259994,2.3540308773462653
1916.0574753380895,2.0,5.0,1.0,3314.737277692475,7.0,3.0,6.693605522451859,4.0,2.522391353007379,1.713725662170902,2.7312641677727645,9.282071666907921
285.55396075258864,3.0,8.0,0.0,2950.9734425536744,4.0,3.0,7.963590619060931,1.0,2.566323395584874,2.4390647884118186,2.5826849694117926,6.578206879429571
618.2738335125264,1.0,8.0,0.0,1281.8325289775544,3.0,4.0,3.567395306328011,4.0,3.0857626036554984,4.490083790089043,2.470043465566977,6.0879714179484
76.5354949787569,5.0,0.0,1.0,517.038741572249,10.0,1.0,11.39738212966546,1.0,1.162559475884808,1.1030716904771145,1.0947106996896194,9.908916691963586
145.68147932407632,1.0,4.0,0.0,1422.882716909258,2.0,1.0,8.217543653849043,3.0,3.2947157036519505,4.845640190613532,4.099782631520013,2.234726586389664
397.8080217860232,5.0,5.0,0.0,2689.184895753574,2.0,1.0,13.623524779175277,1.0,2.5682298870790627,1.18453891195163,2.078582560644926,5.470504462056332
991.1093654488702,1.0,9.0,0.0,7173.76982130708,4.0,4.0,4.506105068469037,5.0,4.766022488691989,4.19359542258798,4.109882292373619,2.187435589088171
994.8042220762331,4.0,8.0,0.0,3939.316289614915,4.0,3.0,8.774334311610412,4.0,4.168006609308961,1.9215605243073244,3.4156471378803848,5.147985291028001
587.9687182120019,5.0,9.0,0.0,1007.8324865058811,8.0,1.0,9.595239030364029,5.0,4.343695171006259,4.094820382319499,1.7063150726388239,7.378584485273946
1898.4024662514325,2.0,19.0,1.0,5380.236159063183,5.0,4.0,1.334137517580545,5.0,4.826182037546916,3.3866631279298125,4.557718460262462,6.903041416804382
744.5515540725871,4.0,12.0,1.0,1683.915504251211,4.0,2.0,4.585797800937348,3.0,3.9933749798433436,3.8438530139771983,3.7869108544645096,4.6849406351362
427.44836027375754,2.0,5.0,1.0,4676.700693849433,9.0,3.0,1.6226253611160182,3.0,2.5184275890815413,2.8117400964690007,1.4408425344126665,7.940346261924739
110.87677648266951,1.0,9.0,0.0,5735.60074562186,7.0,2.0,3.429779088155358,2.0,2.7179346647423097,2.715379161674336,1.6390154381951156,6.258752935501998
403.87776593198936,2.0,17.0,0.0,8436.88013003631,3.0,3.0,5.377910516162668,5.0,4.22068168190204,4.110651300401786,2.6622312840941698,5.792381529643605
460.87534077017557,4.0,6.0,0.0,1266.8624188994438,5.0,1.0,12.885939213832732,4.0,4.12555039836458,2.553050313633879,1.4023181923838035,9.417673570727455
605.5580271408442,5.0,0.0,1.0,524.5988402621459,5.0,2.0,16.26083800914464,3.0,1.9962156806168376,1.5366883770758695,1.8992831957407823,9.404665790837079
609.7746585638738,3.0,16.0,1.0,4596.347541405802,7.0,4.0,2.2814887390169503,3.0,3.499254595937707,1.5079039236240146,3.379942355397622,6.762298913765967
266.86043478978127,5.0,1.0,0.0,1929.342377287148,8.0,1.0,8.14720569421768,4.0,3.2217498087464116,2.620543120090913,2.6025523766699568,9.396819874351898
918.13757441011,1.0,13.0,0.0,5234.498161105072,5.0,4.0,1.409662933349162,3.0,3.320063844068698,2.4400601086967884,4.5857178805543075,3.037235352578181
210.34864421592042,2.0,11.0,0.0,988.9022073332593,4.0,2.0,4.114775282935444,1.0,2.5576403067745344,1.7168126221455506,3.1730410883452858,9.204876010164122
1659.210317832482,2.0,19.0,0.0,3607.2773543122044,4.0,4.0,2.646040302379231,5.0,4.47400791177694,4.948630467491217,3.7568209539783,5.6369854740326115
1005.7844821321497,4.0,2.0,1.0,1444.1231843375515,4.0,3.0,4.556126017188669,3.0,2.630167712207855,4.018248955894301,2.726888035391027,8.70531849885607
1870.1942062580808,4.0,3.0,0.0,3461.141193867378,1.0,4.0,7.906834753360521,5.0,3.7272720517803104,4.640019202070795,4.82680049195251,3.2876223988578204
718.1490773067864,1.0,10.0,0.0,6409.042543851269,2.0,4.0,1.4945918873271768,2.0,3.196424574241465,1.917612733444427,4.310529766550882,3.65474293220158
419.47619186389403,5.0,0.0,0.0,706.421419479432,2.0,1.0,21.635895247350497,1.0,2.0696369326674606,2.2703254734191143,1.8764813904161284,4.49617476487117
340.7353900337067,1.0,18.0,0.0,2169.3327891941026,2.0,4.0,1.5336733727490812,5.0,4.611344484716596,4.559474352128753,3.782468840812184,5.672850556267437
96.12623877164333,5.0,5.0,0.0,1941.274798993632,4.0,1.0,20.17931765893772,3.0,3.1656673758277205,3.7052161627272957,1.6725513678211812,6.61911984241411
1104.5191849189853,4.0,11.0,0.0,4565.181574623065,8.0,3.0,2.9400197363146665,5.0,4.86445406676089,2.401521092888541,3.942082410249798,5.947254771640599
576.1382785139989,1.0,17.0,0.0,2288.965934624641,1.0,2.0,2.7506619543190047,4.0,3.781880045298754,3.2282439629971686,4.771955892474057,2.2434750781323403
488.13970616442634,5.0,7.0,0.0,4604.236567762782,5.0,4.0,8.410644649721071,3.0,3.513330828086551,1.6571080933502103,2.6237026485226402,8.349140341021508
136.78227637083035,3.0,3.0,1.0,524.2280869236,2.0,2.0,10.190236954825716,1.0,1.2548330539537424,2.8569984534752804,3.6628538176156127,3.369058007801336
63.48368943446967,4.0,1.0,1.0,1744.387641038407,2.0,2.0,8.834876975071127,1.0,1.1150717878000216,1.010123528212564,1.971589320213722,6.99855398961893
387.9273745759523,5.0,8.0,0.0,1998.8852097465567,7.0,2.0,14.351549014428347,2.0,2.4668139307820747,1.913129168493985,1.3544262112822305,7.609074746565128
1732.9645548482727,3.0,16.0,1.0,5758.729448168796,3.0,3.0,2.741237738561684,5.0,4.047714082744594,2.943870453764041,4.658464593740421,5.525496725296419
1841.3196525998856,5.0,10.0,0.0,4583.277716289064,4.0,3.0,2.4251839253937146,5.0,4.5555628114639735,2.721065266265053,2.677022871368229,9.150282475970364
266.00095822115,4.0,2.0,0.0,717.9977193706846,3.0,2.0,10.206237450643025,1.0,1.7633366528819372,1.4194965798431072,3.2762275834191783,8.253612103356069
956.0077602089601,3.0,11.0,0.0,1293.27042257802,1.0,1.0,15.88988017778933,2.0,3.5458472189197248,2.9293026450257726,4.273245299879992,1.28267832179721
616.0290386543621,3.0,9.0,0.0,3270.7327717531234,5.0,3.0,9.085047877099324,3.0,3.1419628585983395,2.085286991877675,2.2018085364825364,7.939864503214552
421.6703556941165,3.0,13.0,1.0,1734.2601941290832,6.0,1.0,8.576243784104678,4.0,4.248869867408142,3.3907589461295076,2.9128019674488344,8.036948074269212
959.3819366935131,2.0,5.0,0.0,2234.365416450087,2.0,2.0,11.020684483610657,3.0,2.774607940516384,4.72522413901593,3.8586044281507164,1.2723428655708107
1680.610748147188,2.0,14.0,0.0,8341.920095158279,6.0,4.0,1.1998080018114698,5.0,4.960474226934524,3.4923635175179912,4.265329723078533,3.761069925750009
291.8911705548093,5.0,0.0,0.0,1090.5097016108696,2.0,1.0,17.892781298472077,1.0,1.2026714417332225,1.135143289362619,1.3612060015657996,7.481721806920001
941.5765788749001,4.0,4.0,0.0,817.5577027872816,4.0,1.0,17.53800472390668,5.0,3.6391662271583898,3.9142885553226634,3.998392375290676,4.336743035022989
1022.4546737767939,3.0,18.0,1.0,6978.115054658047,1.0,3.0,2.1154721905998666,5.0,4.655152060501257,2.2965314682262425,4.878518165355247,5.1194626678277855
237.74463473888895,3.0,1.0,0.0,818.5960840689061,9.0,1.0,14.068846000575382,1.0,1.308625029987323,1.7163709303396828,2.2597664930188253,8.677781491408085
387.23779487022597,5.0,6.0,0.0,452.63427575595904,2.0,2.0,16.480061047639023,3.0,3.411694607024085,4.229936626573462,3.501945046364402,2.5035775230115433
316.1788971296012,1.0,3.0,0.0,432.4465273971167,1.0,2.0,9.125016729756327,1.0,2.1982186218325124,3.7664059127922798,3.9021150303185825,4.125198413936307
853.074717629072,1.0,19.0,0.0,6364.376083269484,1.0,4.0,4.473352363087435,5.0,4.922969635429551,4.975050509734731,4.7364714876808245,1.3487309910115641
99.79945858766801,4.0,2.0,0.0,2309.0781241216864,3.0,3.0,13.083417140882876,1.0,1.728937372210297,2.220880201833325,2.2054343720835443,5.125383065089484
169.28389770196284,2.0,2.0,1.0,1839.63811721258,7.0,3.0,3.591824576746514,2.0,2.9741064955914385,1.5088680710013203,2.5115632774442207,8.47214447595737
950.3363253386796,1.0,5.0,0.0,4274.176260138299,1.0,4.0,7.195815509748138,3.0,3.397425189542345,4.278579583176203,3.1600950911825536,5.206888925823715
371.6171504941094,5.0,7.0,1.0,2733.381466321255,9.0,3.0,13.756676879592192,3.0,2.560780720188025,2.829011353944092,2.962077373621731,9.324776388731925
327.0047353182872,1.0,4.0,0.0,645.4575550893002,4.0,3.0,7.759020317700048,1.0,1.6001353966381768,3.3750322196483555,3.8591494556589963,4.689587317194717
383.1500706311411,5.0,2.0,1.0,1488.8881396965803,3.0,3.0,10.427897626509557,1.0,2.325101551493305,1.013126891206094,2.7166001797250576,6.560282361411151
95.63268217830621,4.0,0.0,0.0,1117.0059059144014,8.0,1.0,8.886167250635642,2.0,1.9461680770902972,1.2167317968455933,1.0264836956092405,9.813404869502499
224.00708740350476,3.0,1.0,0.0,195.32386852509197,8.0,1.0,18.022135730383166,3.0,2.052344830378072,2.157337796869108,1.122122124867953,9.793899539795937
1536.3944835505645,4.0,9.0,0.0,5920.5629500450095,2.0,4.0,4.3427212160330075,5.0,4.827573421536423,3.8281120013381904,4.855761686265261,1.287492886358221
506.86385104688975,2.0,13.0,0.0,8207.59555298655,6.0,3.0,3.716648224270404,3.0,2.82345390228076,3.397556837351368,4.194909333124433,2.4889247846177454
524.807709008504,3.0,10.0,1.0,7085.193219626329,6.0,3.0,2.6208446868018687,5.0,4.298735276362248,1.7370960247613247,4.1600918340779725,6.485185475712802
863.2364872211969,2.0,8.0,0.0,2190.093992318064,1.0,2.0,6.558403230135838,2.0,2.7389083069426183,3.662689905297137,3.0919149615200063,3.798047556994618
985.2692813802463,3.0,8.0,0.0,1371.0525997669295,1.0,3.0,6.811029060772843,4.0,3.394646771742485,4.840445721086192,4.803062514321776,2.351574373116238
472.3458939848606,2.0,9.0,1.0,1800.1711652434444,2.0,3.0,6.261980790830484,1.0,2.7286339041022334,2.2787557429073724,3.2752437861952313,3.345555397434117
454.75375049080077,2.0,14.0,1.0,5337.6786962396745,1.0,3.0,5.531053784888437,3.0,3.64656135466286,2.6364319571888224,4.783939909435498,1.3269314464635293
121.3820190648208,2.0,7.0,0.0,2529.2432044662696,5.0,2.0,10.156509061270603,2.0,2.024621648174106,3.762858569771239,2.1408568435996314,6.432407981893015
160.55023080988082,5.0,0.0,0.0,53.592416859041066,2.0,1.0,19.094679360580688,1.0,1.3228791030218527,3.876946274081139,2.4907818187106097,8.436790252629322
1233.5278671761228,1.0,17.0,0.0,5207.2414606674165,1.0,4.0,2.175042558107297,3.0,3.281316961759037,3.2648309688315154,4.195218005404731,2.992066947689667
288.18607967706066,4.0,7.0,1.0,5252.702088063984,2.0,3.0,7.5855282282984895,4.0,4.259422380793319,2.7376548845193915,4.076771215335346,4.962888515667728
597.2048817223518,1.0,12.0,0.0,2253.504198459765,2.0,2.0,4.193805430404503,5.0,4.232788678801033,4.944141357816591,4.363661522763941,4.654534596380621
1073.9507765109402,1.0,18.0,1.0,8797.973993033145,1.0,4.0,1.8977851921778166,4.0,4.603451000881708,2.217181320752867,4.4391459241619575,1.5009289712282783
260.92415230764635,1.0,6.0,0.0,741.0101201011906,3.0,1.0,7.1043580813915765,1.0,1.5544276132454045,4.072863423452633,2.7473381228677693,6.065621349537423
376.5540424012043,3.0,10.0,0.0,7262.931575554597,3.0,3.0,2.996453871282377,4.0,4.317819337903949,2.892306356377116,2.734256125270218,8.008836568119445
263.9312216821191,2.0,4.0,1.0,1552.445756204249,1.0,3.0,6.085458663322505,3.0,2.1242997185502004,3.7021716722589115,3.7098788546847956,3.9592726246830883
1740.9439610064783,3.0,16.0,0.0,5425.93137702168,1.0,4.0,2.009434464812947,4.0,4.227457821192846,4.2239405281469455,4.975374599469045,1.1364358872438363
114.96708599648598,2.0,10.0,0.0,6602.9943727268055,5.0,2.0,8.506736793811491,4.0,3.3268686912910708,3.9435692881815005,1.98741649834835,4.25877587440739
539.4281182332494,4.0,4.0,0.0,1379.863414734818,2.0,2.0,5.7807361247072855,2.0,2.5302476216343273,2.9353222760031303,3.7963436616281645,5.7306728999221095
989.052718661898,4.0,16.0,1.0,5815.2882535065,2.0,2.0,4.325093223481979,4.0,4.285582072979357,3.4083752595171157,2.97726105829294,6.827904005171177
266.34965053434024,3.0,0.0,0.0,380.0212801264966,8.0,1.0,20.917972067220536,3.0,2.8623144113119166,3.1999528639934733,1.059564336668646,9.382046487997595
1829.1664576290905,2.0,10.0,0.0,4082.025044158739,1.0,4.0,4.860869017590563,5.0,4.475226151635404,3.9656204923586253,4.937408958923362,2.871590819599956
1527.5995037448924,1.0,20.0,0.0,8385.268471647687,1.0,4.0,1.0044969005822024,4.0,4.247192512056388,2.889528583163059,4.994807396119673,1.2438845601740738
1894.7623724283576,1.0,20.0,0.0,9173.107366819448,2.0,4.0,1.7664470445248628,5.0,4.608501298144411,3.3362194781362846,4.108920929306097,2.1113976068244993
1122.3342599763366,1.0,20.0,0.0,7846.962813406388,4.0,4.0,2.4809359034500638,5.0,4.2012559077216585,2.6104375067750523,4.814214502325936,2.817480883902376
239.6272826428229,1.0,4.0,1.0,1370.406070254993,5.0,2.0,2.9497951082543103,3.0,3.1900849200315715,3.0579639143516437,3.2386002546530133,7.680702227057752
184.84851455010423,2.0,11.0,0.0,4079.384498995395,3.0,4.0,3.0562854774874757,3.0,3.636566943869904,4.106335122941205,4.100255308694804,6.686473342610488
456.3029755640892,2.0,15.0,0.0,4452.104628083827,6.0,2.0,2.3728456264461704,5.0,4.240043329388409,3.363383029826825,1.5472762540165248,9.468463863224594
545.2197954805312,2.0,5.0,0.0,3554.379122430424,1.0,2.0,9.264051477394753,4.0,3.8941738775196826,3.33655189565402,3.0074231529213558,2.007246603284382
1917.3224921804947,3.0,11.0,0.0,1676.076626071511,2.0,4.0,7.422821539298497,3.0,3.586409612499708,3.0710652325672325,4.597981159959212,1.8751274303648078
766.6481198615069,2.0,17.0,0.0,3314.451431707856,1.0,3.0,7.506836080814219,5.0,4.937034106795729,4.203408511141943,3.573798120527352,2.3394155795799616
849.8546731804115,2.0,3.0,1.0,1004.3050772625055,7.0,1.0,4.914633774790488,2.0,2.143583292955814,3.0800879019417615,1.1271195011580184,8.018524600487591
638.7310760369426,5.0,10.0,0.0,2751.564269303246,2.0,3.0,6.606189121463034,4.0,3.363038391874522,4.256464786312894,3.7840704892796353,3.3350912569320212
1964.4347966472628,3.0,4.0,1.0,1343.2977169458034,5.0,1.0,12.501201488414017,3.0,2.4750383038337387,3.0782941193556006,2.1712530628802194,5.052981252181828
365.92620753005195,3.0,15.0,0.0,6703.036704322049,4.0,4.0,1.849118620425049,3.0,3.6079166778513443,1.8273187809269,2.4896225158583034,5.632096861319069
1121.4244987302532,1.0,19.0,1.0,8393.199509718623,2.0,4.0,2.3700241955611725,5.0,4.998437276028112,4.975752351011054,4.746627499428865,1.3351698630845554
1949.5062289931968,2.0,11.0,1.0,2541.243764229036,2.0,2.0,5.845849829462816,5.0,4.878365406432576,3.3405892556363237,4.03676045893124,7.010017628725953
273.9859965699548,3.0,10.0,1.0,2233.297925772839,3.0,3.0,6.074018007496116,3.0,3.6527772913195555,2.8809563778758047,3.290984879351947,5.300916155083653
128.82298835602538,2.0,8.0,0.0,5902.034988713606,2.0,2.0,5.15852768703735,4.0,3.9747899035418195,2.2984924009342547,4.32940699413367,6.446492494749125
380.68492509403,1.0,15.0,0.0,2115.1195197348825,2.0,2.0,3.113702499379812,5.0,3.9197469630698096,3.7486755369413816,4.295416930195488,2.7018427115888213
1478.4640835039118,5.0,4.0,0.0,1890.8556032007712,3.0,1.0,15.138301669804973,2.0,3.512447099087121,2.460937852545572,2.369732664044332,2.482179469823626
813.8536876827455,2.0,16.0,0.0,5497.215411017346,6.0,3.0,4.680584558817002,5.0,4.288383165097386,3.4072824377167548,2.189963104412719,7.915246648382558
353.2656337948459,3.0,4.0,1.0,1847.6978755250148,4.0,3.0,8.170483275491716,3.0,2.6328722077620252,4.223183305494851,1.7012120803393145,8.44346010276127
1710.2680697630842,3.0,3.0,1.0,2264.56171691812,2.0,2.0,11.104852369260977,5.0,3.943485811362488,2.9383524800168828,2.0842923377247455,6.205995638974809
1113.2775355846031,5.0,15.0,1.0,7308.872881325549,1.0,2.0,7.474146114531843,3.0,3.687365713132135,1.3942115002533655,4.859098082259857,4.5479282501887015
605.6098480282443,2.0,2.0,0.0,1356.0314256260356,5.0,2.0,7.294531417299022,4.0,3.122433998100167,3.9141071578488127,3.3685392761551296,7.970022620070992
1797.6025623041714,5.0,13.0,1.0,7068.753504720952,6.0,4.0,3.4645995473360687,5.0,4.840590943107932,3.366170700943459,4.620746137101214,7.341611747350066
118.38839451300286,1.0,11.0,0.0,7469.864141602364,1.0,4.0,5.398605568768346,4.0,4.396977359107892,4.384181227189169,4.85070736628309,1.1601853938846176
1435.574474988574,5.0,11.0,0.0,3212.795556347126,1.0,1.0,8.067367168663782,5.0,4.497896094895351,3.3490043639805913,3.6510423384369863,3.4288198017298055
860.926757760616,2.0,6.0,1.0,4982.316833250977,4.0,4.0,2.678446502777478,3.0,2.5482470021238743,3.39333528121647,4.219753101618636,5.988910110601739
466.1512846617961,5.0,1.0,0.0,75.96355116876286,2.0,1.0,18.145524090476293,1.0,1.5681214187410335,2.9036251350642295,1.6273337350333688,8.651931139443146
459.1227572708119,5.0,9.0,0.0,901.0220938577531,5.0,2.0,6.730667485158297,4.0,3.229050600104933,3.969050557044426,2.4462078949325776,5.870859426022227
446.7085863731405,5.0,3.0,0.0,765.0196364856249,3.0,2.0,10.431475365808947,2.0,2.414168034154984,1.8641390326764553,4.072549666935056,8.046402743371537
284.4727768551564,1.0,3.0,0.0,4108.383505716756,2.0,4.0,3.8349929032832546,2.0,1.6650079712767099,1.7230179002101178,3.035618670203593,7.876445696591585
435.7104949833954,4.0,6.0,1.0,3901.6183893246925,4.0,2.0,9.769248915251039,2.0,2.739212879510102,1.0985143608216963,1.749706471648977,8.551062838133005
546.1023798444129,4.0,5.0,1.0,848.8574775722287,2.0,2.0,16.471389892031716,1.0,2.535924056640757,3.717107913544648,1.7773560848936485,6.611410529531959
436.7951151748269,2.0,9.0,1.0,6082.796784904182,5.0,4.0,2.3943258063960124,5.0,3.7156440085076468,3.0234527534677857,2.257719160837648,7.3236772917027775
106.28375530618234,1.0,4.0,0.0,1021.1870621588814,3.0,3.0,10.915006686929475,1.0,1.6008321880647127,1.560872712941731,2.6440480061613383,8.354422880438397
119.379396332272,2.0,0.0,0.0,85.56835810536948,3.0,1.0,8.874298267194419,1.0,1.714973614590659,3.2505644214621534,2.8795859501530363,4.626646163047555
779.5276383935071,3.0,12.0,0.0,2126.9912661370554,3.0,4.0,5.2348671003208995,2.0,2.9399644056842744,3.3499115344613517,2.374734882253347,3.4332188819264773
806.3826100359879,3.0,7.0,0.0,3236.0768312783466,4.0,3.0,5.266891225027215,5.0,3.875970191396861,2.0714801893154,4.069475615320268,5.22164150038914
1319.0344098729217,5.0,3.0,0.0,394.0067836440492,3.0,2.0,9.98645275313465,5.0,4.213520364715052,3.5067055291568137,1.871072686202054,9.168374044861089
1576.2098626008824,5.0,1.0,0.0,182.39932676866047,10.0,1.0,9.764476005281455,4.0,3.5212223200180115,3.952335027684634,2.1429305550930264,6.394933731273902
832.5124897212571,3.0,18.0,1.0,7915.850386143324,3.0,4.0,1.9247727738918932,5.0,4.863369613072835,3.6573996453436104,3.2380451139023316,6.89537117157555
635.2606839501047,5.0,7.0,0.0,1365.6402888521063,2.0,2.0,8.548555902231348,3.0,3.1369985381784042,4.622696037282251,2.28718832417141,3.091452692755061
828.3949531835468,2.0,6.0,1.0,1606.2039978152973,2.0,2.0,12.604917982680542,2.0,2.7956880209616286,3.738234789539389,1.9631926679499152,6.32135384285656
150.79110158803994,2.0,13.0,0.0,1565.7049718458304,1.0,1.0,5.5329744387543345,2.0,3.0914603449776568,2.6246853528629015,2.329729318570984,4.606367227225821
1348.9688958569773,1.0,15.0,0.0,9395.473557847316,1.0,4.0,1.6023811559213008,5.0,4.908150699703299,4.671510159319916,4.969627701149534,1.6769966162930139
330.120714897212,3.0,5.0,1.0,5031.374036067328,9.0,3.0,3.1679360539708346,3.0,3.4560554939645933,1.3152421348073546,2.8214305040735064,9.602044889723786
73.85288521132206,3.0,5.0,0.0,765.110940291902,1.0,1.0,16.417539142435565,3.0,2.713284732475396,4.590554784511225,4.126808393723771,5.666466546487924
926.7347928924835,5.0,9.0,0.0,1543.241118083627,7.0,2.0,9.710912682599897,2.0,3.697742601391163,2.1794833836987824,3.222497518289111,3.4165769333180576
1068.2514284493348,4.0,2.0,0.0,2985.8635310935865,2.0,2.0,12.945427271859693,4.0,3.3590915212238737,2.5082229114163037,3.159968546398853,2.530329692479542
1409.6302672977088,5.0,1.0,1.0,162.31936210894537,2.0,1.0,23.379267484584215,3.0,2.6081292349372855,2.737680779835138,3.1888932901238274,7.079819650169268
751.7935970547164,1.0,14.0,1.0,4361.249961570297,5.0,4.0,3.093058683681235,5.0,4.343941703042558,4.370530660433016,4.309348736953788,2.77450718945194
402.62078132789014,4.0,11.0,0.0,1854.5588955201424,2.0,1.0,10.38227848874591,3.0,4.251687169407144,2.771234661045862,2.6501337352556185,6.592258502472161
139.30656703803444,5.0,0.0,1.0,122.31321898135297,6.0,1.0,14.123588380257903,1.0,1.4494000981063218,2.23007688785063,2.0949397649332266,9.468857833837026
543.7423795086315,5.0,0.0,0.0,1123.6912371500125,10.0,1.0,10.321064330463262,4.0,3.548365756545815,3.3429491489172327,2.2574679406593985,7.890567973529775
705.0296978279969,4.0,15.0,0.0,3528.4257866059315,2.0,2.0,4.8661707618798165,5.0,4.679231594390407,4.286482706637896,2.403982649621259,4.123448431462408
863.2773507334576,3.0,17.0,1.0,2860.8365263674805,1.0,3.0,7.283797678415326,5.0,4.94313090763502,3.3106332697327954,4.338196619982389,2.9638255009607644
486.67919638502315,2.0,3.0,0.0,412.06070447010654,2.0,1.0,12.797073793103156,1.0,1.7888158388902273,1.9505730257530862,2.172974646634085,4.150948419276805
279.3604767865601,2.0,16.0,1.0,4515.698746217793,1.0,3.0,4.245517032480511,2.0,2.2089601318939143,3.221099040550955,2.953824520112923,4.503186979943107
265.95111586759367,4.0,1.0,0.0,910.0786083420138,7.0,3.0,10.966169065688865,1.0,2.314493596425355,3.2796658993558325,1.3526998967214137,9.43861725625437
211.42495906298265,3.0,3.0,1.0,1897.5489790496554,4.0,3.0,4.328411420124,1.0,1.915591674063694,2.3371247571708382,3.7614805828955387,5.06422174696421
743.0349970669013,3.0,4.0,0.0,1019.2317969596074,2.0,2.0,15.152019861984176,4.0,3.4242864212562103,4.349581739679744,4.227718347575634,4.203526293866106
697.0537928115896,4.0,3.0,0.0,2075.352307001833,3.0,3.0,7.101415728119706,2.0,1.9927568674425513,3.5786108924539035,2.8007242487082746,6.0081169813896125
200.01478464404062,1.0,5.0,0.0,1670.2490968503014,6.0,2.0,6.5528248836491185,1.0,2.1012147010631983,3.6282442968742585,2.290814149967189,5.624931066299563
253.0665338061946,1.0,9.0,1.0,7513.61428349498,3.0,4.0,4.962817712897974,5.0,4.220622501144481,3.981974099252703,2.664246032342364,7.679740118690086
352.3383706326748,4.0,9.0,0.0,1272.043930418522,8.0,1.0,7.023466273224036,4.0,3.5650900454874743,2.409775696070472,1.1943351719483974,9.568018014683199
1248.3165343590506,2.0,13.0,0.0,4980.065661968185,3.0,4.0,3.7076761797730473,5.0,4.481600692507505,4.7316827636986805,3.1428570572563275,5.817318485464475
558.9577200616457,1.0,11.0,1.0,5596.20299646916,1.0,3.0,3.324337610980949,4.0,3.894632553316944,3.281807388552802,4.37401870071931,2.7922528467517598
440.64539754938716,4.0,1.0,0.0,394.04679620620374,4.0,1.0,20.37090826724404,3.0,3.3095749024681793,2.2379193884565955,2.31827640171485,7.358242938855911
66.1307034009491,2.0,2.0,0.0,660.1417997922784,6.0,1.0,15.395774511085516,3.0,3.38658675557621,3.4054960305050628,2.162295985233593,4.71977858828852
104.08561724358403,5.0,0.0,0.0,57.948359704308615,9.0,1.0,18.218723654171608,1.0,1.0755161476592017,1.1549216154410291,1.0126047696532363,9.899009074370317
1100.5741707549103,2.0,4.0,0.0,3977.9396936634867,4.0,3.0,2.7599580848045884,3.0,2.7493697081056783,2.183526345191832,1.9978338104380817,7.1506419315225145
213.2745733803749,1.0,4.0,0.0,3990.8750406616546,3.0,3.0,5.910003194507443,2.0,1.8242158756193174,1.6078522441566387,4.092121351884721,6.250800478688694
763.082011874644,1.0,7.0,1.0,2939.009114590213,1.0,4.0,1.5728627734883873,4.0,3.198276478400891,3.297237493200649,4.319657862739713,3.2573034822219604
1557.7765315060335,4.0,8.0,0.0,2374.349440373696,2.0,2.0,6.581947176534581,3.0,3.4246683621652556,1.7770700607318186,2.8795611068363605,3.282598245995798
574.8582068702418,2.0,3.0,0.0,1163.9487309968868,8.0,1.0,5.23688104750926,3.0,2.9959301820066515,1.9438388779938143,1.593814692001743,9.330278954903463
676.7125228840376,5.0,0.0,0.0,163.08059389924628,2.0,2.0,17.7376924477483,3.0,3.223443425755664,4.874994943659191,3.1486255680763375,2.359695144032122
756.6165915296947,3.0,14.0,0.0,1818.593348831715,3.0,2.0,5.116344703196291,3.0,2.785210275792503,1.9868480132735629,3.6031259165068548,3.867189041101164
165.71996329868185,4.0,5.0,0.0,919.2214305617103,8.0,3.0,8.381215524033937,3.0,3.6599133397417463,3.846014040340906,1.5013449927623586,7.918980914338103
552.9442052735299,2.0,3.0,1.0,1883.9605192200881,5.0,2.0,10.950281584730686,1.0,1.541448547548944,3.5913795123510273,3.3158472559219487,5.289633059480506
294.8858984973777,4.0,5.0,0.0,960.5362106869478,8.0,1.0,17.47466610219883,4.0,3.8117150478198902,2.584981546883141,1.6355030189011979,8.13765895260186
825.9617510937246,5.0,12.0,0.0,2886.205170172947,5.0,1.0,11.40328093512439,5.0,4.619329901976063,2.598132311745233,2.047530858671398,7.798927843318733
513.2716195529683,4.0,10.0,0.0,5811.222438314499,2.0,3.0,7.68718015966647,2.0,2.3663627589569423,3.4423028826640705,2.9140395607092806,3.7189976003435987
738.2193704227036,4.0,5.0,1.0,3829.6199900048805,7.0,4.0,4.9852805445756765,5.0,3.9068611517086493,1.9367627460256092,3.1293916571388367,9.083229908349585
704.5432698553807,2.0,12.0,0.0,8215.368493073534,1.0,4.0,4.978619888026536,5.0,4.341274055843259,4.908780448974953,3.4135195863805166,1.965112002747702
301.76873074852176,3.0,0.0,0.0,816.6891730959601,10.0,1.0,17.87503854387748,1.0,1.2654699882934346,2.8570657506052544,1.3698384902567444,9.39472734985338
1190.4154774192311,2.0,16.0,0.0,2855.894482193562,5.0,4.0,3.6401899304335097,3.0,2.898916206880536,2.069075473826259,3.816804957251269,8.063103118462507
286.4034017857972,3.0,8.0,0.0,4430.814345454275,1.0,4.0,6.149359436886997,3.0,3.4723638952158575,3.1560963356069096,4.1567823557039345,1.9460349038322668
570.8953764362092,3.0,2.0,1.0,2851.857482508459,10.0,2.0,3.2448141731439426,1.0,1.736390348706035,1.747919560624672,1.0810949108221914,9.818927057936705
89.43053261733402,4.0,4.0,1.0,812.397522086735,8.0,1.0,7.960126683661202,2.0,2.0516612440620863,1.8989537125709843,1.4936664865766123,8.887270580454276
61.95855695757301,4.0,0.0,0.0,1240.3303956101258,3.0,1.0,15.482657086812111,1.0,1.4950800065128869,3.0429752723442864,2.2808713524505078,3.964809204452864
70.73066474795651,2.0,12.0,0.0,904.357800376527,1.0,1.0,9.900561166507456,1.0,2.3341751179713186,4.598444727519099,2.4819558373777593,3.7916089308741183
301.3180200366534,5.0,2.0,1.0,348.7446589715588,10.0,1.0,11.588385496462923,2.0,1.9972821349378551,1.239814043181771,1.4400083199314075,9.378856414045519
162.47237616853658,4.0,2.0,0.0,341.42052463611367,4.0,1.0,22.854975398768648,1.0,2.431427543067387,3.4728465569244675,1.13903198459587,9.062454517990794
446.62341326853425,4.0,7.0,1.0,885.5430984705295,5.0,2.0,12.611622269509404,4.0,3.403771528501969,3.698055969307304,1.5366342505087385,8.70163937491984
96.99006028035576,1.0,4.0,0.0,704.5717322657321,7.0,2.0,10.925983772893417,1.0,1.2892266349523167,1.7459476353782162,1.699422096413951,8.040117872895749
608.8878478997788,5.0,0.0,0.0,1162.456485995726,6.0,1.0,19.5319888921282,3.0,3.332388187095424,1.592275451379962,1.2734961531699944,7.3655704261357915
436.84251183527863,2.0,2.0,0.0,2387.8930400615786,5.0,4.0,9.836736113221423,3.0,3.1662574987545127,2.3813090935015535,3.8702110113473545,3.8860201617526946
738.1219989919466,5.0,7.0,0.0,3545.9359257455026,3.0,1.0,14.167139271434786,5.0,3.926997770054439,2.9942083066156906,3.4338652118150375,2.26861494411442
313.7562665863409,5.0,6.0,0.0,1913.7423621540859,3.0,1.0,7.839095500859915,2.0,2.366033161399682,2.038313260304767,2.7435039937938974,4.729986207260386
671.4808609733362,2.0,10.0,0.0,1766.3848895774481,3.0,2.0,12.43413945838067,4.0,4.277660180297829,4.841629392671121,3.833539457365723,4.577790255733264
1348.5733559834327,3.0,4.0,0.0,703.6103026425956,2.0,1.0,8.877776966409138,2.0,3.2232049219179952,4.005355078694244,2.303111322305108,4.0038756846302705
1312.1590022256855,1.0,13.0,1.0,2787.1245570659325,1.0,4.0,1.4608429875999778,4.0,3.494002179185096,4.287723011880526,4.464141664448366,3.3257659924567524
155.02436665442968,4.0,0.0,0.0,179.29428376066303,5.0,1.0,22.607718121692145,2.0,2.1217614520792116,3.5009282658062797,1.5131007915282653,7.150607752897077
1686.5627680560183,3.0,7.0,0.0,2978.1604282889325,2.0,2.0,3.0520261135121953,5.0,4.520116229354305,4.428051656164168,4.085752940231231,4.379680796873358
296.0073853713447,4.0,8.0,0.0,5200.402227025147,3.0,2.0,12.306494401234986,5.0,4.7612436396888205,2.6599026934091197,1.8771216512358575,4.792307062362601
325.3032542267917,5.0,7.0,1.0,3290.717902644358,7.0,4.0,8.970262811768098,2.0,2.8781718589672725,1.6240876849439247,2.395345337288341,8.12964097795637
846.433416368021,5.0,5.0,1.0,2950.89375991331,2.0,2.0,5.909780539450332,4.0,3.4482393006156364,3.896654872105541,3.2173528272631398,5.526133512974893
639.4062356511511,5.0,0.0,0.0,1053.778626267219,8.0,2.0,12.760149890127298,1.0,1.532277986374586,1.4189028827242613,1.8244622135306958,9.098121609295047
713.7207097075687,2.0,13.0,0.0,2270.860907674625,1.0,4.0,2.4927069960339963,2.0,2.886364457511628,2.3159970278599635,4.926593544023268,3.8814391604545975
723.5732520049943,1.0,15.0,0.0,4106.845679124332,4.0,3.0,1.7404929812314116,5.0,4.446093952659176,4.93678518659134,3.976187164715468,3.859936091956662
159.48793547876875,5.0,5.0,0.0,511.2179383648636,10.0,1.0,13.418110780132153,2.0,2.3276158917360084,2.8030306072221833,1.053802985377969,9.876682517684962
138.53979477339547,2.0,13.0,0.0,2253.5204003998792,5.0,2.0,2.4196254886191677,2.0,2.7862710849064722,2.174841474539092,1.9425819858872249,9.778201401908605
200.78150082482495,2.0,4.0,0.0,2701.1914721904336,3.0,2.0,4.2332439386600935,1.0,2.4763999340916873,1.1454811124172375,1.3266896792760756,9.378234326709753
588.5897200194331,1.0,17.0,0.0,6462.493672548635,2.0,3.0,3.1508404677288024,4.0,3.8225916337622854,4.226141910725927,2.5517890788862783,2.2812181360258266
358.3179140107703,3.0,1.0,1.0,1663.039949948154,5.0,3.0,5.742733260825599,2.0,2.228222895499738,2.0876663697547286,1.7028742672753692,7.222649193983081
216.79991604566283,2.0,8.0,1.0,3043.957068013303,4.0,4.0,3.102748177645263,4.0,2.801233791814835,4.127067500305056,4.308876984286524,4.581197390606262
365.6346378599293,3.0,1.0,1.0,2185.668685217339,2.0,2.0,9.804782292774675,1.0,2.2197665361971985,2.5861874179204576,3.5783581201134007,6.901567761853309
243.20748695652057,2.0,9.0,0.0,2766.8825205808826,6.0,3.0,6.166180412616045,4.0,3.757617227766867,2.796363397582992,3.7461183579095927,4.451163603260536
1275.9566569977828,2.0,10.0,1.0,7741.314237453761,1.0,4.0,1.461418433566529,5.0,4.5288100566103315,3.3716916521719087,4.736923653294854,4.459825753239244
706.4631045635838,1.0,8.0,1.0,2369.7772589082406,2.0,4.0,1.913033823195943,2.0,2.1085838034816144,2.2541687736780505,3.9296521772462634,7.600481605441676
388.17883675358604,4.0,2.0,1.0,1893.8340598770003,6.0,3.0,9.339610824855194,2.0,2.846505749041098,1.4666120544430472,1.4192666935977352,9.70151471237288
175.10763493523933,5.0,0.0,1.0,852.3583887027098,8.0,1.0,18.298878562591305,1.0,1.731791680728433,2.078480786679114,2.0758907972648273,8.126212899914059
595.7908569717666,1.0,12.0,1.0,8454.660198298365,1.0,4.0,2.9297723540498493,5.0,4.1381457811076725,4.894456217964009,4.5724305871175925,1.3342677886705419
58.12366717344008,3.0,5.0,1.0,1067.946375837415,8.0,1.0,5.615742833023499,3.0,2.145986999310174,3.7168050571538047,1.1004557554188177,8.852368753244521
511.86218397521765,2.0,8.0,0.0,1164.2418611459457,1.0,3.0,12.520885462811025,3.0,3.8055534016751715,3.0021424704953943,3.959140474775977,1.963154431818066
1447.5838800891538,2.0,6.0,1.0,4165.032697873202,3.0,4.0,6.33013169158329,4.0,3.7402614068897866,4.133498034390517,4.194246196879017,1.7463255984323585
318.6991751547458,3.0,9.0,0.0,2716.747532894026,5.0,2.0,6.284298896755692,2.0,2.3762331209816234,4.015477935400626,3.0616764684741207,5.898047786041739
585.3874160772042,4.0,9.0,0.0,3429.7435440763393,1.0,3.0,5.9398887432465735,4.0,4.3387067717865095,4.782181893755947,4.108596751602839,3.6303537657439993
251.4122596311649,2.0,5.0,1.0,4281.168135189129,7.0,4.0,7.545837941584751,4.0,3.2406994717834747,3.125307756664168,4.046229939798211,8.420805055549138
583.5720042185761,4.0,12.0,1.0,5646.261247966162,1.0,3.0,6.795522980715787,4.0,3.967333829735982,3.048406944131241,3.0057503526507374,7.09778202131954
1410.4656396645244,5.0,6.0,0.0,2311.488652678422,5.0,1.0,12.269577434107287,4.0,3.3184059544993323,2.4999738723810574,2.314770304332832,4.949222131364124
184.54883979914905,5.0,0.0,0.0,8.745541146371956,4.0,1.0,19.63312188973568,1.0,1.1114964868633819,1.5140107013931914,1.8788131727825435,8.854151229033373
1181.5064060075204,5.0,10.0,0.0,4471.8800383095795,3.0,3.0,3.170469997514842,5.0,4.196398621843919,2.8818948371913997,4.384406000638658,5.937046863057965
103.65475717229143,3.0,7.0,0.0,5222.727679575298,2.0,3.0,6.022730795078561,4.0,4.104175292986812,4.535143327355366,4.253810879255332,2.803829755947954
314.6577938674699,5.0,0.0,0.0,372.8008267010313,4.0,2.0,20.383041021042843,2.0,1.5749332930651037,1.336431342435786,1.933488944353653,8.765492140552896
84.09884518393386,1.0,9.0,1.0,5940.514052139383,8.0,3.0,1.9377435338162126,2.0,2.468847745267433,1.4568225898873677,1.7886512076996968,8.48376782075192
182.9863463160435,3.0,0.0,0.0,210.60928284164476,3.0,2.0,12.187332616060319,1.0,1.3766755784395721,3.2703838058529193,1.336326000813299,7.279900410496137
584.0092672504983,1.0,16.0,0.0,8200.554713286381,5.0,4.0,1.582319259950773,3.0,2.760692469351569,2.4776696235634392,4.679172406549323,6.337358620496914
589.0654916475461,3.0,2.0,1.0,569.5776283882409,8.0,2.0,11.604055213822438,4.0,3.470747095345259,4.834820519732869,1.1797920379067248,7.615018022657219
139.82978029473264,3.0,3.0,0.0,355.2472841250414,1.0,1.0,16.40001800134459,3.0,2.355702933378886,4.838707765220203,1.6758193397751697,7.36408639224261
654.4632574714834,1.0,15.0,0.0,8320.127263507502,2.0,4.0,1.4666986083592093,5.0,4.3238052282621044,4.571047350247374,3.6864337274975627,5.998982461946062
200.17670430331788,1.0,8.0,1.0,1427.8647358445596,5.0,2.0,8.626018541996425,2.0,1.9219778224098862,2.1545630265153397,3.01642504204807,6.5552556492473935
254.24238810633497,3.0,6.0,0.0,1084.1835101329486,1.0,2.0,7.208820146957049,4.0,3.095393628661382,3.971326247767812,2.964540621403049,7.5955514998988125
71.11439144337395,5.0,1.0,0.0,174.2329922944272,8.0,1.0,22.96018863073019,2.0,3.0109046199526537,4.234529946235481,1.0368477347310177,8.915407588187005
522.8341198413626,1.0,17.0,0.0,5343.879396353108,2.0,3.0,6.312601397373212,3.0,4.326633114823192,2.688004123043785,2.667535848668134,2.133995446177393
671.3341957419854,4.0,5.0,0.0,1224.1156498171197,3.0,1.0,14.619396892055613,2.0,3.157475313974295,2.6574821971027167,3.8982979443288714,6.487009129772286
1093.639909257052,2.0,7.0,1.0,6670.406618076058,1.0,4.0,5.878509675415073,5.0,4.786324063547324,3.580658089444826,4.578115570788499,2.3742651884034585
100.9074322147198,2.0,1.0,1.0,650.5472623306345,4.0,3.0,15.334788029271689,1.0,1.0602428321794797,3.4248034717716016,1.452584428480866,8.947697669244533
396.8959615424307,4.0,0.0,0.0,336.50075729054106,2.0,1.0,10.621026120009242,1.0,2.4398939069389036,4.536648863149027,1.546392264503924,4.487442288713829
714.4920270327829,2.0,6.0,1.0,4762.8502554434435,2.0,2.0,9.035985518483262,5.0,4.14157143278249,3.424729727128484,3.435316484912404,6.377707808324207
466.8288125352773,2.0,7.0,0.0,724.5578350709148,3.0,1.0,15.958766201115942,3.0,2.971353211649393,3.782295798650681,2.1506573380216825,5.815008743034616
479.9142585060892,4.0,4.0,0.0,380.8197582962929,4.0,1.0,11.731185806075773,1.0,1.5597452537318441,2.757683857393142,2.9960476507226836,4.780762638042857
1006.122390965014,4.0,13.0,0.0,6792.863733097213,7.0,3.0,5.059655296724272,5.0,4.703536226520672,2.7541500588142966,3.21629389317164,5.34227109724849
268.82473873052487,4.0,6.0,0.0,1221.1808315607798,1.0,3.0,16.63128767748006,4.0,3.7844961606293737,4.88509543769824,4.470148335523463,3.6148922039143923
561.0122694800139,3.0,16.0,0.0,6496.765616234244,4.0,3.0,5.518652123546116,5.0,4.8583359023217145,3.6461476039492076,4.060512423241615,3.278581713664498
920.6484678079775,2.0,18.0,0.0,7967.459326556395,2.0,4.0,1.103998006469092,5.0,4.888392886017056,4.127746783961536,4.969437630253826,2.7948537267750035
1321.8894014204018,2.0,7.0,0.0,1519.967608319475,6.0,3.0,2.885975510823441,2.0,2.680211719610626,4.461625665501222,1.728866813346143,7.229476692162841
229.343950374734,5.0,1.0,0.0,340.3062938850067,3.0,2.0,15.773222131495608,2.0,2.792152446212447,3.925860597162527,3.405109230793015,3.641714335824455
1429.401946651621,5.0,5.0,1.0,1190.268845825674,10.0,2.0,5.328125611114556,2.0,1.958256876450181,2.0494286135219086,1.4452132450970518,9.074850351404116
487.27935389483343,2.0,9.0,0.0,3534.82380356653,1.0,2.0,3.068704936096686,2.0,2.7537087587642217,2.0009082271281313,4.106619504750699,7.192917882770767
245.35296010871744,4.0,4.0,1.0,1559.085991815289,8.0,1.0,11.192747857542965,2.0,3.1980542425724274,1.3480773148935246,2.2485333818136173,8.84673865776392
102.790193938428,3.0,2.0,0.0,780.7501072874613,1.0,1.0,17.38049446907933,1.0,2.194354696742918,4.466987712196628,2.969252317069871,4.016225096918253
346.8728063168869,2.0,6.0,0.0,5456.246402834982,6.0,3.0,2.5527898256569377,3.0,3.341445492625156,2.5673994783209615,3.106886478532544,5.59283130019694
440.28615135169844,1.0,7.0,0.0,3696.766765324702,1.0,4.0,6.977079497891163,5.0,3.82700829522226,4.18660053572116,4.197054963529432,2.5523656882006853
66.97661813082198,5.0,0.0,0.0,261.00434478424893,10.0,1.0,23.829924001834687,1.0,1.7608547839411162,2.809944588196868,1.0214326111001377,9.696518375875224
918.5712046508002,5.0,0.0,0.0,943.0631239545511,3.0,1.0,19.605857147049893,3.0,2.4365327401607404,4.0856590402720165,2.241372666075423,6.669933465923358
814.2886910114916,2.0,18.0,1.0,5926.763848799214,1.0,4.0,1.5748511114290227,3.0,3.645745117287861,2.24037593808102,4.977767834891824,2.0363681373771745
1330.419611566529,1.0,7.0,0.0,1447.4732592856167,6.0,2.0,5.479470265591792,5.0,4.033438263311938,4.025365543344212,2.4392141113984467,7.142740169645005
158.10859925892365,5.0,0.0,0.0,691.9300598521737,9.0,1.0,22.907431758347176,2.0,2.2872994463503655,1.4245235119520412,1.8756509441180633,6.581392108211217
511.3558706594852,1.0,7.0,1.0,1915.6547093684974,2.0,3.0,4.636688627364372,1.0,2.0309840689126997,2.501079102484154,3.1030005797419182,5.295048428058729
662.5782949625373,3.0,3.0,1.0,1973.616278489109,5.0,1.0,4.007746545146481,1.0,1.531430943444942,2.944859046278852,1.6256257726525372,9.613013823413763
527.9755277201282,2.0,12.0,0.0,7436.391946919584,5.0,3.0,3.6164675951398353,3.0,3.3208809414988694,2.0542648208042795,1.998580205924095,6.7886719169445815
551.2246760427602,4.0,1.0,1.0,209.08035234961696,7.0,1.0,18.56247330430867,2.0,2.6870107443899527,3.6806091669541545,1.7378150375180799,7.346133514475033
896.7867046733968,3.0,5.0,1.0,5517.485850625282,3.0,4.0,7.24192865330353,3.0,2.6691143508487336,2.8735216196709996,3.1528574942275283,7.108647751965693
161.24164159392507,3.0,2.0,0.0,422.0852390285546,4.0,2.0,13.361463632704535,1.0,1.2541370912046275,1.376774911178913,3.56429014368808,8.845300700756002
691.6372628105776,4.0,14.0,0.0,4250.5633539203645,1.0,3.0,7.776955175770722,3.0,3.889908561335157,2.583610571880686,3.692962680765097,3.5680516787438163
62.07595493266314,4.0,1.0,1.0,1815.1179794850366,6.0,1.0,8.808684951314847,1.0,1.4620513854388582,2.733847718750009,1.411217189114667,8.999803894246645
586.3858279401774,5.0,4.0,1.0,1388.5634669064157,5.0,2.0,6.45173468367341,2.0,2.125094234150242,1.4023939954139224,2.3995987401278525,9.6042428083894
384.2084335763229,3.0,2.0,0.0,2946.9408569794914,2.0,1.0,5.308092254466454,2.0,2.5764684310479207,2.0581855641416045,4.031186433827511,4.414904101926489
222.72782464648256,1.0,16.0,1.0,7433.229831361218,8.0,4.0,1.1931848054503924,4.0,3.5179225364060565,3.864037114070398,2.3026137281716963,9.205566288812935
116.21132208238734,4.0,4.0,0.0,467.0126155311404,1.0,2.0,12.095882749962788,1.0,1.9098557810142696,2.1192703156588952,1.792868766876573,8.879286522861735
462.5874631892856,4.0,0.0,0.0,1509.5638417022712,7.0,1.0,11.765756143474524,4.0,3.270322802349593,1.9118422823403929,1.3911935378966247,7.968228485081916
173.21416750509354,4.0,0.0,1.0,420.8424620360838,10.0,2.0,10.641757975991064,1.0,1.0092290161971218,2.1571947487447805,1.184126742578186,9.021292854291216
53.53475741530509,3.0,7.0,0.0,4614.367481994777,8.0,3.0,6.391662110244256,2.0,2.8876991136359687,2.5899713972266794,2.238694653491146,9.101629202623636
170.4057490738331,2.0,2.0,0.0,1827.4655298096889,6.0,1.0,6.939163402612488,3.0,2.15406639931327,3.416915238888182,1.3166288673251603,8.838047260935626
1428.7939499833185,1.0,11.0,0.0,2060.190249187927,4.0,4.0,4.67038002021068,3.0,3.0687749384641743,3.3933671489598254,4.112079550368592,6.160051627580239
1414.5650306943287,1.0,6.0,1.0,6930.075443903354,1.0,4.0,1.157490007872389,2.0,2.720797176268425,1.5725851430789615,4.685042736006922,3.13969878108338
142.2657512180853,3.0,3.0,1.0,854.9078789277503,2.0,1.0,10.698469386796798,1.0,1.5130720416349042,3.525037262605605,2.6264584013387506,7.908947730129155
1958.9741124719412,1.0,11.0,0.0,5984.800571804783,2.0,4.0,2.711073704570822,5.0,4.406203401730091,4.7520889719625625,3.376180476588035,5.330304304953929
293.26309069364055,4.0,2.0,0.0,509.25540674902646,1.0,1.0,16.465896871280073,1.0,1.8791917837061616,2.3289967394911173,2.544472461049862,5.885845137367561
1088.6735999207297,3.0,9.0,1.0,3108.0642217659893,1.0,2.0,5.298721591531286,5.0,4.470000421542424,2.346211385088954,3.2175594289851954,3.890941959991437
1740.7382026945565,5.0,3.0,1.0,629.0629345639734,2.0,1.0,17.59468998907106,3.0,3.316656330364773,4.281427008494489,2.339401472498098,5.24069685104282
857.5192682894476,5.0,11.0,1.0,1128.4974225373514,2.0,1.0,16.652442625303184,2.0,3.5144743172184896,3.24762539164814,2.395921147879159,4.859721394126828
208.25074989761396,4.0,3.0,0.0,1229.6305354802194,6.0,1.0,18.142981570826304,1.0,1.4201678112569864,2.85975236463466,2.864107900792941,8.197591088634804
772.6109930831444,5.0,0.0,0.0,116.83123035984872,3.0,1.0,21.15389480994027,1.0,2.3126311373444173,1.9667954469296356,2.323227642792121,7.521468749769676
403.9191158436268,2.0,1.0,0.0,659.4244916846233,8.0,3.0,6.755644169424439,3.0,2.543618009087748,3.909010772946675,1.6843289408653084,9.5968932142824
162.18892511203188,5.0,0.0,0.0,86.36234999008006,2.0,1.0,18.054344595329386,1.0,1.6683654984642122,2.3918382782223238,1.436628331368027,9.38157076917527
593.738583913849,4.0,12.0,0.0,6142.5792794823155,7.0,4.0,6.16995927760706,4.0,4.5908502340324935,4.273942814531894,2.8320546645012503,6.274851335752582
189.33197592602264,4.0,5.0,0.0,3163.9047323629493,1.0,2.0,10.82611876700874,2.0,2.27723242786211,3.450386787293813,2.796332236572834,6.419836427888823
435.7952921464052,4.0,12.0,0.0,1172.508157640781,2.0,3.0,13.799552291142955,4.0,4.3495381747048185,4.7640903289816,4.571620120403415,3.353559474714067
1907.0016899224465,2.0,20.0,0.0,9435.490278108176,3.0,4.0,1.1142020112561009,5.0,4.950814984678242,3.532832722952641,4.484659918182163,6.305070247502104
81.85854995275503,1.0,7.0,0.0,5343.258144638238,3.0,4.0,7.136750935954249,3.0,2.9440265386404207,2.0406720355238726,2.0725278014140596,7.278619775232423
382.45848087291205,4.0,1.0,1.0,2334.9375434980516,3.0,1.0,6.51625473621172,4.0,2.6502350345584227,1.923571717510019,2.06936924886732,8.193480835307422
1666.133146248665,4.0,11.0,0.0,1307.2216224682172,7.0,1.0,3.8355654916400863,5.0,4.896974151995847,4.8057227099759565,2.142320990775324,6.776638625375912
563.6803346634733,2.0,11.0,0.0,5962.011882583104,2.0,4.0,5.412959743915447,5.0,4.369342845269466,4.156418334873315,4.436908895089713,1.755838695239703
187.96681648693885,4.0,0.0,0.0,665.4963054701371,8.0,1.0,9.588713825698138,1.0,1.1832071345274127,1.0698674922738296,1.0051586542978568,9.544730949600657
117.27701579389952,2.0,3.0,0.0,430.11592546321214,7.0,1.0,14.046501697762057,1.0,1.4504684134954327,2.109478821564773,2.187289355789633,9.194422366292866
291.75365246903954,2.0,5.0,1.0,720.4622717370457,1.0,2.0,9.36794913365501,1.0,2.0618298889318964,4.72687664260075,1.980151909689489,5.342329203405473
766.8028246423138,5.0,7.0,0.0,2831.957044710776,1.0,3.0,14.057457417523844,5.0,4.747915681337641,4.487825440035587,3.5534256623524754,5.009471554861996
191.0297276248335,4.0,0.0,0.0,338.6135876720414,10.0,1.0,16.117784768485286,2.0,1.5372626179811162,2.248332133775464,1.1855797154921865,8.587897402724662
217.2423854795508,4.0,10.0,0.0,6245.92036591175,9.0,3.0,10.342293658382214,2.0,3.1715997386256802,3.264331640372845,2.756986530099032,7.4808026538897945
119.37192129658726,4.0,2.0,0.0,717.3651504541081,5.0,3.0,7.127319830323947,3.0,2.6338429784896746,3.325058971000663,2.383588258270952,8.771151416096957
114.7405361956632,1.0,5.0,0.0,1553.2859476895921,3.0,1.0,6.284762558783801,1.0,2.0600041605363275,3.9467082167193728,1.4966378673325178,8.389498026162022
1709.5601899264238,1.0,10.0,0.0,8660.284210810227,2.0,4.0,1.0684010317964387,5.0,4.8802077158179475,4.793095773339179,4.688454439954069,1.6444112338567
1074.0636487283466,5.0,8.0,1.0,1345.541725113152,8.0,2.0,8.139522919334944,5.0,4.432775849176306,4.519695611853782,1.7666212065272655,7.588373236944893
251.3071677621773,1.0,7.0,0.0,1350.7456847437506,2.0,1.0,4.397667908129371,2.0,2.6120786311755637,3.1355308213426225,4.103612718838538,6.2406355702926435
296.74723569291484,5.0,0.0,0.0,1377.9635302123563,5.0,1.0,14.575688035623275,2.0,1.7027793641605606,1.0324159825983856,1.1371013786533775,9.801584078821488
692.435248955362,1.0,19.0,1.0,8730.783014164275,1.0,4.0,3.023391976473937,5.0,4.702891623418489,2.846362295885183,4.88123047691333,1.9140555404882784
101.85884712262009,5.0,0.0,0.0,216.51633515693908,3.0,1.0,16.699607932770558,1.0,1.3685612945265466,2.688107279803373,1.2225059136448577,8.048805885489092
175.98484397377322,4.0,8.0,0.0,882.3708168015122,3.0,1.0,16.271716518650422,2.0,2.950769059894407,1.7539065810858163,2.524502307753234,8.84486813578415
486.78317588385084,1.0,14.0,0.0,8607.24270881015,3.0,4.0,2.57665332640721,5.0,4.93059344790033,3.5866759557887145,4.5074839548690715,2.35375405549082
1587.0703230509826,3.0,18.0,0.0,5178.183276791933,2.0,3.0,1.689570005275366,4.0,4.049133882102349,4.604447821173935,4.030997235195738,1.851817161477169
126.17309868706599,5.0,2.0,1.0,1948.4242460167354,3.0,1.0,11.626678939431727,2.0,2.8938860610238626,1.7321127261340068,1.4227464554130351,9.578836031130761
601.3639802831248,4.0,13.0,1.0,6236.454815266605,3.0,4.0,5.393358174481177,4.0,3.601738320031343,3.550292370499285,4.022185127505616,5.654299573140025
731.1013370911375,1.0,8.0,1.0,3608.159288383424,1.0,4.0,3.894645124982192,2.0,2.0893683301515646,2.6263781426206316,3.048998028354537,2.9816230414982696
1384.9020411418478,1.0,20.0,1.0,9244.95495014515,1.0,4.0,1.1174082786239365,5.0,4.965157077353908,4.083744400379393,4.99727190317731,1.4849480275205682
267.50931802342654,2.0,4.0,0.0,2639.76680401991,5.0,4.0,5.527330673941288,2.0,2.2004485441340726,1.824697037051952,2.1817438344359297,5.682561567368066
399.9582458413576,3.0,16.0,1.0,2643.6542334022115,4.0,3.0,2.4551479723296263,4.0,4.345605880582209,3.8715838335096784,2.2329631451235463,8.603436472484766
600.9208153102479,1.0,16.0,0.0,3232.779328967693,3.0,3.0,5.965066825572237,2.0,2.444923113316644,4.591389933829998,3.9212818051179177,6.250356557162874
392.8756906403144,4.0,3.0,0.0,717.6783992161721,1.0,3.0,13.705631995224593,3.0,3.3641502465373416,4.248374077235599,4.260804702316333,2.072473502377454
392.79507353266337,2.0,5.0,1.0,743.458233908866,1.0,3.0,9.78586966626775,1.0,1.9242059373299696,3.378894669670749,4.408590146805706,4.374037689783126
228.62330063076075,1.0,2.0,0.0,1184.9468255492202,9.0,4.0,5.416097151280673,3.0,2.3606645347941257,2.421019599788891,3.0795392277275093,7.122548101133503
128.0030810515668,1.0,5.0,0.0,2544.3936606896596,8.0,4.0,2.723250954032587,1.0,1.8850971237947023,1.3149908061616045,1.8925794987378592,9.220345696343475
404.5578340750555,3.0,10.0,1.0,1234.5746120712754,6.0,3.0,7.245735036251698,4.0,3.967273655356435,4.385873602736425,3.4610146367762886,8.315085639408672
1807.401030980881,5.0,1.0,0.0,2745.8636427890333,3.0,3.0,8.396618239949259,4.0,3.940577558694254,1.5256877753531002,2.8371126760937426,6.239666572161476
1245.4327516652143,3.0,10.0,0.0,6901.805409174593,2.0,4.0,1.4515408637224958,4.0,3.784979206506936,1.6214596853777037,4.934001397473042,3.1701338337124967
1494.4342777659263,3.0,3.0,1.0,3523.7624494165093,5.0,2.0,3.2081686231900215,5.0,3.6568346515054575,2.092342417148859,1.6023553615062374,8.57387246699527
1093.508362767208,1.0,11.0,1.0,2715.0270490652797,7.0,2.0,3.966005898719397,3.0,2.7785738506263,2.991131228737323,1.4755818292224165,8.99856647598035
119.4669414444007,3.0,1.0,1.0,2952.6596115234966,5.0,4.0,10.224033930299042,3.0,3.089340523080842,1.8289079633028935,3.0855077368740513,7.443062302055461
1249.6041860666603,4.0,1.0,1.0,464.4607509011822,2.0,3.0,6.426079386645749,3.0,2.5577553729523657,2.4215366734348702,3.277032556100375,6.2222524133194685
65.88720608171377,1.0,15.0,0.0,7702.478758110103,6.0,4.0,2.799304578572024,5.0,4.284012635181083,2.859822253992278,3.1492792117553683,5.613292705629091
184.11769257308313,4.0,1.0,0.0,530.6897323250449,9.0,2.0,10.509313979186873,1.0,1.6999469443445023,1.0173967686115368,1.296995293174533,9.800962443957333
947.0319619765427,5.0,2.0,0.0,1271.8088413302225,4.0,1.0,6.510715633030424,4.0,3.5783272396010126,3.830637684812524,2.0759243183033025,6.516859448355489
1375.2099328730096,2.0,18.0,1.0,8769.907887800147,5.0,4.0,1.7760219239534742,5.0,4.809581425814207,3.704212519859075,4.121553227480368,3.8056928747359047
243.1886840377444,4.0,0.0,0.0,1735.7759393275876,8.0,1.0,8.379311256846455,2.0,1.5876380220244748,1.1550167678734948,2.6634066022900402,9.270708921977207
292.50418441222473,5.0,7.0,1.0,2664.259171029999,5.0,1.0,6.020128379619089,1.0,2.511175827587922,1.2722177719983718,2.419940428957237,7.908359731810716
297.91508770814187,2.0,8.0,1.0,1733.385173781817,1.0,4.0,8.241753836520392,3.0,3.4458148023866695,4.020632493021008,3.872851721739503,1.8506548883664857
736.9266833192254,5.0,4.0,1.0,1768.4659469507503,2.0,2.0,12.713835933953051,2.0,3.4435648852390552,3.1449395766393766,2.88731629872468,5.362540561964289
823.676396270031,3.0,18.0,1.0,4000.1429194628054,1.0,4.0,2.3646368595512617,2.0,3.974883111903923,3.4316069139809264,4.552503532207853,4.043144830917154
583.4589917262117,2.0,5.0,1.0,2791.1705839817982,4.0,4.0,6.596996768384239,2.0,2.245966378113576,3.805560482821398,2.2392617254000675,7.227152055552062
179.84390983644352,3.0,3.0,1.0,2901.1124669766564,6.0,2.0,13.702366869626962,1.0,2.0619193019081976,1.8432491397222994,2.7621902170276886,4.623175630898356
59.69942433477582,4.0,0.0,0.0,55.727574017949024,7.0,1.0,23.75671280537737,2.0,1.3413901304083136,3.5609672590245487,1.1139065659599876,9.632533839281257
234.62789231934278,2.0,1.0,0.0,304.8358033017703,9.0,3.0,16.33840645591699,1.0,1.2879404142959343,2.0179124448876298,2.3957593813748304,6.308992032009145
625.8829578803272,4.0,6.0,0.0,2285.406926992113,2.0,3.0,6.938187654145717,4.0,4.249948700762373,3.05691379384763,4.594518668288432,3.4019537169276037
529.6398479764215,1.0,17.0,0.0,3641.905644743321,5.0,4.0,1.2945422866861005,3.0,3.545017683254722,2.121308506587676,3.4317958748025044,6.758589392227765
292.5707504766431,4.0,8.0,1.0,1805.9712257019532,9.0,1.0,7.094725834596709,4.0,3.4718422322416416,2.957692237994505,1.23316209969905,9.54644309091846
1206.9305901601765,3.0,4.0,1.0,758.325801921155,4.0,2.0,13.837486511444968,2.0,2.4511463599320225,2.8336662080424615,3.6073658614146713,5.638738851402445
182.5933448110898,3.0,0.0,0.0,880.8849030506308,2.0,1.0,17.76727622223116,1.0,1.3806365785338375,3.1220272953616792,3.027243642797593,2.4793161738961307
1026.9811153369872,1.0,19.0,0.0,9625.112395066271,1.0,4.0,1.208910272164794,5.0,4.796573255323437,4.919263593783871,4.989123335933507,1.5010529726425244
448.8398306456025,3.0,2.0,0.0,2447.0021478407893,7.0,2.0,8.72795690746475,4.0,4.046960384482281,3.211435605589292,2.3307010756947104,7.830431429401363
828.3504871392245,2.0,3.0,1.0,3316.139564360893,7.0,4.0,3.360790410785776,3.0,2.944993952159925,2.294922367558021,3.2642100591971617,4.613707042853248
737.9363927996317,1.0,18.0,0.0,3483.818335070945,2.0,4.0,2.234302045146654,5.0,4.749637262684956,4.294074855907246,4.697224091742483,3.600108511977206
642.364228510817,2.0,18.0,1.0,9605.18048708025,1.0,4.0,1.0661955483359116,5.0,4.638055976788104,3.5754749629936082,4.927900164591765,5.588543289162933
876.4883917371009,5.0,2.0,1.0,2544.7288335806707,3.0,3.0,9.427252863042197,2.0,2.743683293136903,3.207443244592017,2.541593128720934,5.728970723588631
217.20579036157218,1.0,18.0,0.0,6089.279471246001,3.0,3.0,4.1289588243134885,2.0,3.2595106187384353,3.996038635562335,4.415999005742008,2.277685983109015
176.6563268900174,5.0,1.0,0.0,226.82262584110447,8.0,1.0,20.057982984103802,3.0,2.1178987800387503,4.094733075742715,1.8547296649146436,8.126160133926817
100.69914824481856,2.0,3.0,0.0,376.3294607184742,1.0,1.0,12.846225080952056,1.0,1.7844609904636615,2.3189356341488923,3.364309896012667,2.5338965323621556
66.2616405186413,5.0,0.0,0.0,2.0159486875996953,3.0,1.0,22.080288239210702,1.0,1.2672362036636011,3.7241996831794832,2.8645481369843733,5.3004732599839945
336.3810341219153,5.0,0.0,0.0,199.6541887571005,3.0,1.0,23.554630344440415,1.0,1.624861088833387,3.1648501382912855,1.9173470367587535,6.237372711454311
563.2250876234122,4.0,11.0,0.0,7269.89952181049,5.0,4.0,3.1446349506114677,2.0,3.979586368872896,1.7038532597811586,2.732246897494931,6.815159289009403
331.090300810618,2.0,2.0,0.0,3468.8244146669517,1.0,3.0,3.687849188288772,1.0,2.257241174099703,2.394969242965341,4.565976917498031,2.637098085334063
1018.247758799229,1.0,20.0,0.0,7190.198206494632,3.0,4.0,1.029801649352637,4.0,3.8104759176295118,4.421102000806085,4.564263926012762,5.458568821033839
724.9390298239801,5.0,8.0,1.0,6726.720816463994,2.0,4.0,2.389333490047283,5.0,4.373997062152066,3.9323459794467825,4.809115167672578,6.184226563416573
538.6031933415401,4.0,5.0,0.0,3481.7771739418845,7.0,2.0,9.073996386263097,3.0,2.84355419292858,2.780998518180402,2.825818467406294,8.085263607681808
401.4486586413707,2.0,9.0,0.0,1096.8351835677538,7.0,4.0,3.90082029177699,2.0,2.5876246149878463,2.1624733241070437,1.9841661932058121,9.632495413989139
519.6597158435133,5.0,0.0,0.0,51.874169816822075,2.0,1.0,20.448515766224226,2.0,1.9385105799413411,2.8209699212140116,3.3720522091964917,6.616825399693907
102.98558249133131,4.0,1.0,0.0,232.5641845576099,3.0,1.0,12.121801093844875,1.0,1.4677955144297588,1.3035651525778174,2.2878296294951124,6.015560570300672
208.05698999214613,4.0,8.0,1.0,3730.104386081946,2.0,4.0,10.89261175313538,2.0,2.38811163013791,2.3267662432119973,2.587161735741234,5.057015902878639
84.54955362906644,5.0,0.0,1.0,1209.149597297555,10.0,2.0,15.685132730831077,2.0,2.3346769299002963,2.015957759779548,1.125665457533626,9.875264472244085
1557.0004026602883,5.0,6.0,0.0,3067.4561396979307,7.0,2.0,4.936195842254584,4.0,3.517562575343411,1.8143873658504655,2.795175400227858,7.305660833307385
342.8426784470331,1.0,10.0,0.0,4062.6903293684677,4.0,2.0,3.157265057461695,2.0,2.229275062265936,2.7124003772590406,4.042439610645379,5.883910983388552
1478.9647455773738,3.0,18.0,1.0,8436.329768102234,2.0,4.0,1.6740555327278357,5.0,4.930758924405294,2.9722385941098466,4.647763251899221,2.252504519329929
1572.3417721252977,1.0,20.0,0.0,7283.679210309586,3.0,4.0,1.2305704807709237,5.0,4.594981019773979,4.957204578189639,4.7023984155799,1.3122622494758138
773.5997803193591,3.0,10.0,1.0,3781.4211529874856,4.0,2.0,4.109645589797343,3.0,3.1650126331238524,3.069673986184278,1.8569199756188615,7.596897194842072
715.2183556606693,2.0,7.0,0.0,876.689755724946,5.0,3.0,3.5559656101637165,4.0,3.925304799128088,4.6343787760163675,2.4574050178444846,4.290484308176726
410.72611794392566,5.0,0.0,1.0,1457.1451439709776,10.0,2.0,6.484343472671086,2.0,2.0207183716586057,2.6570093238765686,1.8878474341181504,7.902048494394013
233.72130623422348,2.0,3.0,0.0,2183.937845147886,1.0,3.0,13.119776693731776,1.0,1.8038821626674384,4.223054531555469,2.6066258982320862,2.4866526397544844
929.5876121487279,1.0,19.0,0.0,4673.190336267463,4.0,4.0,2.3410783950785876,5.0,4.439634449926871,4.049880603841297,2.73368949007281,7.696092265473135
541.6450368421113,3.0,6.0,0.0,974.559841965995,3.0,2.0,15.051337284542303,4.0,4.437388302354889,3.032299649937051,4.156818830210943,2.133337753245971
361.35939189780976,3.0,3.0,1.0,629.027518489082,5.0,1.0,7.601127702772508,2.0,2.867031890813034,4.426794393594325,2.219168873000107,6.238773964558688
249.59464760409261,4.0,6.0,1.0,2400.4875489718306,8.0,3.0,4.382088315411021,4.0,3.8987392344498737,2.7925160545439116,1.882301978645261,7.8075852799220655
501.0718787447697,3.0,7.0,0.0,6248.143369335815,4.0,4.0,2.6730210385083564,3.0,3.7922374510757972,2.379949761289773,3.296877070331204,7.760984976601012
75.89729414176517,3.0,4.0,1.0,722.185384723076,9.0,1.0,12.56480376893365,2.0,1.8194298570172103,1.579489083546614,1.3406880511152803,9.832830831296159
130.24260154770997,1.0,11.0,0.0,3144.185327052833,5.0,3.0,5.75269010725602,1.0,2.9760480583432747,3.6714419661212485,2.8538696273774598,7.304196273220376
419.0225180784228,5.0,4.0,0.0,2458.725576615934,1.0,3.0,13.773098124284509,3.0,2.849378171335806,1.721161847359275,2.8214359995800224,7.557876902105475
1966.0447786211168,1.0,20.0,0.0,9877.588372269387,1.0,4.0,1.2991717523784096,5.0,4.977155280938928,4.99033262298509,4.999314983744834,1.0277899439650264
296.32231734491967,3.0,6.0,1.0,3628.686565552995,4.0,2.0,11.08517731350212,4.0,4.301662289292439,4.055102665371906,1.8842038154624838,4.462193994868505
1399.994900576736,5.0,6.0,0.0,2001.0601655726928,2.0,3.0,8.94247349135445,5.0,3.820792956158228,4.802454609839894,2.8421441648426073,3.2488824894721215
458.72081078679514,4.0,9.0,0.0,1404.7781202843305,1.0,1.0,14.908301298380458,3.0,3.317561491797226,2.8545570799094073,3.701660163539169,4.635481997864197
295.31283880741006,5.0,5.0,1.0,426.0444614423034,4.0,2.0,11.940490730534858,3.0,3.852464338447379,1.9840957854588677,2.629735160888954,6.010688867165284
1010.0125161615709,3.0,18.0,0.0,2606.93333915072,4.0,2.0,4.315988840349253,5.0,4.736967341909571,4.249614829815315,3.997154803909597,4.733100892046083
1270.1556803394358,2.0,7.0,0.0,7113.985476968519,6.0,4.0,1.9714576457112187,5.0,4.2539775625984,4.792815790348259,4.224170954528682,3.930586139658467
817.8347106955562,3.0,16.0,0.0,8140.925608587019,6.0,4.0,1.125536682844526,4.0,3.9324376789727893,1.53744074778706,2.9718415557252813,8.611827471959456
78.26010081449597,4.0,0.0,0.0,13.927184856359274,5.0,1.0,20.985100077817137,1.0,1.084569358464932,1.5421108805781354,1.094723049723154,9.457087281338799
384.21252643112746,3.0,1.0,1.0,297.10076480912466,3.0,1.0,17.622445078547294,2.0,2.253293921247995,4.257828980117807,1.7197635859675853,7.369553100082272
69.08131739998102,1.0,1.0,1.0,1503.713434559593,4.0,3.0,9.695827106859852,1.0,1.2359276308460623,2.495997083225868,3.8258995064962216,6.574994187630255
72.5914310326465,1.0,7.0,0.0,1812.5567633328524,1.0,2.0,10.203419348913352,1.0,2.0581835602136636,4.1268217785560655,2.025056007134122,2.9932865924502576
185.65262223315344,5.0,7.0,0.0,934.4580832188864,1.0,3.0,13.873886377890551,3.0,3.2907898781944884,3.853594840347388,2.379674579737768,8.046889253987793
321.4490144065248,4.0,1.0,1.0,929.1310626380254,2.0,1.0,19.528310779231173,1.0,1.9588955733353952,3.083985461112536,1.5691278124160528,7.063229942222406
91.26267324077243,5.0,1.0,0.0,305.85012783216985,8.0,1.0,22.265320759493292,1.0,1.3707987505703005,1.132199793180407,1.03554040605082,9.357316416534001
608.8792423210818,4.0,1.0,0.0,95.51641071896626,4.0,1.0,14.211384533721194,2.0,3.1047460505296742,2.1168807825126823,3.021490497784885,6.909550189384358
1476.929350386301,1.0,7.0,0.0,2078.1093084790245,5.0,2.0,4.581394373893177,3.0,2.9335955695220477,4.395902465514964,3.4129332207799936,3.250044462652571
228.87659384617467,1.0,2.0,0.0,399.19379468301315,9.0,2.0,9.914966805800475,2.0,2.389680730752157,4.772349857737629,1.544765173504003,9.371393797354937
661.4468071983665,5.0,9.0,1.0,4355.891097045062,3.0,2.0,4.54437994158643,3.0,3.914752929462318,2.1555142479590486,2.598114325091961,5.058899967914953
558.1473794978589,3.0,5.0,1.0,1130.6051796361864,1.0,3.0,13.140964117132484,4.0,4.287131923898359,3.9689469601803857,4.183126929036379,1.7746925306368553
914.8444059476128,2.0,19.0,0.0,9668.856965411986,1.0,4.0,1.3750041133337947,4.0,3.709840262164617,2.104301725076917,4.596127933876955,3.298239199349239
