,NewDestination,TicketPrice,BaggageWeight,TravelDuration,LayoverDuration,TravelClass,Airline,WalkingDistance,RestaurantVisits,CityTours,HotelNights,ShoppingTrips,AttractionsVisited,YearsTraveling,WalkingTours,BeachVisits,RunningTours,HomeStays,HistoricalSitesVisited,TotalTrips
0,Europe,,31.25,25.414634146341466,15.5355587808418,Economy,AirlineA,0.17879948914431673,0.8740204942736588,0.13401109057301294,1.052919708029197,0.29162746942615236,0.9762006555508052,1.0,1.3333333333333333,7.1900826446281,2.307692307692308,0.75,13.71308016877637,41.868852459016395
1,Asia,893.103448275862,15.625,32.8130081300813,22.014513788098693,Business,AirlineB,4.7892720306513406,12.47739602169982,1.478743068391867,4.651459854014599,3.9087488240827843,12.22032207496081,28.695652173913043,3.7142857142857144,9.421487603305785,1.8461538461538463,5.25,16.877637130801688,45.114754098360656
2,Europe,903.4482758620691,21.875,61.666666666666664,30.653120464441223,Business,AirlineA,3.3588761174968074,8.016877637130802,1.0304990757855823,4.333941605839416,2.1307619943555975,5.7182556648140235,5.260869565217392,7.238095238095238,17.85123966942149,5.076923076923077,13.5,27.21518987341772,69.31147540983606
3,Asia,944.8275862068966,4.6875,9.138211382113822,6.966618287373004,Economy,AirlineB,4.521072796934866,25.25617842073538,3.821626617375231,12.906934306569344,7.389463781749765,19.983611229870316,22.304347826086957,3.523809523809524,19.33884297520661,5.0,15.0,29.535864978902953,71.81967213114754
4,Asia,99.65517241379311,6.25,30.59349593495935,28.040638606676342,Economy,AirlineB,0.421455938697318,1.3863773357444245,0.21719038817005545,1.635036496350365,0.45625587958607716,1.3431665954111442,3.130434782608696,2.8571428571428568,10.413223140495868,3.0,7.5,18.143459915611814,46.0
5,Europe,1462.0689655172414,39.0625,312.4715447154472,9.822931785195935,Business,AirlineA,2.4776500638569603,10.126582278481013,2.310536044362292,2.0054744525547443,5.310442144873001,15.637024369388627,22.304347826086957,3.333333333333333,12.644628099173554,5.692307692307692,3.0,35.44303797468354,86.27868852459017
6,Europe,55.172413793103445,10.9375,94.95934959349593,2.647314949201742,Economy,AirlineB,0.3065134099616858,0.27124773960216997,0.13401109057301294,1.052919708029197,0.17873941674506116,0.6947413424540402,3.130434782608696,2.0,1.9834710743801653,1.7692307692307694,0.75,7.59493670886076,25.934426229508198
7,Europe,117.24137931034483,14.0625,210.3739837398374,4.214804063860667,Business,AirlineA,0.1532567049808429,1.1151295961422545,0.18484288354898337,1.0,0.48918156161806214,1.7457602964229726,5.260869565217392,0.6666666666666666,5.950413223140496,1.8461538461538463,0.0,15.18987341772152,42.60655737704918
8,Asia,65.51724137931035,29.6875,215.5528455284553,4.981132075471699,Business,AirlineB,0.10217113665389528,1.024713682941531,0.1432532347504621,1.3175182481751824,0.3857008466603951,1.1472139090779536,3.130434782608696,0.761904761904762,7.933884297520661,2.0,4.5,16.877637130801688,46.295081967213115
9,Europe,2186.206896551724,0.0,1.0,0.0,Economy,AirlineA,11.060025542784164,26.823387582881253,3.6182994454713495,14.388686131386862,6.246472248353716,18.480119709277467,26.565217391304348,6.190476190476191,16.363636363636363,3.769230769230769,12.75,19.198312236286917,57.803278688524586
10,Europe,980.2958620689656,34.375,330.2276422764227,8.290275761973875,Economy,AirlineA,6.232439335887612,15.18987341772152,3.2393715341959335,5.762773722627737,6.0959548447789285,16.431523443066837,20.17391304347826,5.619047619047619,18.59504132231405,8.23076923076923,15.75,33.33333333333333,83.32786885245902
11,Asia,970.6896551724137,17.1875,34.292682926829265,10.589259796806967,Business,AirlineB,2.0561941251596423,5.605786618444846,0.8826247689463956,1.7937956204379564,2.1777986829727185,6.616075245831551,18.043478260869566,2.571428571428571,6.446280991735537,2.3846153846153846,3.0,10.970464135021098,28.442622950819672
12,Asia,1048.2758620689656,10.9375,9.138211382113822,7.349782293178519,Economy,AirlineB,2.5925925925925926,6.148282097649186,0.9426987060998151,3.1697080291970803,1.8250235183443086,5.319224739917344,7.391304347826087,4.476190476190476,15.12396694214876,3.6923076923076925,9.75,23.628691983122362,60.31147540983607
13,Europe,1358.6206896551726,9.375,112.71544715447153,4.214804063860667,Economy,AirlineA,2.6436781609195403,3.1042796865581677,1.423290203327172,1.2116788321167884,2.3800564440263408,6.847655693316232,11.652173913043478,2.0952380952380953,2.7272727272727275,2.307692307692308,0.0,12.447257383966246,33.90163934426229
14,Asia,406.89655172413796,12.5,34.292682926829265,2.7866473149492017,Economy,AirlineB,3.0395913154533845,8.74020494273659,1.732902033271719,2.905109489051095,3.861712135465663,11.443636881858342,26.565217391304348,2.8571428571428568,6.694214876033058,2.230769230769231,5.25,8.860759493670885,27.557377049180328
15,Europe,,0.0,1.0,4.110304789550073,Business,AirlineA,0.140485312899106,0.48221820373719104,0.0878003696857671,1.1587591240875912,0.17873941674506116,0.6484252529571042,5.260869565217392,1.0476190476190477,3.71900826446281,1.5384615384615385,2.25,8.016877637130802,25.639344262295083
16,Asia,1513.7931034482758,15.625,215.5528455284553,3.657474600870827,Business,AirlineB,9.348659003831418,29.92766726943942,4.824399260628466,10.366788321167883,10.672624647224836,28.67678495083369,30.826086956521742,6.9523809523809526,18.59504132231405,6.846153846153847,15.0,33.12236286919831,82.44262295081967
17,Europe,272.41379310344826,25.0,131.9512195121951,3.552975326560232,Business,AirlineA,0.49808429118773945,0.6931886678722122,0.29574861367837335,1.2645985401459854,0.4609595484477893,1.638877012968505,9.521739130434783,1.4285714285714284,1.9834710743801653,1.8461538461538463,1.5,9.49367088607595,26.672131147540984
18,Europe,,14.0625,66.10569105691057,31.767779390420902,Business,AirlineA,8.339719029374201,19.831223628691983,2.966728280961183,6.291970802919708,6.933207902163687,18.57631466438649,24.434782608695652,6.190476190476191,10.661157024793388,4.384615384615385,4.5,21.729957805907173,58.68852459016394
19,Asia,189.6551724137931,3.125,17.276422764227643,7.036284470246734,Business,AirlineB,0.7151979565772669,2.471368294153104,0.3049907578558226,2.27007299270073,0.8278457196613359,2.5224454895254382,15.913043478260871,1.3333333333333333,5.454545454545455,1.2307692307692308,6.0,6.5400843881856545,17.377049180327866
20,Asia,117.24137931034483,7.8125,7.658536585365853,9.753265602322205,Economy,AirlineB,0.8301404853128991,1.4466546112115732,0.32809611829944546,1.8467153284671531,0.41392285983066796,1.403733789368676,1.0,6.190476190476191,11.900826446280991,5.538461538461538,12.0,19.198312236286917,59.57377049180327
21,Asia,148.27586206896552,3.125,17.276422764227643,12.574746008708273,Business,AirlineA,0.7918263090676885,1.295961422543701,0.24953789279112754,1.1587591240875912,0.49388523047977423,1.450049878865612,1.0,5.904761904761905,10.661157024793388,4.230769230769231,2.25,22.78481012658228,61.49180327868853
22,Europe,,17.1875,63.146341463414636,28.284470246734397,Business,AirlineA,0.038314176245210725,0.27124773960216997,0.03696857670979667,1.1058394160583942,0.10348071495766699,0.23158044748468007,11.652173913043478,0.09523809523809525,0.49586776859504134,0.3076923076923077,0.75,1.89873417721519,1.8852459016393444
23,Asia,1151.7241379310344,4.6875,41.6910569105691,18.043541364296082,Business,AirlineB,3.065134099616858,7.564798071127185,1.1136783733826248,4.545620437956204,2.281279397930386,6.7870884993587,11.652173913043478,7.047619047619048,15.37190082644628,4.615384615384616,12.0,24.261603375527425,68.27868852459017
24,Europe,1517.2420689655173,21.875,117.15447154471545,37.16690856313498,Economy,AirlineA,5.134099616858237,32.308619650391805,4.653419593345657,9.678832116788321,11.571025399811854,29.945133247826703,37.21739130434782,3.8095238095238093,25.289256198347108,5.615384615384615,13.5,35.232067510548525,91.44262295081967
25,Europe,1493.103448275862,4.6875,7.658536585365853,15.117561683599419,Economy,AirlineA,4.0485312899106,5.967450271247739,2.0378927911275415,1.8996350364963503,3.494825964252117,9.533988884138521,11.652173913043478,6.666666666666666,12.644628099173554,7.0769230769230775,3.0,34.177215189873415,85.24590163934425
26,Asia,1375.8613793103448,4.6875,3.2195121951219514,7.732946298984035,Economy,AirlineB,2.2988505747126435,3.25497287522604,1.3401109057301295,1.687956204379562,2.29068673565381,6.812027932164742,13.782608695652174,2.0952380952380953,4.462809917355372,2.4615384615384617,3.0,15.18987341772152,46.442622950819676
27,Asia,1462.0689655172414,20.3125,62.40650406504065,25.497822931785198,Business,AirlineB,2.1200510855683268,9.855334538878843,1.1321626617375231,4.228102189781022,2.8222013170272815,8.237138378224312,20.17391304347826,3.8095238095238093,13.884297520661157,3.8461538461538463,7.5,27.004219409282697,68.57377049180327
28,Asia,1203.448275862069,25.0,244.40650406504065,9.126269956458636,Business,AirlineB,3.9335887611749683,5.485232067510549,1.6081330868761554,2.6934306569343063,2.9586077140169333,8.155194527575887,9.521739130434783,7.714285714285714,9.173553719008265,7.0769230769230775,4.5,31.856540084388186,79.78688524590164
29,Europe,1772.4137931034481,4.6875,4.699186991869919,9.300435413642962,Business,AirlineA,10.012771392081737,22.12176009644364,3.521256931608133,9.784671532846716,6.4816556914393235,18.462305828701727,28.695652173913043,8.571428571428571,23.553719008264466,6.923076923076923,15.0,28.691983122362867,74.32786885245902
30,Europe,,10.9375,164.5040650406504,4.4238026124818575,Business,AirlineA,13.882503192848022,26.03978300180832,4.768946395563771,12.854014598540147,8.603010348071496,24.479834687188255,35.08695652173913,3.7142857142857144,7.43801652892562,3.230769230769231,6.75,17.51054852320675,44.81967213114754
31,Asia,137.93103448275863,6.25,6.178861788617886,7.872278664731494,Business,AirlineB,0.39591315453384424,1.3863773357444245,0.3650646950092421,1.4233576642335766,0.6820319849482597,2.0379079378651843,5.260869565217392,2.0952380952380953,8.925619834710744,4.230769230769231,4.5,22.573839662447256,60.459016393442624
32,Asia,,12.5,76.46341463414633,48.0,Business,AirlineB,4.303959131545339,19.65039180229054,2.513863216266174,12.377737226277372,4.656632173095014,12.654980761008977,18.043478260869566,4.9523809523809526,21.5702479338843,5.384615384615384,20.25,29.535864978902953,74.91803278688525
33,Europe,1177.5862068965519,39.0625,217.03252032520325,3.796806966618287,Economy,AirlineA,1.7369093231162198,6.268836648583484,1.0073937153419594,3.3284671532846715,2.1072436500470366,5.796636739347299,9.521739130434783,5.333333333333333,19.834710743801654,6.384615384615384,12.75,35.232067510548525,84.65573770491802
34,Europe,531.0344827586207,7.8125,35.03252032520325,14.595065312046444,Business,AirlineA,0.842911877394636,3.9783001808318263,0.577634011090573,2.428832116788321,1.4299153339604893,4.595981188542112,13.782608695652174,1.1428571428571428,6.198347107438017,1.7692307692307694,4.5,10.126582278481013,28.737704918032787
35,Asia,1668.9655172413793,37.5,126.77235772357723,2.5079825834542815,Business,AirlineB,7.292464878671775,24.201326100060278,3.9648798521256934,8.726277372262775,8.94637817497648,22.04645860054154,28.695652173913043,2.8571428571428568,14.87603305785124,2.9230769230769234,7.5,22.151898734177212,54.55737704918033
36,Europe,,18.75,111.23577235772358,2.4383164005805513,Economy,AirlineA,1.3665389527458494,2.591922845087402,0.7162661737523106,1.1587591240875912,1.1288805268109126,3.683910503063988,7.391304347826087,1.619047619047619,2.479338842975207,1.4615384615384617,0.0,7.383966244725738,22.393442622950822
37,Asia,96.55172413793105,9.375,44.65040650406504,15.39622641509434,Business,AirlineB,0.22988505747126436,0.8740204942736588,0.1524953789279113,1.2645985401459854,0.34807149576669805,1.1792788941142938,3.130434782608696,1.4285714285714284,6.198347107438017,1.8461538461538463,3.75,12.447257383966246,38.18032786885246
38,Europe,,0.0,1.0,0.0,Economy,AirlineA,7.1519795657726695,27.15491259795057,3.6182994454713495,13.436131386861314,7.57761053621825,20.999002422687756,32.95652173913044,2.8571428571428568,13.140495867768594,2.3846153846153846,3.75,20.464135021097047,49.68852459016394
39,Asia,,15.625,128.2520325203252,5.782293178519593,Business,AirlineB,0.17879948914431673,0.3616636528028933,0.1524953789279113,1.052919708029197,0.2681091251175917,0.790936297563061,1.0,1.3333333333333333,2.975206611570248,2.6153846153846154,0.75,12.658227848101266,34.19672131147541
40,Europe,50.0,7.8125,22.45528455284553,11.355587808417997,Economy,AirlineA,0.5747126436781609,0.8740204942736588,0.0878003696857671,1.2116788321167884,0.21636876763875823,0.7588713125267208,3.130434782608696,3.142857142857143,5.206611570247934,1.153846153846154,0.75,8.438818565400844,25.34426229508197
41,Asia,,7.8125,63.146341463414636,3.5878084179970973,Business,AirlineB,6.168582375478927,18.896925858951175,3.6737523105360443,3.4343065693430654,9.040451552210724,26.004702864471994,37.21739130434782,1.4285714285714284,4.462809917355372,1.6153846153846154,0.0,11.181434599156118,30.508196721311474
42,Asia,,1.5625,1.7398373983739837,2.4034833091436862,Business,AirlineB,2.490421455938697,6.931886678722121,1.7097966728280962,3.4343065693430654,3.198494825964252,8.896251959526863,18.043478260869566,1.3333333333333333,3.4710743801652892,1.7692307692307694,4.5,11.814345991561181,28.147540983606557
43,Europe,282.7586206896552,1.5625,19.495934959349594,10.693759071117562,Economy,AirlineA,0.4086845466155811,2.2905364677516573,0.3927911275415896,2.6934306569343063,0.7337723424270931,2.4048738777255236,7.391304347826087,0.8571428571428572,4.710743801652892,2.4615384615384617,5.25,9.49367088607595,30.655737704918035
44,Europe,,3.125,17.276422764227643,11.320754716981131,Economy,AirlineA,7.76500638569604,14.858348402652199,2.2412199630314236,4.3868613138686126,5.009407337723424,14.83539974348012,22.304347826086957,2.8571428571428568,7.1900826446281,1.4615384615384617,5.25,8.227848101265822,27.262295081967213
45,Europe,541.3793103448276,6.25,23.195121951219512,12.505079825834544,Economy,AirlineA,1.5070242656449553,3.52622061482821,0.49445471349353054,2.1113138686131387,1.0912511759172154,3.491520592845945,11.652173913043478,2.0952380952380953,6.446280991735537,2.153846153846154,1.5,14.135021097046414,36.114754098360656
46,Asia,355.17241379310343,28.125,131.9512195121951,2.5428156748911466,Business,AirlineB,1.0217113665389528,3.646775165762507,0.5175600739371534,2.27007299270073,1.2652869238005646,3.2528145931309678,5.260869565217392,3.142857142857143,12.148760330578511,4.384615384615385,5.25,27.637130801687764,60.01639344262295
47,Europe,422.4137931034483,6.25,3.959349593495935,2.0203193033381712,Economy,AirlineA,0.6513409961685823,3.2248342374924652,0.5360443622920518,2.6934306569343063,0.8842897460018815,2.6257659968647573,9.521739130434783,0.8571428571428572,7.933884297520661,2.6153846153846154,6.0,11.814345991561181,28.88524590163934
48,Europe,,14.0625,46.130081300813,24.27866473149492,Economy,AirlineA,5.504469987228608,32.82097649186257,4.55637707948244,13.436131386861314,10.0,25.224454895254382,32.95652173913044,3.9047619047619047,18.59504132231405,3.5384615384615388,9.0,29.324894514767934,78.60655737704919
49,Asia,1596.551724137931,14.0625,7.658536585365853,10.554426705370101,Business,AirlineB,3.6909323116219666,10.30741410488246,1.621996303142329,5.074817518248175,3.3443085606773284,9.366538406726521,11.652173913043478,8.0,17.355371900826444,5.461538461538461,9.75,30.590717299578056,76.24590163934425
50,Europe,1720.689655172414,6.25,29.853658536585368,13.550072568940493,Business,AirlineA,7.9054916985951476,29.445449065702228,4.630314232902033,15.87043795620438,8.292568203198496,23.165170300698303,35.08695652173913,2.0952380952380953,15.619834710743802,3.230769230769231,10.5,21.09704641350211,66.06557377049181
51,Asia,55.172413793103445,4.6875,6.178861788617886,3.796806966618287,Economy,AirlineB,0.3448275862068966,0.9644364074743821,0.1432532347504621,1.1058394160583942,0.25870178739416744,0.7374946558358273,3.130434782608696,2.1904761904761907,7.1900826446281,2.307692307692308,1.5,10.970464135021098,30.21311475409836
52,Europe,,0.0,1.0,0.0,Economy,AirlineA,0.05108556832694764,0.12055455093429776,0.009242144177449167,1.052919708029197,0.042333019755409214,0.07838107453327633,7.391304347826087,0.09523809523809525,0.49586776859504134,0.07692307692307693,0.0,1.2658227848101267,1.4426229508196722
53,Europe,2393.1034482758623,6.25,109.7560975609756,2.333817126269956,Business,AirlineA,4.0740740740740735,16.968053044002414,2.9251386321626613,6.97992700729927,6.128880526810913,15.886418697449054,18.043478260869566,3.7142857142857144,17.85123966942149,6.153846153846154,14.25,35.232067510548525,85.83606557377048
54,Europe,1306.896551724138,7.8125,5.439024390243903,11.007256894049346,Economy,AirlineA,6.717752234993615,20.07233273056058,3.4473197781885396,9.784671532846716,6.7027281279397934,18.280604246829128,24.434782608695652,3.7142857142857144,13.140495867768594,3.4615384615384617,9.0,21.09704641350211,58.09836065573771
55,Asia,768.9655172413793,4.6875,8.398373983739837,5.6081277213352685,Business,AirlineB,0.8173690932311622,4.159132007233273,0.4528650646950092,2.5346715328467155,1.0677328316086547,3.3169445632036485,11.652173913043478,1.9047619047619047,21.074380165289256,3.769230769230769,13.5,21.308016877637133,58.393442622950815
56,Asia,613.7931034482759,3.125,11.357723577235772,4.946298984034833,Business,AirlineB,2.4776500638569603,5.394816154309826,0.7532347504621072,3.593065693430657,1.5475070555032926,4.688613367535984,7.391304347826087,3.333333333333333,6.198347107438017,2.153846153846154,6.75,12.025316455696203,34.63934426229508
57,Europe,,6.25,32.8130081300813,14.804063860667634,Economy,AirlineA,4.25287356321839,12.085593731163351,2.033271719038817,2.852189781021898,4.821260583254939,13.919766281886847,28.695652173913043,2.0,9.669421487603305,1.8461538461538463,2.25,12.658227848101266,33.31147540983606
58,Asia,772.4144827586206,10.9375,153.40650406504065,3.6923076923076925,Business,AirlineB,2.1711366538952745,9.674502712477397,1.8853974121996302,2.852189781021898,4.534336782690499,13.264215476699444,24.434782608695652,1.1428571428571428,10.165289256198346,2.4615384615384617,4.5,16.244725738396625,44.81967213114754
59,Europe,2703.4482758620693,20.3125,357.6016260162601,8.359941944847606,Economy,AirlineA,3.9974457215836527,14.225437010247136,2.4399260628465806,8.038321167883211,4.341486359360301,11.368818583440216,11.652173913043478,6.666666666666666,20.082644628099175,7.538461538461538,18.75,37.130801687763714,91.14754098360656
60,Europe,96.55172413793105,15.625,52.78861788617886,7.071117561683599,Economy,AirlineA,0.20434227330779056,2.0795660036166366,0.2634011090573013,2.27007299270073,0.5126999059266227,1.414422117714123,1.0,1.523809523809524,17.107438016528924,4.461538461538462,18.0,23.628691983122362,60.01639344262295
61,Asia,479.3103448275862,4.6875,66.10569105691057,1.8461538461538463,Economy,AirlineB,9.92337164750958,19.92163954189271,3.2208872458410354,6.186131386861314,7.666980244590781,23.557075673364686,32.95652173913044,1.4285714285714284,5.702479338842975,1.6153846153846154,4.5,9.071729957805907,21.508196721311474
62,Europe,386.2068965517241,20.3125,148.22764227642276,4.354136429608127,Business,AirlineA,0.7279693486590039,1.9288728149487642,0.5314232902033271,1.052919708029197,1.251175917215428,3.9048026222032206,7.391304347826087,1.0476190476190477,3.71900826446281,2.076923076923077,0.0,11.60337552742616,33.45901639344262
63,Asia,375.8620689655172,17.1875,113.45528455284554,2.5428156748911466,Business,AirlineB,1.4559386973180077,2.0795660036166366,0.5406654343807763,1.4762773722627738,0.9689557855126998,3.2314379364400745,7.391304347826087,2.0952380952380953,3.71900826446281,2.3846153846153846,0.75,10.970464135021098,30.508196721311474
64,Europe,,0.0,3.959349593495935,2.7866473149492017,Business,AirlineA,0.11494252873563218,0.3616636528028933,0.0878003696857671,1.0,0.11288805268109126,0.4987886561208493,5.260869565217392,0.1904761904761905,0.0,0.07692307692307693,0.0,0.42194092827004215,2.180327868852459
65,Europe,1875.8620689655174,0.0,1.0,0.0,Economy,AirlineA,9.284802043422733,35.53345388788427,5.268022181146026,17.66970802919708,9.303857008466604,26.817015818725952,35.08695652173913,5.904761904761905,23.305785123966942,7.153846153846154,23.25,29.11392405063291,84.95081967213115
66,Asia,,12.5,29.113821138211385,13.619738751814221,Economy,AirlineB,0.6641123882503193,2.230259192284509,0.27726432532347506,1.8467153284671531,0.7478833490122295,2.6863331908222885,7.391304347826087,1.3333333333333333,4.214876033057851,0.9230769230769231,3.0,7.59493670886076,26.81967213114754
67,Europe,65.51724137931035,7.8125,3.2195121951219514,5.294629898403484,Business,AirlineA,0.49808429118773945,1.2055455093429777,0.2587800369685767,1.4233576642335766,0.5456255879586077,1.7635741769987174,5.260869565217392,2.0,5.454545454545455,2.230769230769231,3.75,10.970464135021098,27.999999999999996
68,Europe,127.58620689655172,35.9375,180.04065040650406,3.7271407837445576,Economy,AirlineA,0.9961685823754789,3.1042796865581677,0.4528650646950092,2.164233576642336,0.9454374412041393,2.8359697876585437,7.391304347826087,4.285714285714286,21.322314049586776,5.153846153846153,15.0,29.746835443037973,75.50819672131148
69,Europe,,1.5625,2.4796747967479673,7.349782293178519,Economy,AirlineA,5.389527458492975,10.367691380349608,2.823475046210721,2.6934306569343063,5.77140169332079,15.907795354139944,24.434782608695652,4.190476190476191,6.694214876033058,3.384615384615385,0.75,23.628691983122362,60.459016393442624
70,Asia,572.4137931034483,15.625,165.98373983739836,5.329462989840348,Business,AirlineB,8.812260536398467,27.39602169981917,4.38539741219963,6.291970802919708,10.319849482596426,29.314521875445347,35.08695652173913,2.4761904761904763,7.43801652892562,3.230769230769231,2.25,16.877637130801688,44.52459016393443
71,Asia,,6.25,16.53658536585366,8.499274310595066,Economy,AirlineB,0.7024265644955301,0.9644364074743821,0.14787430683918668,1.635036496350365,0.23047977422389465,0.8016246259085079,5.260869565217392,3.619047619047619,5.206611570247934,1.3846153846153846,6.0,6.329113924050633,19.0
72,Europe,1668.9655172413793,18.75,160.8048780487805,4.145137880986938,Business,AirlineA,6.998722860791826,24.56298975286317,3.2855822550831792,12.695255474452555,6.552210724365005,18.982471141513468,28.695652173913043,4.9523809523809526,23.801652892561982,5.3076923076923075,19.5,27.42616033755274,74.18032786885246
73,Europe,1017.2413793103449,3.125,80.90243902439025,28.145137880986937,Economy,AirlineA,17.624521072796934,34.719710669077756,5.425138632162661,19.36313868613139,9.13922859830668,27.58301268348297,37.21739130434782,8.666666666666668,21.074380165289256,6.0,21.75,25.52742616033755,73.44262295081968
74,Europe,1841.3786206896552,7.8125,8.398373983739837,9.753265602322205,Economy,AirlineA,12.630906768837804,28.601567209162145,4.9953789279112755,16.399635036496353,8.377234242709314,23.663958956819155,30.826086956521742,9.238095238095239,24.049586776859503,6.615384615384615,19.5,28.691983122362867,76.68852459016394
75,Asia,1668.9655172413793,12.5,212.59349593495935,7.802612481857764,Economy,AirlineA,1.4303959131545338,9.071729957805907,2.1256931608133085,2.6934306569343063,4.901222953904045,12.94000285022089,18.043478260869566,1.2380952380952381,11.40495867768595,4.384615384615385,4.5,24.894514767932492,61.19672131147541
76,Europe,344.82758620689657,4.6875,6.178861788617886,7.872278664731494,Business,AirlineB,1.4942528735632186,3.3152501506931884,0.9011090573012939,1.8467153284671531,1.6415804327375352,4.414279606669517,7.391304347826087,3.7142857142857144,7.1900826446281,4.230769230769231,3.0,20.253164556962027,50.42622950819672
77,Asia,,1.5625,2.4796747967479673,2.8911465892597965,Economy,AirlineB,1.9540229885057472,4.4906570223025915,0.6608133086876156,2.3229927007299267,1.571025399811853,4.610232293002707,15.913043478260871,2.8571428571428568,8.181818181818182,1.8461538461538463,3.75,11.39240506329114,27.409836065573767
78,Europe,582.7586206896551,6.25,7.658536585365853,6.339622641509434,Business,AirlineA,2.375478927203065,8.257986738999398,1.3123844731977818,5.233576642335766,2.591721542803387,7.677782528145931,11.652173913043478,3.7142857142857144,11.652892561983471,4.538461538461538,11.25,21.518987341772153,55.885245901639344
79,Europe,479.3103448275862,14.0625,158.58536585365854,3.6226415094339623,Business,AirlineA,0.7024265644955301,3.25497287522604,0.5637707948243993,1.582116788321168,1.3452492944496708,3.7231010403306257,7.391304347826087,2.1904761904761907,7.1900826446281,2.846153846153846,3.0,20.042194092827003,48.65573770491803
80,Europe,,12.5,24.67479674796748,16.127721335268504,Business,AirlineA,7.76500638569604,36.46775165762507,4.1589648798521255,24.39051094890511,7.389463781749765,23.720963374661537,32.95652173913044,3.142857142857143,23.305785123966942,5.384615384615384,26.25,24.68354430379747,81.40983606557377
81,Asia,841.3793103448276,12.5,40.951219512195124,1.776487663280116,Economy,AirlineB,10.472541507024268,18.32429174201326,4.704251386321626,9.14963503649635,7.793979303857008,22.41698731651703,30.826086956521742,4.095238095238095,8.677685950413222,3.769230769230769,5.25,14.556962025316455,36.26229508196721
82,Europe,3996.551724137931,9.375,74.98373983739837,47.965166908563134,Economy,AirlineA,2.1839080459770117,12.085593731163351,1.6081330868761554,5.921532846715328,3.4477892756349955,7.852358557788229,9.521739130434783,5.0476190476190474,28.016528925619834,9.0,23.25,50.0,98.52459016393442
83,Europe,,3.125,2.4796747967479673,3.204644412191582,Business,AirlineA,0.8556832694763729,4.761904761904762,0.7162661737523106,3.3284671532846715,1.505174035747883,4.652985606384495,9.521739130434783,1.1428571428571428,4.958677685950414,1.7692307692307694,5.25,9.49367088607595,32.131147540983605
84,Asia,3841.3793103448274,9.375,5.439024390243903,10.554426705370101,Business,AirlineB,7.879948914431672,24.77396021699819,3.7523105360443623,15.076642335766424,6.509877704609596,17.806755023514324,22.304347826086957,7.142857142857143,20.578512396694215,6.846153846153847,21.75,34.177215189873415,89.22950819672131
85,Europe,1151.7241379310344,3.125,5.439024390243903,9.613933236574745,Business,AirlineA,8.109833971902937,15.913200723327305,2.6524953789279113,8.673357664233576,4.440263405456256,13.57061422260225,18.043478260869566,5.333333333333333,9.669421487603305,3.8461538461538463,6.75,17.29957805907173,47.18032786885246
86,Asia,2065.517931034483,14.0625,7.658536585365853,9.683599419448477,Business,AirlineB,6.32183908045977,32.94153104279687,4.514787430683919,14.071167883211679,9.501411100658514,23.899102180418982,28.695652173913043,5.333333333333333,28.7603305785124,6.846153846153847,23.25,36.49789029535865,92.62295081967213
87,Europe,137.93103448275863,3.125,3.959349593495935,5.155297532656023,Economy,AirlineA,0.8045977011494253,2.109704641350211,0.27726432532347506,2.3229927007299267,0.5126999059266227,1.45717543109591,3.130434782608696,4.476190476190476,11.157024793388429,3.384615384615385,12.0,17.088607594936708,39.950819672131146
88,Europe,448.2758620689655,1.5625,7.658536585365853,5.747460087082729,Business,AirlineA,11.174968071519796,24.261603375527425,3.4426987060998155,10.578467153284672,6.2746942615239885,19.2033632606527,32.95652173913044,2.0952380952380953,7.1900826446281,1.6153846153846154,9.0,8.438818565400844,21.508196721311474
89,Europe,893.103448275862,28.125,288.7967479674797,8.568940493468796,Business,AirlineA,1.558109833971903,3.7070524412296564,0.7347504621072088,2.4817518248175183,1.382878645343368,4.742055009263217,7.391304347826087,4.571428571428571,14.132231404958677,5.153846153846153,9.75,23.839662447257385,66.21311475409836
90,Europe,803.1034482758621,6.25,30.59349593495935,18.566037735849058,Business,AirlineA,0.970625798212005,4.792043399638336,0.7162661737523106,2.4817518248175183,1.8861712135465662,5.123272053584152,9.521739130434783,1.523809523809524,11.40495867768595,3.0,9.75,17.29957805907173,44.9672131147541
91,Asia,2434.4827586206898,9.375,8.398373983739837,7.872278664731494,Economy,AirlineB,3.4099616858237547,10.337552742616033,1.344731977818854,6.715328467153285,2.1966133584195675,6.380932022231722,7.391304347826087,6.857142857142858,23.05785123966942,5.846153846153847,20.25,25.738396624472575,68.72131147540983
92,Europe,55.172413793103445,40.625,91.260162601626,1.567489114658926,Economy,AirlineA,0.4086845466155811,1.0548523206751055,0.15711645101663588,1.3704379562043796,0.34807149576669805,1.0617072823143794,1.0,3.047619047619048,8.677685950413222,2.692307692307692,5.25,16.244725738396625,45.40983606557377
93,Europe,210.3448275862069,12.5,6.178861788617886,5.468795355587808,Business,AirlineA,0.9067688378033206,3.3152501506931884,0.39741219963031427,2.4817518248175183,0.7525870178739416,2.0414707139803334,5.260869565217392,5.80952380952381,23.801652892561982,5.846153846153847,18.75,28.902953586497894,74.03278688524591
94,Asia,,15.625,156.3658536585366,4.946298984034833,Business,AirlineB,2.0689655172413794,5.786618444846293,1.1876155268022182,2.6934306569343063,2.6387582314205082,7.339318797206785,15.913043478260871,2.761904761904762,5.206611570247934,1.8461538461538463,2.25,14.345991561181433,39.65573770491803
95,Asia,1141.3793103448277,14.0625,116.41463414634147,2.0551523947750363,Business,AirlineB,2.8991060025542787,8.860759493670885,1.3216266173752311,3.1697080291970803,2.77516462841016,7.5317087074248255,24.434782608695652,3.428571428571429,14.3801652892562,4.153846153846154,9.75,24.894514767932492,54.99999999999999
96,Europe,3761.641379310345,7.8125,7.658536585365853,10.171262699564586,Economy,AirlineA,10.102171136653894,37.191078963230865,5.240295748613678,17.14051094890511,9.77892756349953,25.894256804902383,28.695652173913043,7.333333333333333,25.785123966942148,6.923076923076923,18.0,31.0126582278481,82.0
97,Asia,,7.8125,24.67479674796748,12.539912917271408,Business,AirlineB,3.3077905491698596,17.962628089210366,3.4750462107208873,4.1751824817518255,7.728127939793038,21.137950691178567,30.826086956521742,1.3333333333333333,7.1900826446281,2.076923076923077,1.5,14.767932489451477,39.50819672131148
98,Asia,531.0344827586207,10.9375,2.4796747967479673,9.544267053701017,Business,AirlineB,1.264367816091954,3.5864978902953584,0.7162661737523106,3.3813868613138687,0.8466603951081844,2.4654410716830553,5.260869565217392,6.476190476190476,17.60330578512397,7.461538461538462,20.25,24.050632911392405,59.868852459016395
99,Asia,924.1379310344828,4.6875,5.439024390243903,10.171262699564586,Business,AirlineB,3.295019157088123,5.244122965641953,1.5434380776340113,3.010948905109489,2.539981185324553,7.521020379079378,13.782608695652174,3.428571428571429,11.652892561983471,5.384615384615384,11.25,22.9957805907173,61.19672131147541
100,Europe,5000.0,20.3125,66.10569105691057,36.400580551523944,Economy,AirlineA,9.054916985951468,30.590717299578056,4.080406654343808,15.552919708029195,7.878645343367827,19.969360125409718,20.17391304347826,7.428571428571429,20.826446280991735,4.6923076923076925,12.75,31.645569620253166,71.67213114754098
101,Europe,,31.25,242.9268292682927,7.384615384615385,Economy,AirlineA,1.1494252873563218,2.772754671488849,0.5637707948243993,1.7408759124087592,1.2041392285983068,3.3953256377369248,3.130434782608696,5.142857142857142,11.652892561983471,5.3076923076923075,6.75,27.637130801687764,75.95081967213115
102,Europe,686.2068965517242,15.625,98.65853658536587,3.552975326560232,Economy,AirlineA,1.3537675606641124,3.676913803496082,0.7624768946395564,1.3704379562043796,1.561618062088429,4.742055009263217,15.913043478260871,1.7142857142857144,5.702479338842975,3.1538461538461537,1.5,10.126582278481013,33.01639344262295
103,Europe,,10.9375,31.333333333333332,24.696661828737298,Economy,AirlineA,3.167305236270754,9.734779987944545,1.2245841035120146,5.551094890510949,2.666980244590781,8.137380647000143,20.17391304347826,3.333333333333333,13.884297520661157,3.6923076923076925,12.0,22.151898734177212,56.91803278688525
104,Europe,,6.25,2.4796747967479673,8.499274310595066,Economy,AirlineA,9.144316730523627,27.908378541289935,4.182070240295749,13.753649635036496,7.657572906867357,19.844662961379505,26.565217391304348,5.0476190476190474,16.611570247933887,5.153846153846153,17.25,23.839662447257385,57.213114754098356
105,Europe,,23.4375,86.08130081300813,1.3933236574746009,Economy,AirlineA,0.6768837803320562,3.4358047016274864,0.48983364140480595,2.905109489051095,1.1288805268109126,3.473706712270201,11.652173913043478,1.4285714285714284,4.710743801652892,1.153846153846154,6.0,7.59493670886076,29.62295081967213
106,Asia,,10.9375,8.398373983739837,7.1756168359941945,Business,AirlineB,0.7790549169859515,2.320675105485232,0.3512014787430684,2.6405109489051095,0.6349952963311383,2.233860624198375,5.260869565217392,3.523809523809524,14.3801652892562,4.230769230769231,17.25,19.831223628691983,60.60655737704918
107,Europe,1462.0689655172414,15.625,325.7886178861789,11.007256894049346,Business,AirlineA,3.831417624521073,20.88607594936709,3.4288354898336415,7.932481751824818,7.427093132643462,21.665241556220607,28.695652173913043,4.095238095238095,20.826446280991735,5.846153846153847,16.5,32.278481012658226,82.14754098360656
108,Europe,2341.3793103448274,15.625,13.577235772357724,9.37010159651669,Economy,AirlineA,1.4942528735632186,9.614225437010248,1.3678373382624769,5.868613138686131,2.850423330197554,7.51745760296423,9.521739130434783,3.9047619047619047,26.776859504132233,7.769230769230769,23.25,41.561181434599156,93.21311475409836
109,Europe,55.172413793103445,18.75,4.699186991869919,4.0406386066763424,Economy,AirlineA,0.140485312899106,0.5424954792043399,0.08317929759704251,1.2116788321167884,0.22107243650047037,0.6983041185691892,1.0,1.0476190476190477,4.462809917355372,1.4615384615384617,3.0,10.548523206751055,30.36065573770492
110,Europe,3013.793103448276,25.0,162.28455284552845,3.3788098693759077,Business,AirlineA,8.876117496807153,31.645569620253166,4.949168207024029,12.06021897810219,9.835371589840076,23.713837822431238,28.695652173913043,7.619047619047619,18.09917355371901,5.384615384615384,12.0,26.79324894514768,63.70491803278689
111,Europe,706.8965517241379,4.6875,65.36585365853658,25.288824383164005,Business,AirlineB,2.7330779054916987,6.600361663652802,0.8964879852125693,4.757299270072993,1.6321730950141111,5.29784808322645,9.521739130434783,3.523809523809524,12.892561983471074,2.5384615384615383,12.0,15.822784810126583,46.59016393442623
112,Asia,3894.284827586207,12.5,46.86991869918699,30.269956458635704,Economy,AirlineB,8.684546615581098,30.10849909584087,3.909426987060998,15.341240875912408,7.723424270931326,21.5334188399601,26.565217391304348,5.904761904761905,26.03305785123967,6.230769230769231,18.0,26.160337552742618,70.93442622950819
113,Asia,355.17241379310343,17.1875,83.1219512195122,43.645863570391874,Business,AirlineB,1.2132822477650065,5.213984327908379,0.6792975970425139,3.8047445255474455,1.2041392285983068,3.441641727233861,5.260869565217392,6.095238095238096,25.041322314049587,7.0,23.25,31.856540084388186,83.32786885245902
114,Asia,,6.25,3.959349593495935,3.3439767779390417,Economy,AirlineB,8.50574712643678,37.34177215189873,4.551756007393715,19.416058394160583,9.035747883349012,24.953683910503063,37.21739130434782,2.2857142857142856,10.413223140495868,2.307692307692308,10.5,13.291139240506327,40.540983606557376
115,Europe,1772.4137931034481,32.8125,248.10569105691056,4.110304789550073,Business,AirlineA,2.8607918263090677,12.085593731163351,1.6635859519408502,6.662408759124088,3.405456255879586,10.12897249536839,11.652173913043478,4.9523809523809526,26.776859504132233,7.0,25.5,35.86497890295359,86.57377049180329
116,Europe,231.0344827586207,40.625,279.9186991869919,7.9419448476052255,Business,AirlineA,0.6385696040868455,2.4110910186859553,0.466728280961183,1.7408759124087592,0.8607714016933208,2.7575887131252674,7.391304347826087,2.8571428571428568,13.388429752066116,4.846153846153846,9.0,24.68354430379747,68.27868852459017
117,Europe,1358.6206896551726,7.8125,5.439024390243903,5.015965166908563,Business,AirlineA,6.973180076628353,32.15792646172393,4.22365988909427,14.706204379562044,8.96519285042333,24.30169588143081,32.95652173913044,2.4761904761904763,11.652892561983471,3.4615384615384617,10.5,16.033755274261605,40.39344262295082
118,Asia,1017.2413793103449,29.6875,361.3008130081301,9.822931785195935,Business,AirlineB,5.236270753512134,11.000602772754672,1.9778188539741222,4.122262773722627,4.054562558795861,12.662106313239278,18.043478260869566,6.285714285714286,8.925619834710744,3.230769230769231,3.0,19.62025316455696,58.83606557377049
119,Europe,660.3448275862069,18.75,137.869918699187,3.169811320754717,Economy,AirlineA,1.1877394636015326,6.268836648583484,0.9935304990757855,1.8467153284671531,2.6528692380056444,7.556648140230868,15.913043478260871,1.9047619047619047,10.90909090909091,2.307692307692308,2.25,17.72151898734177,46.885245901639344
120,Asia,1427.5855172413792,14.0625,4.699186991869919,4.772133526850508,Economy,AirlineB,11.762452107279692,28.782399035563593,4.93992606284658,13.224452554744525,9.256820319849483,24.821861194242555,30.826086956521742,5.7142857142857135,11.40495867768595,3.769230769230769,15.75,20.042194092827003,53.229508196721305
121,Asia,324.13793103448273,25.0,129.73170731707316,2.8911465892597965,Business,AirlineB,13.499361430395913,38.18565400843882,5.411275415896489,21.32116788321168,10.19755409219191,30.985463873450193,41.47826086956522,3.9047619047619047,13.636363636363637,2.769230769230769,12.0,16.033755274261605,50.868852459016395
122,Europe,737.9310344827586,10.9375,7.658536585365853,16.092888243831638,Business,AirlineA,2.528735632183908,3.79746835443038,1.1367837338262476,1.635036496350365,1.7168391345249296,5.16602536696594,9.521739130434783,6.571428571428571,14.3801652892562,7.153846153846154,3.75,29.11392405063291,78.16393442622952
123,Europe,737.9310344827586,6.25,6.91869918699187,6.444121915820029,Economy,AirlineB,2.7969348659003828,4.249547920433996,1.307763401109057,3.2226277372262775,1.7497648165569144,5.333475844377939,9.521739130434783,4.476190476190476,8.181818181818182,4.769230769230769,8.25,17.51054852320675,48.80327868852459
124,Asia,1436.206896551724,31.25,265.8617886178862,7.2104499274310605,Business,AirlineB,3.269476372924649,15.641952983725135,3.243992606284658,3.3284671532846715,7.403574788334901,19.748468006270485,22.304347826086957,3.333333333333333,10.90909090909091,3.230769230769231,1.5,26.371308016877638,73.88524590163934
125,Europe,,0.0,1.0,0.0,Business,AirlineA,8.901660280970626,23.568414707655215,3.142329020332717,15.182481751824819,4.924741298212606,16.595411144363688,26.565217391304348,5.523809523809524,8.925619834710744,3.4615384615384617,12.0,12.236286919831224,45.114754098360656
126,Europe,944.8275862068966,7.8125,43.170731707317074,23.338171262699564,Business,AirlineA,1.7624521072796933,8.438818565400844,0.9704251386321626,4.8631386861313874,2.1119473189087485,5.807325067692746,9.521739130434783,2.761904761904762,12.644628099173554,2.846153846153846,9.75,16.244725738396625,40.24590163934426
127,Europe,1151.7241379310344,1.5625,6.91869918699187,8.25544267053701,Business,AirlineA,3.065134099616858,12.62808921036769,2.047134935304991,5.868613138686131,4.214487300094073,11.041043180846517,15.913043478260871,2.9523809523809526,12.644628099173554,4.153846153846154,3.75,25.105485232067508,54.704918032786885
128,Asia,1281.0344827586207,6.25,15.796747967479675,11.529753265602324,Economy,AirlineB,1.7113665389527457,9.523809523809524,1.2199630314232903,4.069343065693431,2.9727187206020695,8.333333333333332,9.521739130434783,4.0,20.826446280991735,5.384615384615384,11.25,33.12236286919831,84.80327868852459
129,Europe,1875.8620689655174,7.8125,12.097560975609756,10.27576197387518,Business,AirlineA,3.3588761174968074,17.751657625075346,2.2689463955637708,8.408759124087592,5.047036688617121,13.30696879008123,13.782608695652174,3.619047619047619,21.81818181818182,5.538461538461538,15.75,35.44303797468354,82.73770491803279
130,Asia,1462.0689655172414,23.4375,165.2439024390244,4.0406386066763424,Economy,AirlineB,2.388250319284802,11.362266425557564,1.4417744916820703,3.9105839416058394,3.8476011288805267,10.456747897962092,13.782608695652174,2.380952380952381,14.3801652892562,3.8461538461538463,10.5,21.729957805907173,43.786885245901644
131,Asia,525.8620689655172,31.25,101.6178861788618,1.741654571843251,Economy,AirlineB,1.6347381864623245,4.641350210970464,0.6654343807763401,3.116788321167883,1.38758231420508,4.154196950263645,9.521739130434783,2.9523809523809526,9.669421487603305,2.307692307692308,7.5,11.181434599156118,31.098360655737704
132,Europe,582.7586206896551,0.0,1.0,0.0,Business,AirlineA,8.212005108556832,32.790837854128995,4.316081330868762,11.054744525547445,9.769520225776105,25.534416417272336,37.21739130434782,1.7142857142857144,9.173553719008265,1.6923076923076925,5.25,14.556962025316455,39.65573770491803
133,Europe,91.37931034482759,25.0,308.0325203252033,9.683599419448477,Business,AirlineA,0.6130268199233716,0.9342977697408076,0.32809611829944546,1.052919708029197,0.5879586077140169,2.1341028929742056,7.391304347826087,2.761904761904762,5.950413223140496,3.5384615384615388,0.75,20.675105485232066,64.29508196721312
134,Asia,272.41379310344826,1.5625,12.097560975609756,4.8069666182873725,Business,AirlineB,0.7790549169859515,2.923447860156721,0.3650646950092421,1.8467153284671531,0.691439322671684,2.2089211913923332,18.043478260869566,1.4285714285714284,7.43801652892562,1.3846153846153846,3.75,8.016877637130802,19.737704918032787
135,Asia,96.55172413793105,3.125,2.4796747967479673,3.3788098693759077,Economy,AirlineB,0.6002554278416348,1.1151295961422545,0.2634011090573013,1.3704379562043796,0.5691439322671684,1.7992019381502067,5.260869565217392,1.7142857142857144,2.7272727272727275,1.7692307692307694,3.0,8.227848101265822,25.934426229508198
136,Europe,2470.689655172414,4.6875,15.796747967479675,12.818577648766327,Economy,AirlineA,3.0395913154533845,11.33212778782399,1.7097966728280962,7.773722627737226,2.9633113828786457,8.215761721533418,11.652173913043478,6.571428571428571,26.776859504132233,8.23076923076923,30.0,35.654008438818565,85.54098360655738
137,Europe,800.0,20.3125,42.43089430894309,7.349782293178519,Economy,AirlineA,4.150702426564496,12.68836648583484,2.680221811460259,4.704379562043796,5.592662276575729,15.387630041328205,30.826086956521742,3.8095238095238093,8.925619834710744,3.6923076923076925,4.5,21.518987341772153,49.24590163934426
138,Asia,,7.8125,104.57723577235772,4.249637155297533,Economy,AirlineA,1.417624521072797,2.9535864978902953,0.6377079482439927,1.3175182481751824,1.6792097836312323,4.945133247826707,9.521739130434783,2.380952380952381,4.462809917355372,2.5384615384615383,0.75,14.345991561181433,40.540983606557376
139,Asia,117.24137931034483,14.0625,6.178861788617886,9.613933236574745,Business,AirlineA,0.9067688378033206,0.9644364074743821,0.3049907578558226,1.1058394160583942,0.46566321730950144,1.499928744477697,3.130434782608696,6.761904761904763,7.933884297520661,5.0,1.5,21.518987341772153,63.26229508196722
140,Europe,251.72413793103448,21.875,3.959349593495935,11.111756168359943,Business,AirlineA,0.8812260536398466,3.918022905364678,0.46210720887245843,3.010948905109489,0.7949200376293509,2.411999429955822,3.130434782608696,6.190476190476191,29.00826446280992,6.538461538461538,24.75,30.168776371308013,87.16393442622952
141,Europe,427.58620689655174,9.375,6.91869918699187,8.394775036284472,Economy,AirlineA,0.8684546615581099,6.6907775768535265,0.9658040665434381,4.016423357664234,1.881467544684854,5.087644292432664,7.391304347826087,3.047619047619048,30.0,8.307692307692308,21.75,41.983122362869196,96.45901639344262
142,Asia,2600.0,4.6875,26.89430894308943,21.70101596516691,Economy,AirlineB,7.982120051085568,21.247739602169982,3.2393715341959335,11.266423357664234,5.686735653809972,15.626336041043182,24.434782608695652,4.285714285714286,5.702479338842975,2.6153846153846154,6.75,11.39240506329114,32.868852459016395
143,Asia,1510.3441379310343,6.25,4.699186991869919,8.25544267053701,Business,AirlineB,10.90676883780332,31.103074141048825,4.524029574861368,9.096715328467154,10.079962370649106,26.553370386204932,35.08695652173913,5.238095238095238,17.85123966942149,3.6923076923076925,7.5,27.848101265822784,69.31147540983606
144,Europe,,7.8125,152.66666666666669,4.597968069666183,Business,AirlineA,6.104725415070242,8.408679927667269,2.5693160813308684,2.2171532846715327,4.2897460018814675,13.68106028217187,20.17391304347826,4.0,4.710743801652892,2.9230769230769234,0.0,9.282700421940929,29.475409836065577
145,Asia,1996.5510344827585,12.5,78.6829268292683,30.827285921625542,Economy,AirlineB,2.886334610472541,11.54309825195901,1.256931608133087,6.133211678832117,3.1373471307619942,9.341598973920478,11.652173913043478,3.9047619047619047,18.34710743801653,4.6923076923076925,15.75,27.637130801687764,76.54098360655738
146,Europe,479.3103448275862,0.0,3.2195121951219514,1.1494920174165457,Economy,AirlineA,3.805874840357599,8.077154912597951,1.400184842883549,3.9635036496350367,2.535277516462841,7.513894826849081,28.695652173913043,2.0952380952380953,7.68595041322314,1.3846153846153846,6.0,8.016877637130802,22.245901639344265
147,Europe,1513.7931034482758,28.125,277.6991869918699,8.046444121915819,Economy,AirlineA,2.0178799489144317,9.82519590114527,1.5203327171903882,2.428832116788321,3.3443085606773284,8.7751175716118,9.521739130434783,3.047619047619048,18.34710743801653,6.153846153846154,7.5,38.39662447257383,87.01639344262294
148,Europe,1668.9655172413793,15.625,257.7235772357724,10.589259796806967,Economy,AirlineA,3.0779054916985955,11.06088004822182,2.074861367837338,3.116788321167883,4.995296331138288,13.723813595553654,22.304347826086957,2.4761904761904763,9.421487603305785,4.461538461538462,5.25,28.48101265822785,71.9672131147541
149,Europe,665.5172413793103,0.0,1.0,0.0,Economy,AirlineA,7.037037037037037,13.924050632911392,2.509242144177449,6.133211678832117,5.296331138287864,14.325922759013823,30.826086956521742,2.6666666666666665,12.644628099173554,2.4615384615384617,9.75,14.556962025316455,29.62295081967213
150,Europe,,0.0,7.658536585365853,4.597968069666183,Business,AirlineA,3.2822477650063857,5.575647980711272,0.9288354898336414,2.3229927007299267,1.9002822201317027,5.518740202365683,22.304347826086957,2.4761904761904763,6.446280991735537,2.4615384615384617,3.75,12.658227848101266,31.836065573770494
151,Europe,106.89655172413794,3.125,42.43089430894309,0.9753265602322205,Business,AirlineA,0.44699872286079184,1.1754068716094033,0.20332717190388172,1.4762773722627738,0.3010348071495767,0.9583867749750606,3.130434782608696,1.8095238095238095,5.206611570247934,2.0,3.0,8.438818565400844,20.918032786885245
152,Asia,137.93103448275863,3.125,3.959349593495935,3.552975326560232,Business,AirlineB,0.5747126436781609,1.1452682338758287,0.14787430683918668,1.2116788321167884,0.3857008466603951,0.9227590138235714,1.0,4.285714285714286,9.421487603305785,2.5384615384615383,3.0,17.932489451476794,39.65573770491803
153,Asia,117.24137931034483,7.8125,3.959349593495935,5.503628447024673,Business,AirlineB,2.822477650063857,12.899336949969861,1.7467652495378927,5.286496350364964,3.7817497648165572,10.49237565911358,20.17391304347826,1.9047619047619047,10.413223140495868,3.6923076923076925,4.5,19.831223628691983,48.950819672131146
154,Asia,484.48275862068965,31.25,191.1382113821138,3.204644412191582,Economy,AirlineB,2.2222222222222223,10.57866184448463,1.3909426987061,6.133211678832117,3.4148635936030103,9.708564913780817,20.17391304347826,4.476190476190476,21.81818181818182,4.461538461538462,17.25,30.801687763713083,77.8688524590164
155,Europe,75.86206896551724,4.6875,7.658536585365853,7.349782293178519,Business,AirlineA,0.6896551724137931,1.4466546112115732,0.40665434380776344,1.2116788321167884,0.7666980244590781,2.3193672509619496,9.521739130434783,3.238095238095238,8.429752066115702,4.307692307692308,2.25,21.308016877637133,57.50819672131148
156,Asia,1151.7241379310344,4.6875,3.2195121951219514,5.6081277213352685,Economy,AirlineB,5.568326947637292,15.732368896925857,2.841959334565619,4.016423357664234,6.237064910630291,16.385207353569903,26.565217391304348,2.4761904761904763,7.933884297520661,2.846153846153846,3.75,19.62025316455696,44.22950819672131
157,Asia,,6.25,9.138211382113822,6.722786647314949,Economy,AirlineB,0.7024265644955301,1.3261000602772754,0.577634011090573,1.1058394160583942,1.1006585136406397,3.053299130682628,7.391304347826087,2.6666666666666665,4.710743801652892,4.615384615384616,1.5,20.88607594936709,57.803278688524586
158,Europe,,0.0,1.0,0.0,Business,AirlineA,6.347381864623244,22.33273056057866,3.3687615526802217,7.773722627737226,7.554092191909689,20.521590423257802,30.826086956521742,2.1904761904761907,11.40495867768595,2.692307692307692,6.75,19.40928270042194,48.21311475409836
159,Europe,324.13793103448273,23.4375,228.86991869918697,3.831640058055153,Business,AirlineA,1.0472541507024267,6.841470765521398,0.8317929759704251,4.43978102189781,1.7544684854186265,5.052016531281174,5.260869565217392,3.047619047619048,26.528925619834713,6.384615384615384,20.25,34.177215189873415,89.52459016393443
160,Europe,,6.25,43.91056910569106,9.056603773584907,Business,AirlineA,0.8045977011494253,3.767329716696805,0.45748613678373384,2.2171532846715327,1.3264346190028222,4.164885278609092,24.434782608695652,1.619047619047619,6.446280991735537,1.8461538461538463,6.0,9.70464135021097,30.95081967213115
161,Asia,1269.655172413793,7.8125,355.3821138211382,9.753265602322205,Economy,AirlineB,2.784163473818646,10.156720916214587,1.6866913123844731,2.6934306569343063,4.12041392285983,10.809462733361835,11.652173913043478,5.523809523809524,19.33884297520661,5.153846153846153,5.25,36.49789029535865,84.0655737704918
162,Asia,65.51724137931035,3.125,15.056910569105693,11.564586357039186,Business,AirlineA,0.22988505747126436,0.3013863773357444,0.07855822550831794,1.1058394160583942,0.1881467544684854,0.6306113723813596,5.260869565217392,1.523809523809524,2.231404958677686,1.0,1.5,8.016877637130802,22.98360655737705
163,Europe,4901.724137931034,12.5,12.83739837398374,11.494920174165458,Economy,AirlineA,7.203065134099616,38.84870403857746,5.097042513863216,19.574817518248175,10.1552210724365,25.324212626478555,26.565217391304348,5.904761904761905,27.272727272727273,7.538461538461538,15.0,41.983122362869196,89.81967213114754
164,Europe,427.58620689655174,21.875,123.8130081300813,3.030478955007257,Business,AirlineB,4.878671775223499,9.764918625678119,2.38909426987061,2.7463503649635035,4.5860771401693325,13.862761864044462,28.695652173913043,3.047619047619048,6.446280991735537,2.3846153846153846,3.75,13.71308016877637,36.557377049180324
165,Asia,231.0344827586207,20.3125,29.853658536585368,17.34687953555878,Economy,AirlineB,0.7024265644955301,2.8330319469559977,0.3096118299445471,2.27007299270073,0.691439322671684,2.1768562063559926,5.260869565217392,2.380952380952381,14.87603305785124,2.692307692307692,9.75,15.822784810126583,45.114754098360656
166,Asia,1234.4827586206895,39.0625,326.5284552845528,10.101596516690856,Economy,AirlineB,1.1621966794380587,6.811332127787824,1.4279112754158965,3.751824817518248,2.5258701787394164,7.129115006412998,7.391304347826087,2.4761904761904763,19.33884297520661,6.923076923076923,12.0,32.91139240506329,85.83606557377048
167,Europe,531.0344827586207,7.8125,4.699186991869919,7.732946298984035,Economy,AirlineA,0.8045977011494253,4.06871609403255,0.8641404805914972,2.5875912408759127,1.5098777046095955,4.756306113723814,11.652173913043478,1.7142857142857144,12.148760330578511,4.153846153846154,8.25,19.198312236286917,58.24590163934426
168,Europe,137.93103448275863,4.6875,12.097560975609756,7.90711175616836,Business,AirlineA,0.35759897828863346,1.3863773357444245,0.1709796672828096,1.3175182481751824,0.48918156161806214,1.5355565056291864,7.391304347826087,1.523809523809524,9.173553719008265,1.7692307692307694,3.75,15.18987341772152,45.114754098360656
169,Asia,,3.125,6.91869918699187,3.5878084179970973,Economy,AirlineB,0.561941251596424,1.4466546112115732,0.4436229205175601,1.5291970802919708,0.9642521166509878,2.433376086646715,7.391304347826087,1.9047619047619047,4.710743801652892,2.4615384615384617,4.5,14.345991561181433,35.377049180327866
170,Asia,1617.2413793103447,6.25,35.03252032520325,23.895500725689406,Business,AirlineA,8.22477650063857,17.4502712477396,2.666358595194085,5.392335766423358,6.552210724365005,19.84822573749466,26.565217391304348,5.428571428571428,10.413223140495868,3.1538461538461537,9.0,18.9873417721519,61.93442622950819
171,Europe,,7.8125,18.016260162601625,8.4644412191582,Economy,AirlineA,0.2554278416347382,1.3863773357444245,0.13863216266173753,1.687956204379562,0.25870178739416744,0.7624340886418698,3.130434782608696,1.7142857142857144,10.90909090909091,2.153846153846154,9.75,11.181434599156118,29.918032786885245
172,Asia,313.7931034482759,25.0,329.4878048780488,8.67343976777939,Business,AirlineB,1.1621966794380587,2.1699819168173597,0.4390018484288355,1.3175182481751824,1.006585136406397,3.3098190109733507,5.260869565217392,5.80952380952381,10.661157024793388,3.5384615384615388,2.25,21.09704641350211,65.47540983606558
173,Europe,,3.125,9.878048780487806,10.449927431059507,Business,AirlineA,0.970625798212005,2.9837251356238697,0.3512014787430684,2.1113138686131387,0.8231420507996237,2.4511899672224597,5.260869565217392,2.0952380952380953,6.446280991735537,1.3076923076923077,3.0,8.860759493670885,22.393442622950822
174,Asia,841.3793103448276,0.0,2.4796747967479673,1.7068214804063861,Business,AirlineB,3.88250319284802,11.512959614225437,1.9316081330868762,4.916058394160584,4.167450611476952,11.785663388912642,22.304347826086957,1.7142857142857144,6.9421487603305785,1.5384615384615385,3.75,9.70464135021097,25.78688524590164
175,Asia,1213.7931034482758,7.8125,9.878048780487806,10.554426705370101,Business,AirlineB,1.0472541507024267,5.877034358047016,1.0073937153419594,3.116788321167883,2.154280338664158,5.949836112298703,9.521739130434783,3.619047619047619,19.586776859504134,6.384615384615384,15.0,38.607594936708864,85.83606557377048
176,Asia,89.3103448275862,4.6875,1.0,3.065312046444122,Business,AirlineB,0.280970625798212,0.6931886678722122,0.1524953789279113,1.3175182481751824,0.2539981185324553,0.5771697306541257,1.0,2.0952380952380953,5.702479338842975,2.6153846153846154,4.5,12.025316455696203,25.34426229508197
177,Europe,2600.0,3.125,2.4796747967479673,6.618287373004354,Economy,AirlineA,3.946360153256705,12.658227848101266,1.9963031423290203,7.6678832116788325,3.508936970837253,9.63374661536269,15.913043478260871,6.476190476190476,21.322314049586776,6.461538461538462,21.0,24.68354430379747,63.70491803278689
178,Asia,1979.3103448275863,4.6875,4.699186991869919,3.3439767779390417,Economy,AirlineA,7.662835249042146,21.308016877637133,4.5378927911275415,7.403284671532847,8.631232361241768,21.757873735214478,28.695652173913043,3.333333333333333,14.3801652892562,5.3076923076923075,15.75,31.434599156118143,70.93442622950819
179,Asia,3634.4827586206898,7.8125,111.23577235772358,41.76487663280116,Economy,AirlineB,11.711366538952745,27.124773960217,4.473197781885397,7.773722627737226,8.63593603010348,21.62961379506912,26.565217391304348,8.952380952380953,20.578512396694215,7.230769230769231,9.75,35.86497890295359,79.93442622950819
180,Europe,2620.6896551724135,15.625,77.94308943089432,42.426705370101594,Business,AirlineA,4.0740740740740735,14.285714285714285,1.866913123844732,7.1916058394160585,3.8146754468485415,9.96508479407154,11.652173913043478,6.761904761904763,22.56198347107438,6.538461538461538,21.75,30.801687763713083,79.78688524590164
181,Asia,1436.206896551724,10.9375,4.699186991869919,5.050798258345428,Business,AirlineB,3.6143039591315453,13.743218806509946,2.3290203327171906,5.498175182481752,4.9764816556914395,13.894826849080804,20.17391304347826,2.0952380952380953,7.1900826446281,2.6153846153846154,3.0,15.400843881856542,40.39344262295082
182,Asia,1203.448275862069,12.5,7.658536585365853,11.564586357039186,Business,AirlineB,1.9795657726692208,7.836045810729356,1.0720887245841035,4.43978102189781,2.191909689557855,6.306113723813596,7.391304347826087,6.285714285714286,23.801652892561982,6.846153846153847,19.5,33.755274261603375,81.26229508196721
183,Asia,168.9655172413793,12.5,44.65040650406504,5.050798258345428,Economy,AirlineB,0.421455938697318,1.3261000602772754,0.23105360443622922,1.635036496350365,0.4233301975540922,1.1507766851931025,3.130434782608696,3.142857142857143,10.661157024793388,3.923076923076923,9.0,18.9873417721519,47.032786885245905
184,Asia,2068.9648275862073,6.25,10.61788617886179,6.304789550072568,Economy,AirlineB,3.767560664112388,14.37613019891501,1.6728280961182995,5.392335766423358,4.12041392285983,10.912783240701154,18.043478260869566,5.0476190476190474,19.586776859504134,5.538461538461538,9.0,33.33333333333333,85.09836065573771
185,Asia,1410.344827586207,12.5,191.8780487804878,2.264150943396227,Business,AirlineB,5.287356321839081,9.132007233273058,1.8807763401109057,2.0583941605839415,4.543744120413923,12.127689895966938,20.17391304347826,7.904761904761904,11.900826446280991,4.769230769230769,3.75,28.48101265822785,72.85245901639345
186,Europe,531.0344827586207,0.0,1.0,0.0,Business,AirlineA,2.388250319284802,4.701627486437613,0.688539741219963,4.3868613138686126,0.9877704609595485,3.1779962947128406,13.782608695652174,8.380952380952381,15.867768595041323,5.3076923076923075,18.0,17.72151898734177,49.39344262295082
187,Europe,665.5172413793103,9.375,6.91869918699187,14.943396226415093,Business,AirlineA,1.1621966794380587,6.0578661844484625,1.2060998151571165,2.852189781021898,2.742238946378175,6.801339603819296,5.260869565217392,3.238095238095238,23.801652892561982,9.153846153846153,23.25,46.835443037974684,98.9672131147541
188,Asia,65.51724137931035,25.0,152.66666666666669,3.7271407837445576,Business,AirlineB,0.38314176245210724,0.7836045810729355,0.13863216266173753,1.0,0.28222013170272814,0.9263217899387203,1.0,2.8571428571428568,6.446280991735537,2.3846153846153846,0.0,13.291139240506327,39.80327868852459
189,Asia,2358.62,10.9375,60.1869918699187,42.879535558780844,Economy,AirlineB,4.814814814814815,13.803496081977096,2.010166358595194,7.138686131386861,3.951081843838194,10.642012255949835,13.782608695652174,6.3809523809523805,16.115702479338843,5.076923076923077,15.0,26.582278481012654,70.04918032786885
190,Asia,329.3103448275862,4.6875,6.91869918699187,9.857764876632801,Economy,AirlineB,1.123882503192848,1.9288728149487642,0.5360443622920518,1.4762773722627738,0.8607714016933208,2.3086789226165028,3.130434782608696,5.523809523809524,11.157024793388429,5.923076923076923,6.0,26.582278481012654,62.22950819672131
191,Europe,375.8620689655172,3.125,2.4796747967479673,5.433962264150944,Economy,AirlineA,3.920817369093231,14.556962025316455,2.5693160813308684,5.974452554744526,5.729068673565381,15.889981473564202,24.434782608695652,2.571428571428571,9.173553719008265,2.5384615384615383,6.0,14.556962025316455,40.39344262295082
192,Europe,996.551724137931,3.125,6.91869918699187,8.32510885341074,Economy,AirlineA,4.342273307790549,12.959614225437011,2.8373382624768944,5.445255474452555,5.813734713076199,15.220179563916203,30.826086956521742,3.523809523809524,11.652892561983471,5.923076923076923,8.25,29.535864978902953,71.08196721311475
193,Asia,458.62068965517244,7.8125,17.276422764227643,8.18577648766328,Business,AirlineB,1.1111111111111112,3.5864978902953584,0.5175600739371534,2.5875912408759127,0.8795860771401693,2.8003420265070544,11.652173913043478,2.0,6.9421487603305785,2.0,6.75,10.759493670886076,27.999999999999996
194,Europe,1539.6551724137933,9.375,5.439024390243903,12.923076923076923,Economy,AirlineA,4.482758620689655,14.195298372513562,2.365988909426987,6.397810218978102,4.346190028222013,12.608664671512043,13.782608695652174,6.095238095238096,21.322314049586776,6.846153846153847,15.75,31.223628691983123,85.54098360655738
195,Asia,1565.5172413793105,9.375,36.51219512195122,16.824383164005805,Economy,AirlineA,4.265644955300127,21.09704641350211,2.6617375231053604,12.218978102189782,5.26340545625588,15.156049593843523,20.17391304347826,3.619047619047619,15.37190082644628,4.076923076923077,16.5,17.51054852320675,46.885245901639344
196,Europe,1125.8620689655172,0.0,1.0,0.0,Business,AirlineA,5.772669220945082,25.31645569620253,3.4149722735674675,12.113138686131386,7.281279397930386,20.699729229015247,26.565217391304348,4.9523809523809526,23.305785123966942,5.153846153846153,21.0,26.79324894514768,67.09836065573771
197,Asia,,14.0625,89.04065040650407,2.2293178519593613,Economy,AirlineB,0.21711366538952748,0.39180229053646776,0.0878003696857671,1.0,0.14111006585136407,0.5237280889268918,1.0,1.619047619047619,3.2231404958677685,1.5384615384615385,0.0,6.962025316455696,23.13114754098361
198,Europe,210.3448275862069,0.0,1.0,0.0,Economy,AirlineA,0.6385696040868455,3.375527426160337,0.40203327171903885,2.905109489051095,0.8513640639698965,2.3621205643437366,5.260869565217392,2.0,14.87603305785124,3.230769230769231,13.5,19.198312236286917,48.50819672131148
199,Europe,,14.0625,4.699186991869919,8.53410740203193,Business,AirlineA,4.163473818646232,8.710066305003014,2.634011090573013,3.1697080291970803,4.285042333019756,11.147926464300983,18.043478260869566,4.380952380952381,10.90909090909091,6.153846153846154,6.0,30.590717299578056,73.59016393442623
200,Europe,779.3103448275862,17.1875,312.4715447154472,9.613933236574745,Economy,AirlineA,7.35632183908046,15.732368896925857,3.3410351201478745,5.921532846715328,6.19002822201317,16.691606099472708,20.17391304347826,6.0,18.09917355371901,7.3076923076923075,15.0,32.91139240506329,84.80327868852459
201,Asia,65.51724137931035,1.5625,27.634146341463413,11.042089985486212,Business,AirlineB,0.421455938697318,0.7534659433393611,0.12014787430683918,1.1058394160583942,0.23518344308560676,0.701866894684338,1.0,3.142857142857143,6.198347107438017,2.076923076923077,1.5,11.181434599156118,30.508196721311474
202,Europe,1100.0,21.875,333.9268292682927,10.554426705370101,Economy,AirlineA,2.1200510855683268,4.912597950572635,0.9935304990757855,1.635036496350365,2.220131702728128,5.9747755451047455,9.521739130434783,6.190476190476191,14.87603305785124,7.230769230769231,3.0,37.552742616033754,90.85245901639344
203,Asia,,4.6875,3.2195121951219514,3.7271407837445576,Economy,AirlineB,0.970625798212005,3.3152501506931884,0.46210720887245843,2.2171532846715327,1.0536218250235183,2.9713552800342025,7.391304347826087,2.571428571428571,6.446280991735537,1.3846153846153846,3.0,10.970464135021098,34.49180327868852
204,Europe,1524.1379310344828,14.0625,7.658536585365853,10.798258345428158,Business,AirlineA,1.9540229885057472,7.926461723930078,1.3817005545286507,4.281021897810219,2.5634995296331136,7.239561065982613,13.782608695652174,3.238095238095238,13.636363636363637,5.923076923076923,14.25,27.42616033755274,70.78688524590164
205,Asia,96.55172413793105,4.6875,5.439024390243903,7.00145137880987,Economy,AirlineB,0.24265644955300125,1.1151295961422545,0.10628465804066542,1.635036496350365,0.2539981185324553,0.701866894684338,3.130434782608696,1.8095238095238095,8.925619834710744,1.6923076923076925,9.0,11.60337552742616,29.475409836065577
206,Asia,220.68965517241378,39.0625,235.52845528455285,5.9912917271407835,Business,AirlineB,0.8684546615581099,2.0795660036166366,0.5545286506469501,1.7408759124087592,1.0630291627469426,3.384637309391478,3.130434782608696,2.8571428571428568,7.43801652892562,3.6153846153846154,6.0,19.40928270042194,58.68852459016394
207,Asia,1358.6206896551726,0.0,1.0,0.0,Economy,AirlineA,3.84418901660281,14.79807112718505,2.051756007393715,6.97992700729927,4.684854186265287,12.045746045318511,26.565217391304348,4.666666666666667,19.33884297520661,4.923076923076923,10.5,31.0126582278481,70.93442622950819
208,Asia,,4.6875,26.89430894308943,14.455732946298983,Economy,AirlineB,1.1749680715197957,3.194695599758891,0.30036968576709794,1.7408759124087592,0.9642521166509878,3.0818013396038193,7.391304347826087,2.571428571428571,9.173553719008265,1.5384615384615385,4.5,12.236286919831224,29.475409836065577
209,Europe,1048.2758620689656,10.9375,6.178861788617886,8.11611030478955,Economy,AirlineA,1.7369093231162198,6.118143459915612,0.9658040665434381,3.487226277372263,1.8532455315145813,4.977198232863047,11.652173913043478,3.142857142857143,19.09090909090909,5.230769230769231,13.5,27.42616033755274,63.852459016393446
210,Europe,,6.25,12.83739837398374,7.663280116110306,Business,AirlineA,1.5070242656449553,8.1374321880651,1.2384473197781884,2.4817518248175183,3.3443085606773284,8.992446914635885,15.913043478260871,1.8095238095238095,7.933884297520661,3.076923076923077,2.25,18.354430379746837,45.40983606557377
211,Europe,1255.1724137931035,15.625,23.195121951219512,9.021770682148041,Economy,AirlineB,2.413793103448276,9.795057263411694,1.4510166358595193,3.9105839416058394,3.2643461900282222,9.96152201795639,18.043478260869566,2.571428571428571,8.925619834710744,2.307692307692308,6.0,13.502109704641349,41.131147540983605
212,Europe,51.03448275862069,4.6875,5.439024390243903,3.552975326560232,Business,AirlineA,0.1532567049808429,0.42194092827004215,0.11090573012939002,1.1587591240875912,0.23518344308560676,0.6769274618782956,1.0,1.1428571428571428,3.4710743801652892,1.9230769230769231,2.25,11.181434599156118,29.475409836065577
213,Asia,117.24137931034483,9.375,35.77235772357724,16.30188679245283,Economy,AirlineB,0.5747126436781609,1.0849909584086799,0.0878003696857671,1.1587591240875912,0.3386641580432737,1.1579022374234003,5.260869565217392,3.428571428571429,7.43801652892562,1.3846153846153846,2.25,14.767932489451477,43.34426229508197
214,Asia,1296.551724137931,9.375,6.91869918699187,5.190130624092888,Business,AirlineB,2.0561941251596423,8.679927667269439,1.1367837338262476,5.762773722627737,2.4082784571966136,6.801339603819296,11.652173913043478,2.571428571428571,13.140495867768594,3.6153846153846154,14.25,16.033755274261605,47.32786885245902
215,Europe,272.41379310344826,29.6875,210.3739837398374,3.5878084179970973,Economy,AirlineA,1.4559386973180077,5.033152501506931,0.688539741219963,3.8576642335766427,1.1994355597365944,3.797919338748753,5.260869565217392,5.142857142857142,17.60330578512397,5.461538461538461,21.0,25.105485232067508,73.0
216,Europe,193.79310344827587,12.5,24.67479674796748,12.470246734397676,Business,AirlineA,0.45977011494252873,2.2603978300180834,0.3650646950092421,1.8996350364963503,0.7808090310442145,2.205358415277184,5.260869565217392,1.7142857142857144,8.181818181818182,2.153846153846154,6.0,12.447257383966246,36.704918032786885
217,Asia,4311.723448275862,9.375,163.7642276422764,2.716981132075472,Economy,AirlineB,0.05108556832694764,0.21097046413502107,0.02310536044362292,1.1058394160583942,0.023518344308560674,0.07838107453327633,3.130434782608696,0.0,0.0,0.0,0.0,0.0,1.5901639344262295
218,Asia,1720.689655172414,23.4375,48.34959349593496,26.333817126269956,Business,AirlineB,3.67816091954023,5.997588908981314,0.8317929759704251,2.375912408759124,2.42238946378175,6.9438506484252525,13.782608695652174,5.904761904761905,6.446280991735537,2.769230769230769,3.75,19.62025316455696,53.819672131147534
219,Europe,158.6206896551724,12.5,24.67479674796748,16.127721335268504,Business,AirlineA,0.9961685823754789,1.6576250753465942,0.2680221811460259,1.7408759124087592,0.5268109125117592,1.7065697591563345,5.260869565217392,3.7142857142857144,8.677685950413222,2.0,7.5,8.860759493670885,29.77049180327869
220,Asia,200.0,3.125,1.7398373983739837,7.384615384615385,Economy,AirlineB,0.561941251596424,0.9945750452079566,0.3234750462107209,1.4233576642335766,0.7337723424270931,1.9987174005985466,5.260869565217392,2.4761904761904763,5.702479338842975,2.9230769230769234,4.5,15.611814345991561,42.75409836065574
221,Asia,344.82758620689657,12.5,9.878048780487806,11.320754716981131,Economy,AirlineB,1.0089399744572158,2.501506931886679,0.6053604436229205,2.0054744525547443,1.0724365004703669,2.8609092204645856,7.391304347826087,5.428571428571428,12.148760330578511,6.846153846153847,6.0,35.0210970464135,83.62295081967213
222,Asia,1565.5172413793105,7.8125,6.178861788617886,7.9419448476052255,Economy,AirlineB,2.1455938697318007,7.504520795660036,2.0794824399260627,3.116788321167883,3.9040451552210724,10.674077240986177,13.782608695652174,3.047619047619048,11.157024793388429,4.6923076923076925,6.75,22.9957805907173,54.85245901639344
223,Asia,406.89655172413796,4.6875,3.2195121951219514,7.071117561683599,Business,AirlineB,1.4431673052362706,3.616636528028933,0.910351201478743,1.8467153284671531,1.9002822201317027,5.789511187117002,7.391304347826087,1.4285714285714284,9.173553719008265,2.6153846153846154,5.25,15.822784810126583,41.131147540983605
224,Europe,634.4827586206897,9.375,1.7398373983739837,5.190130624092888,Economy,AirlineA,2.005108556832695,5.334538878842676,0.8317929759704251,3.8576642335766427,1.5004703668861712,4.414279606669517,9.521739130434783,4.666666666666667,10.413223140495868,3.3076923076923075,6.75,19.40928270042194,53.08196721311475
225,Asia,,7.8125,23.195121951219512,17.83454281567489,Business,AirlineB,2.1328224776500635,5.967450271247739,0.7670979667282809,3.9105839416058394,1.5145813734713076,4.802622203220749,7.391304347826087,4.476190476190476,10.165289256198346,2.692307692307692,9.0,15.822784810126583,47.32786885245902
226,Europe,272.41379310344826,34.375,340.5853658536586,9.09143686502177,Business,AirlineA,0.3065134099616858,2.4110910186859553,0.5914972273567467,1.1587591240875912,1.2558795860771401,3.630468861336754,3.130434782608696,1.1428571428571428,11.652892561983471,4.461538461538462,1.5,28.691983122362867,79.34426229508196
227,Europe,324.13793103448273,4.6875,10.61788617886179,11.320754716981131,Business,AirlineA,1.289910600255428,2.7426160337552745,0.7717190388170057,2.905109489051095,1.1523988711194733,3.416702294427818,3.130434782608696,6.190476190476191,12.148760330578511,8.076923076923077,13.5,31.856540084388186,83.0327868852459
228,Asia,,7.8125,6.91869918699187,5.2597968069666186,Business,AirlineB,4.942528735632184,11.633514165159735,3.2255083179297594,2.958029197080292,5.893697083725305,17.7176856206356,24.434782608695652,2.0,6.694214876033058,3.5384615384615388,3.0,17.51054852320675,51.60655737704918
229,Asia,3924.137931034483,23.4375,336.1463414634147,7.97677793904209,Economy,AirlineB,6.743295019157088,11.271850512356842,2.689463955637708,1.687956204379562,5.479774223894638,16.81630326350292,18.043478260869566,7.523809523809524,13.388429752066116,5.153846153846153,0.0,30.168776371308013,74.47540983606557
230,Asia,1358.6206896551726,20.3125,69.8048780487805,23.756168359941945,Business,AirlineB,2.234993614303959,6.088004822182038,0.8086876155268021,4.228102189781022,1.6698024459078082,5.251531993729515,13.782608695652174,6.0,11.900826446280991,3.4615384615384617,11.25,16.666666666666664,51.60655737704918
231,Europe,1462.0689655172414,1.5625,9.138211382113822,8.708272859216255,Business,AirlineA,2.2222222222222223,5.033152501506931,1.1275415896487986,3.010948905109489,2.191909689557855,5.475986888983896,7.391304347826087,7.333333333333333,12.396694214876034,6.76923076923077,9.0,34.177215189873415,76.24590163934425
232,Asia,841.3793103448276,35.9375,105.3170731707317,2.0203193033381712,Business,AirlineB,6.832694763729247,21.518987341772153,3.465804066543438,6.503649635036496,7.238946378174976,20.89924469146359,28.695652173913043,2.8571428571428568,10.165289256198346,3.3076923076923075,6.75,17.29957805907173,44.81967213114754
233,Europe,266.2068965517241,21.875,5.439024390243903,5.468795355587808,Business,AirlineA,0.7024265644955301,2.652200120554551,0.37430683918669133,2.5875912408759127,0.6161806208842897,1.8562063559925894,1.0,5.238095238095238,21.81818181818182,6.3076923076923075,22.5,28.270042194092827,78.31147540983606
234,Europe,2517.2413793103447,23.4375,126.77235772357723,2.856313497822932,Economy,AirlineA,4.648786717752235,11.754068716094032,3.1192236598890943,5.180656934306569,5.639698965192851,14.67863759441357,18.043478260869566,3.8095238095238093,13.636363636363637,4.769230769230769,6.75,25.738396624472575,63.11475409836066
235,Europe,,17.1875,86.08130081300813,42.63570391872278,Business,AirlineA,3.4865900383141764,9.885473176612416,1.28003696857671,4.968978102189781,2.8127939793038568,7.895111871170016,9.521739130434783,8.285714285714286,22.314049586776857,6.615384615384615,17.25,33.54430379746836,79.93442622950819
236,Asia,1462.0689655172414,9.375,32.8130081300813,18.217706821480405,Business,AirlineB,20.0,39.602169981916816,10.0,9.467153284671532,20.0,50.0,50.0,2.8571428571428568,6.198347107438017,1.153846153846154,0.0,10.759493670886076,33.60655737704918
237,Europe,303.44827586206895,6.25,1.7398373983739837,5.9912917271407835,Economy,AirlineA,1.3409961685823755,3.767329716696805,0.7624768946395564,2.27007299270073,1.528692380056444,4.410716830554368,9.521739130434783,2.0,4.710743801652892,3.1538461538461537,4.5,11.60337552742616,33.45901639344262
238,Europe,1110.344827586207,14.0625,63.146341463414636,29.468795355587808,Economy,AirlineA,2.27330779054917,7.59493670886076,1.1506469500924215,2.5346715328467155,2.64346190028222,6.936725096194955,11.652173913043478,2.761904761904762,11.900826446280991,4.6923076923076925,4.5,32.278481012658226,68.42622950819673
239,Asia,179.3103448275862,18.75,200.01626016260164,4.0754716981132075,Economy,AirlineB,0.33205619412515963,0.9644364074743821,0.18484288354898337,1.0,0.36688617121354655,1.1935299985748895,9.521739130434783,2.4761904761904763,7.68595041322314,2.5384615384615383,0.0,14.978902953586498,44.22950819672131
240,Europe,841.3793103448276,4.6875,67.58536585365853,2.1596516690856316,Business,AirlineA,5.146871008939975,13.110307414104883,2.9066543438077637,3.54014598540146,6.368767638758231,17.50748182984181,24.434782608695652,3.142857142857143,7.1900826446281,2.692307692307692,3.75,16.033755274261605,38.62295081967213
241,Europe,531.0344827586207,6.25,2.4796747967479673,5.817126269956458,Business,AirlineA,1.7369093231162198,5.786618444846293,0.8179297597042513,3.2755474452554747,1.599247412982126,4.898817158329771,9.521739130434783,3.7142857142857144,11.157024793388429,3.8461538461538463,5.25,20.042194092827003,51.31147540983606
242,Europe,427.58620689655174,6.25,33.552845528455286,13.619738751814221,Economy,AirlineA,2.528735632183908,9.16214587100663,1.2245841035120146,3.2755474452554747,3.109125117591722,9.893829271768562,24.434782608695652,1.4285714285714284,4.462809917355372,1.6923076923076925,3.0,11.60337552742616,30.508196721311474
243,Europe,2082.758620689655,12.5,88.30081300813008,1.428156748911466,Economy,AirlineB,12.64367816091954,33.99638336347197,4.454713493530499,17.510948905109487,8.659454374412041,25.078381074533272,32.95652173913044,4.190476190476191,8.925619834710744,3.230769230769231,9.75,14.556962025316455,36.40983606557377
244,Europe,355.17241379310343,12.5,6.91869918699187,9.962264150943398,Economy,AirlineA,1.3026819923371646,3.285111512959614,0.466728280961183,3.3284671532846715,0.6491063029162747,2.255237280889269,5.260869565217392,6.857142857142858,21.322314049586776,5.769230769230768,24.75,22.573839662447256,67.39344262295081
245,Europe,737.9310344827586,10.9375,40.21138211382114,22.95500725689405,Economy,AirlineA,5.951468710089399,11.452682338758288,2.0194085027726434,5.127737226277372,4.397930385700847,14.001710132535273,37.21739130434782,4.285714285714286,7.1900826446281,3.230769230769231,9.75,14.135021097046414,46.885245901639344
246,Europe,,9.375,49.08943089430894,30.165457184325106,Economy,AirlineA,1.9157088122605366,8.679927667269439,1.122920517560074,4.651459854014599,2.7234242709313268,7.524583155194528,13.782608695652174,3.523809523809524,16.115702479338843,3.769230769230769,12.0,24.894514767932492,66.80327868852459
247,Europe,1068.9655172413793,6.25,7.658536585365853,8.74310595065312,Economy,AirlineA,3.499361430395913,9.70464135021097,1.1460258780036967,3.645985401459854,3.0761994355597366,8.237138378224312,18.043478260869566,4.380952380952381,12.148760330578511,3.4615384615384617,6.75,22.9957805907173,48.950819672131146
248,Europe,3365.5172413793102,9.375,3.959349593495935,14.838896952104498,Economy,AirlineA,9.042145593869732,12.567811934900542,3.978743068391867,6.450729927007299,5.540921919096896,14.43636881858344,15.913043478260871,8.476190476190476,18.34710743801653,10.0,21.0,33.54430379746836,88.34426229508198
249,Europe,918.9655172413793,0.0,1.0,0.0,Business,AirlineA,17.139208173690932,50.0,6.9685767097966735,30.0,11.78739416745061,33.87843807895112,41.47826086956522,8.761904761904763,14.3801652892562,5.0,13.5,21.09704641350211,60.459016393442624
250,Europe,,6.25,4.699186991869919,7.140783744557329,Business,AirlineA,0.08939974457215837,0.12055455093429776,0.004621072088724584,1.0,0.009407337723424272,0.04987886561208494,1.0,0.6666666666666666,0.9917355371900827,0.15384615384615385,0.0,1.0548523206751055,3.5081967213114753
251,Europe,789.6551724137931,0.0,1.0,0.0,Business,AirlineA,2.005108556832695,9.011452682338758,1.0951940850277264,7.085766423357664,1.9002822201317027,6.238420977625766,9.521739130434783,3.333333333333333,14.87603305785124,3.230769230769231,15.75,17.088607594936708,54.114754098360656
252,Europe,944.8275862068966,25.0,151.92682926829266,3.065312046444122,Economy,AirlineB,3.6270753512132825,14.978902953586498,1.890018484288355,4.545620437956204,5.164628410159925,14.065840102607952,22.304347826086957,3.8095238095238093,18.84297520661157,3.923076923076923,8.25,30.37974683544304,70.34426229508196
253,Asia,,1.5625,3.2195121951219514,3.448476052249637,Business,AirlineB,0.140485312899106,0.48221820373719104,0.12476894639556377,1.3704379562043796,0.1881467544684854,0.5949836112298703,1.0,1.0476190476190477,3.9669421487603307,2.153846153846154,5.25,9.071729957805907,26.081967213114755
254,Europe,,3.125,2.4796747967479673,5.050798258345428,Business,AirlineA,2.3499361430395913,5.967450271247739,1.7467652495378927,1.9525547445255476,3.0667920978363123,8.557788228587714,13.782608695652174,2.761904761904762,8.925619834710744,3.230769230769231,0.75,16.666666666666664,43.9344262295082
255,Europe,427.58620689655174,1.5625,1.0,1.532656023222061,Economy,AirlineA,1.0217113665389528,2.8933092224231465,0.466728280961183,1.635036496350365,1.0818438381937912,3.1815590708279893,11.652173913043478,1.2380952380952381,9.669421487603305,2.692307692307692,3.75,15.822784810126583,34.9344262295082
256,Europe,737.9310344827586,3.125,3.2195121951219514,5.399129172714079,Economy,AirlineA,5.862068965517241,13.411693791440626,2.966728280961183,3.9635036496350367,6.204139228598306,18.223599828986746,24.434782608695652,1.619047619047619,6.694214876033058,2.3846153846153846,6.0,10.759493670886076,28.88524590163934
257,Europe,841.3793103448276,9.375,131.21138211382114,2.0899854862119014,Economy,AirlineA,3.4355044699872286,8.227848101265822,1.3585951940850278,3.2755474452554747,2.869238005644403,8.083939005272908,20.17391304347826,4.095238095238095,11.157024793388429,3.8461538461538463,8.25,18.776371308016877,49.98360655737705
258,Asia,1462.0689655172414,29.6875,352.4227642276423,12.783744557329463,Business,AirlineB,3.780332056194125,8.559373116335141,1.7375231053604436,3.063868613138686,4.190968955785513,11.931737209633747,18.043478260869566,4.9523809523809526,10.90909090909091,4.0,6.0,28.270042194092827,75.8032786885246
259,Europe,55.172413793103445,23.4375,111.97560975609755,2.9956458635703918,Economy,AirlineA,0.3065134099616858,0.6630500301386377,0.1432532347504621,1.1058394160583942,0.3010348071495767,1.0438934017386348,1.0,2.2857142857142856,5.454545454545455,2.4615384615384617,1.5,14.135021097046414,44.67213114754099
260,Asia,1720.689655172414,45.3125,275.47967479674793,5.399129172714079,Business,AirlineB,2.10727969348659,8.438818565400844,1.6820702402957486,2.905109489051095,4.129821260583255,11.896109448482257,13.782608695652174,2.0,8.181818181818182,4.384615384615385,6.0,24.894514767932492,71.81967213114754
261,Asia,303.44827586206895,14.0625,2.4796747967479673,6.618287373004354,Economy,AirlineB,0.17879948914431673,0.39180229053646776,0.06931608133086876,1.1587591240875912,0.2116650987770461,0.7838107453327633,7.391304347826087,0.47619047619047616,2.479338842975207,0.6153846153846154,2.25,5.485232067510549,17.22950819672131
262,Asia,305.51724137931035,3.125,3.2195121951219514,6.304789550072568,Economy,AirlineB,2.1966794380587484,3.134418324291742,0.5868761552680222,1.8467153284671531,1.1006585136406397,3.3561351004702864,11.652173913043478,5.80952380952381,10.413223140495868,3.230769230769231,3.75,14.135021097046414,39.21311475409836
263,Asia,1441.3793103448277,7.8125,365.0,10.763425253991292,Economy,AirlineB,3.0906768837803322,10.397830018083184,2.27818853974122,4.916058394160584,4.223894637817497,11.140800912070684,11.652173913043478,4.380952380952381,18.84297520661157,5.230769230769231,10.5,37.34177215189873,91.14754098360656
264,Asia,427.58620689655174,25.0,274.0,7.071117561683599,Economy,AirlineB,0.970625798212005,2.1398432790837854,0.4297597042513863,1.1587591240875912,1.2370649106302918,3.8121704432093484,7.391304347826087,3.428571428571429,6.9421487603305785,2.9230769230769234,0.75,17.932489451476794,56.77049180327868
265,Asia,200.0,20.3125,70.54471544715447,1.462989840348331,Economy,AirlineB,0.7918263090676885,1.62748643761302,0.44824399260628467,1.8996350364963503,0.7808090310442145,2.258800057004418,5.260869565217392,1.7142857142857144,6.198347107438017,2.4615384615384617,6.0,11.814345991561181,29.327868852459016
266,Europe,112.06896551724137,9.375,6.178861788617886,6.966618287373004,Business,AirlineA,0.280970625798212,1.6576250753465942,0.2264325323475046,1.8467153284671531,0.45625587958607716,1.2932877297990595,1.0,2.0952380952380953,13.636363636363637,3.8461538461538463,12.0,21.09704641350211,54.99999999999999
267,Europe,1441.3793103448277,0.0,1.0,0.0,Business,AirlineA,9.386973180076629,19.89150090415913,3.290203327171904,9.202554744525548,6.420507996237065,18.986033917628617,24.434782608695652,6.476190476190476,14.132231404958677,4.538461538461538,15.0,23.628691983122362,66.36065573770492
268,Asia,200.0,26.5625,333.9268292682927,8.882438316400581,Business,AirlineB,0.5363984674329502,1.4165159734779988,0.33271719038817005,1.3704379562043796,0.6820319849482597,1.8882713410289298,1.0,4.0,11.652892561983471,5.615384615384615,5.25,31.223628691983123,79.63934426229508
269,Europe,617.2420689655172,10.9375,191.1382113821138,4.702467343976778,Business,AirlineA,2.6053639846743293,7.805907172995781,1.4510166358595193,3.010948905109489,3.1185324553151457,9.487672794641584,20.17391304347826,1.523809523809524,8.181818181818182,1.9230769230769231,2.25,13.080168776371309,41.131147540983605
270,Asia,,4.6875,4.699186991869919,6.235123367198838,Business,AirlineB,0.2937420178799489,0.9644364074743821,0.1756007393715342,1.2116788321167884,0.39040451552210725,1.0438934017386348,3.130434782608696,2.1904761904761907,7.933884297520661,2.692307692307692,3.0,17.51054852320675,43.34426229508197
271,Europe,1979.3103448275863,1.5625,7.658536585365853,12.261248185776488,Economy,AirlineA,6.832694763729247,24.924653405666064,4.815157116451017,9.096715328467154,9.477892756349952,25.003562776115153,26.565217391304348,5.904761904761905,11.40495867768595,6.3076923076923075,6.75,34.177215189873415,75.65573770491802
272,Europe,117.24137931034483,28.125,73.5040650406504,43.05370101596517,Business,AirlineA,1.9795657726692208,8.318264014466546,0.9380776340110906,6.291970802919708,1.9190968955785512,6.167165455322787,11.652173913043478,4.095238095238095,21.81818181818182,4.153846153846154,21.75,24.47257383966245,74.18032786885246
273,Europe,96.55172413793105,4.6875,16.53658536585366,9.788098693759071,Business,AirlineA,0.19157088122605362,0.9342977697408076,0.12014787430683918,1.2645985401459854,0.3574788334901223,0.9655123272053584,5.260869565217392,1.2380952380952381,6.9421487603305785,1.5384615384615385,3.75,13.71308016877637,31.098360655737704
274,Asia,324.13793103448273,26.5625,123.8130081300813,45.97968069666183,Economy,AirlineB,1.0983397190293742,3.194695599758891,0.4251386321626617,2.164233576642336,0.8513640639698965,2.533133817870885,7.391304347826087,5.7142857142857135,19.09090909090909,5.615384615384615,12.0,29.324894514767934,75.65573770491802
275,Europe,189.6551724137931,17.1875,168.20325203252034,3.8664731494920175,Business,AirlineA,0.6257982120051085,2.2603978300180834,0.3465804066543438,2.27007299270073,0.7337723424270931,2.354995012113439,3.130434782608696,3.333333333333333,13.388429752066116,4.153846153846154,13.5,23.417721518987342,66.65573770491804
276,Asia,231.0344827586207,50.0,345.0243902439024,11.146589259796807,Economy,AirlineB,0.5108556832694764,2.591922845087402,0.4852125693160813,2.1113138686131387,0.9689557855126998,2.892974205500926,3.130434782608696,2.0,16.859504132231404,5.076923076923077,12.75,30.37974683544304,84.36065573770492
277,Europe,893.103448275862,23.4375,262.9024390243902,6.827285921625545,Business,AirlineA,2.081736909323116,4.4906570223025915,1.002772643253235,1.582116788321168,1.984948259642521,5.700441784238278,11.652173913043478,4.476190476190476,12.396694214876034,6.3076923076923075,2.25,33.33333333333333,76.8360655737705
278,Asia,2910.344827586207,10.9375,40.21138211382114,40.406386066763424,Business,AirlineB,6.104725415070242,39.150090415913205,5.254158964879853,15.341240875912408,12.130761994355597,31.1386632464016,37.21739130434782,2.1904761904761907,20.082644628099175,4.461538461538462,15.75,29.746835443037973,80.81967213114754
279,Asia,220.68965517241378,34.375,301.3739837398374,7.97677793904209,Economy,AirlineB,1.264367816091954,1.6877637130801686,0.3096118299445471,1.052919708029197,0.6773283160865474,2.4654410716830553,7.391304347826087,6.190476190476191,8.925619834710744,3.384615384615385,0.0,20.042194092827003,63.40983606557377
280,Europe,127.58620689655172,9.375,302.1138211382114,10.066763425253992,Business,AirlineA,0.7407407407407407,1.1754068716094033,0.2865064695009242,1.4233576642335766,0.5597365945437441,1.7386347441926748,3.130434782608696,4.9523809523809526,8.181818181818182,4.076923076923077,6.0,21.518987341772153,65.47540983606558
281,Europe,634.4827586206897,26.5625,276.219512195122,7.28011611030479,Business,AirlineA,1.9795657726692208,4.400241109101868,0.9704251386321626,1.635036496350365,1.876763875823142,6.046031067407724,7.391304347826087,4.857142857142857,11.157024793388429,5.153846153846153,0.75,25.52742616033755,76.54098360655738
282,Asia,96.55172413793105,25.0,320.609756097561,12.783744557329463,Business,AirlineB,3.499361430395913,6.931886678722121,1.936229205175601,2.0054744525547443,4.082784571966133,10.870029927319367,11.652173913043478,5.619047619047619,13.884297520661157,7.0,4.5,44.09282700421941,92.0327868852459
283,Europe,,12.5,3.959349593495935,8.60377358490566,Economy,AirlineA,0.0,0.0,0.0,1.0,0.0,0.03206498503634032,3.130434782608696,0.0,0.0,0.07692307692307693,0.0,0.21097046413502107,1.0
284,Europe,1006.8965517241379,26.5625,328.0081300813008,12.226415094339622,Economy,AirlineA,4.763729246487867,10.30741410488246,2.074861367837338,4.228102189781022,3.9369708372530576,11.265498076100897,15.913043478260871,5.0476190476190474,18.09917355371901,6.76923076923077,12.75,35.44303797468354,81.55737704918033
285,Europe,617.2420689655172,10.9375,107.53658536585365,3.6923076923076925,Economy,AirlineA,2.286079182630907,9.041591320072333,1.4926062846580406,3.54014598540146,3.0714957666980247,9.402166167878011,15.913043478260871,1.9047619047619047,6.198347107438017,3.230769230769231,2.25,15.822784810126583,40.09836065573771
286,Europe,1855.1724137931033,9.375,8.398373983739837,10.972423802612482,Business,AirlineA,4.099616858237548,11.573236889692586,1.7005545286506467,8.038321167883211,3.2079021636876766,9.783383212198945,11.652173913043478,5.0476190476190474,18.59504132231405,5.3076923076923075,17.25,31.856540084388186,86.1311475409836
287,Europe,634.4827586206897,20.3125,330.2276422764227,10.240928882438316,Economy,AirlineA,1.136653895274585,4.128993369499699,0.9011090573012939,1.7937956204379564,2.0884289746001885,5.340601396608237,7.391304347826087,2.571428571428571,16.115702479338843,7.0,7.5,44.72573839662447,100.0
288,Asia,586.2075862068965,4.6875,183.0,7.28011611030479,Business,AirlineB,2.528735632183908,4.882459312839059,0.9519408502772643,1.4762773722627738,2.300094073377234,6.690893544249679,15.913043478260871,5.142857142857142,6.9421487603305785,3.6923076923076925,2.25,21.518987341772153,52.9344262295082
289,Asia,427.58620689655174,6.25,109.7560975609756,2.821480406386067,Economy,AirlineB,1.0983397190293742,2.471368294153104,0.3789279112754159,1.4762773722627738,1.0159924741298212,3.096052444064415,7.391304347826087,2.8571428571428568,5.702479338842975,2.0,0.75,14.556962025316455,37.44262295081967
290,Asia,1441.3793103448277,6.25,15.056910569105693,11.738751814223512,Business,AirlineB,2.4648786717752236,6.931886678722121,1.621996303142329,2.428832116788321,3.603010348071496,8.354709990024228,9.521739130434783,4.9523809523809526,14.628099173553718,8.23076923076923,10.5,44.303797468354425,93.36065573770492
291,Europe,789.6551724137931,4.6875,4.699186991869919,3.204644412191582,Business,AirlineB,1.6347381864623245,4.912597950572635,0.6192236598890942,2.6934306569343063,1.5757290686735654,4.695738919766282,13.782608695652174,2.761904761904762,7.43801652892562,2.0,6.0,14.135021097046414,37.73770491803278
292,Europe,,10.9375,157.10569105691056,5.782293178519593,Business,AirlineA,14.725415070242656,27.69740807715491,5.147874306839187,11.31934306569343,9.172154280338665,26.303976058144507,35.08695652173913,4.190476190476191,10.165289256198346,2.769230769230769,5.25,13.080168776371309,41.278688524590166
293,Asia,1824.1379310344828,14.0625,307.29268292682923,12.261248185776488,Economy,AirlineB,4.58492975734355,10.518384569017481,1.9408502772643252,1.8467153284671531,4.092191909689557,11.197805329913068,15.913043478260871,6.9523809523809526,15.12396694214876,3.6923076923076925,1.5,29.535864978902953,81.11475409836065
294,Europe,293.1034482758621,17.1875,107.53658536585365,2.4383164005805513,Business,AirlineA,0.6641123882503193,2.4110910186859553,0.4852125693160813,2.164233576642336,1.0489181561618062,3.2350007125552227,7.391304347826087,2.0,10.90909090909091,4.076923076923077,12.75,25.105485232067508,75.36065573770492
295,Europe,1813.7931034482758,12.5,52.78861788617886,24.10449927431059,Business,AirlineB,0.01277139208173691,0.09041591320072333,0.004621072088724584,1.052919708029197,0.0,0.0,1.0,0.09523809523809525,0.743801652892562,0.15384615384615385,0.75,0.6329113924050633,1.4426229508196722
296,Asia,503.44896551724133,1.5625,5.439024390243903,4.563134978229318,Economy,AirlineB,0.9067688378033206,2.9837251356238697,0.4805914972273567,1.635036496350365,1.0112888052681093,2.9749180561493516,13.782608695652174,1.9047619047619047,4.214876033057851,1.8461538461538463,1.5,8.860759493670885,28.88524590163934
297,Europe,417.2413793103448,7.8125,10.61788617886179,10.415094339622641,Business,AirlineA,1.3537675606641124,4.1892706449668475,0.5914972273567467,3.2226277372262775,1.185324553151458,3.979620920621348,11.652173913043478,2.2857142857142856,7.1900826446281,1.6153846153846154,7.5,9.70464135021097,27.114754098360653
298,Europe,,14.0625,73.5040650406504,1.2888243831640058,Economy,AirlineA,1.3282247765006385,2.863170584689572,0.40203327171903885,1.4762773722627738,1.1006585136406397,3.2706284737067124,9.521739130434783,1.619047619047619,4.462809917355372,1.4615384615384617,0.75,9.49367088607595,25.34426229508197
299,Europe,396.551724137931,6.25,34.292682926829265,6.200290275761974,Business,AirlineA,3.116219667943806,14.79807112718505,2.250462107208872,5.392335766423358,5.3668861712135465,14.40074105743195,35.08695652173913,0.2857142857142857,5.454545454545455,1.3076923076923077,3.0,12.658227848101266,30.065573770491806
300,Asia,2289.655172413793,28.125,74.2439024390244,28.21480406386067,Economy,AirlineB,2.2222222222222223,10.24713682941531,1.4140480591497229,4.333941605839416,3.842897460018815,10.164600256519881,13.782608695652174,5.0476190476190474,12.892561983471074,4.307692307692308,7.5,30.801687763713083,73.88524590163934
301,Asia,241.3793103448276,31.25,275.47967479674793,4.632801161103048,Economy,AirlineB,1.1111111111111112,4.852320675105485,0.6839186691312384,1.3704379562043796,1.6603951081843837,4.916631038905515,5.260869565217392,3.238095238095238,14.628099173553718,4.307692307692308,0.75,28.902953586497894,83.91803278688525
302,Asia,,10.9375,22.45528455284553,13.86357039187228,Business,AirlineB,11.81353767560664,49.789029535864984,5.873382624768947,21.056569343065693,12.831608654750706,34.76913210773835,47.869565217391305,2.380952380952381,7.1900826446281,1.076923076923077,1.5,10.548523206751055,28.147540983606557
303,Europe,789.6551724137931,17.1875,215.5528455284553,5.573294629898403,Business,AirlineA,2.4393358876117497,4.4906570223025915,1.0397412199630314,1.8996350364963503,1.8485418626528693,5.440359127832408,9.521739130434783,7.238095238095238,12.892561983471074,5.846153846153847,3.75,23.628691983122362,63.70491803278689
304,Asia,1772.4137931034481,0.0,1.0,2.264150943396227,Business,AirlineB,5.185185185185185,10.940325497287523,2.6709796672828094,4.016423357664234,5.390404515522107,14.489810460310673,20.17391304347826,1.4285714285714284,3.4710743801652892,1.3076923076923077,2.25,8.649789029535865,24.016393442622952
305,Asia,,9.375,10.61788617886179,9.404934687953556,Economy,AirlineB,5.98978288633461,9.463532248342375,2.786506469500924,3.54014598540146,4.816556914393227,11.945988314094343,15.913043478260871,7.428571428571429,15.37190082644628,7.0,6.75,40.71729957805908,84.21311475409836
306,Asia,944.8275862068966,9.375,14.317073170731707,5.817126269956458,Business,AirlineB,10.459770114942529,40.62688366485835,4.83826247689464,13.806569343065695,11.279397930385702,29.845375516602534,39.34782608695652,1.1428571428571428,6.198347107438017,1.076923076923077,3.0,6.5400843881856545,17.377049180327866
307,Asia,484.48275862068965,14.0625,128.9918699186992,4.632801161103048,Economy,AirlineB,2.0178799489144317,4.460518384569018,0.8271719038817006,2.6405109489051095,1.6509877704609597,4.774119994299558,7.391304347826087,3.047619047619048,7.68595041322314,2.692307692307692,3.0,14.345991561181433,39.80327868852459
308,Asia,1462.0689655172414,25.0,200.75609756097563,3.2743105950653124,Economy,AirlineB,3.052362707535121,12.236286919831224,1.557301293900185,6.821167883211679,3.607714016933208,10.73108165882856,13.782608695652174,4.190476190476191,17.60330578512397,3.8461538461538463,13.5,23.417721518987342,69.45901639344262
309,Asia,241.3793103448276,14.0625,9.878048780487806,10.449927431059507,Economy,AirlineB,1.4048531289910602,2.0795660036166366,0.9242144177449169,1.052919708029197,1.4346190028222015,4.33589853213624,3.130434782608696,5.7142857142857135,7.1900826446281,7.230769230769231,0.0,29.11392405063291,87.16393442622952
310,Asia,2600.0,20.3125,72.02439024390245,41.172714078374455,Economy,AirlineB,3.6526181353767564,11.030741410488245,1.8391866913123844,4.651459854014599,3.5230479774223893,9.651560495938435,11.652173913043478,7.047619047619048,24.297520661157023,8.23076923076923,14.25,39.029535864978904,88.63934426229508
311,Asia,996.551724137931,4.6875,211.1138211382114,5.921625544267053,Economy,AirlineB,3.1417624521072796,7.745629897528632,1.2846580406654342,3.1697080291970803,2.64346190028222,8.01268348296993,13.782608695652174,3.523809523809524,10.90909090909091,2.846153846153846,3.75,16.877637130801688,51.75409836065574
312,Asia,1048.2758620689656,26.5625,215.5528455284553,6.478955007256895,Economy,AirlineB,2.4776500638569603,3.767329716696805,1.2523105360443623,1.3175182481751824,2.361241768579492,6.256234858201511,13.782608695652174,3.428571428571429,6.694214876033058,5.153846153846153,0.75,25.949367088607595,55.73770491803279
313,Europe,3220.6896551724135,29.6875,198.53658536585368,4.214804063860667,Economy,AirlineA,5.325670498084292,9.70464135021097,2.1857670979667283,2.6934306569343063,4.58137347130762,9.82969930169588,9.521739130434783,10.0,17.60330578512397,8.23076923076923,6.0,43.459915611814345,84.21311475409836
314,Asia,158.6206896551724,17.1875,54.26829268292683,32.81277213352685,Business,AirlineB,0.43422733077905495,1.235684147076552,0.30036968576709794,1.582116788321168,0.5315145813734713,1.3859199087929315,1.0,3.238095238095238,10.165289256198346,5.076923076923077,8.25,24.47257383966245,58.83606557377049
315,Europe,251.72413793103448,23.4375,103.83739837398375,42.56603773584906,Business,AirlineA,0.7279693486590039,3.0138637733574445,0.37430683918669133,2.164233576642336,0.7902163687676388,2.0450334900954825,1.0,5.428571428571428,24.793388429752067,6.3076923076923075,16.5,36.075949367088604,86.1311475409836
316,Asia,,9.375,43.91056910569106,11.320754716981131,Economy,AirlineB,1.3537675606641124,3.7371910789632303,0.48983364140480595,1.7937956204379564,1.3123236124176856,3.7195382642154766,15.913043478260871,2.0952380952380953,5.702479338842975,1.6153846153846154,1.5,10.970464135021098,31.245901639344265
317,Asia,1358.6206896551726,4.6875,7.658536585365853,11.320754716981131,Economy,AirlineB,1.7624521072796933,9.37311633514165,1.7467652495378927,2.6934306569343063,3.7723424270931325,9.562491093059712,9.521739130434783,3.523809523809524,11.900826446280991,5.0,5.25,26.582278481012654,71.9672131147541
318,Europe,1720.689655172414,31.25,282.8780487804878,10.90275761973875,Economy,AirlineA,11.174968071519796,13.592525617842075,4.140480591497227,3.063868613138686,7.0884289746001885,19.56676642439789,24.434782608695652,8.952380952380953,12.396694214876034,5.846153846153847,3.75,28.48101265822785,71.22950819672131
319,Europe,706.8965517241379,10.9375,84.60162601626017,1.2888243831640058,Business,AirlineA,1.8646232439335888,2.802893309222423,0.9981515711645101,1.3704379562043796,2.017873941674506,5.989026649565341,11.652173913043478,4.9523809523809526,10.661157024793388,4.6923076923076925,2.25,26.371308016877638,68.72131147540983
320,Europe,1896.5517241379312,18.75,97.91869918699186,45.770682148040635,Economy,AirlineA,4.2401021711366536,12.658227848101266,2.1672828096118297,6.133211678832117,4.012229539040452,11.326065270058429,15.913043478260871,7.428571428571429,14.87603305785124,6.538461538461538,6.75,30.168776371308013,83.18032786885246
321,Europe,1979.3103448275863,4.6875,3.959349593495935,14.211901306240929,Business,AirlineA,3.1800766283524906,10.759493670886076,3.576709796672828,2.5875912408759127,6.8344308560677325,17.41841242696309,22.304347826086957,2.9523809523809526,10.90909090909091,5.923076923076923,6.75,35.654008438818565,91.73770491803279
