FlightsPerYear,HotelNights,InternationalTrips,DomesticTrips,TravelPackagesPurchased,MuseumVisits,YearsTraveling,LifetimeFlights,LifetimeHotelNights,LifetimeInternationalTrips,LifetimeDomesticTrips,LifetimeTravelPackagesPurchased,LifetimeMuseumVisits,PreferredAirlineStatus,FrequentFlyer,BaggageHandled,TravelAgencyInteractions,TravelRelatedComplaints,AnnualTravelBudget,NewTravelerProgram
24.0,89.0,1.0,8.0,8.0,2.0,11.0,66.0,41.0,19.0,21.0,19.0,5.0,Gold,Miles & More,346.0,44.0,4.0,3418.800608066566,Global Explorer Initiative
13.0,34.0,3.0,5.0,6.0,8.0,9.0,184.0,80.0,38.0,62.0,40.0,50.0,Platinum,Miles & More,128.0,47.0,0.0,2717.426319807665,Adventure Start
63.0,176.0,4.0,20.0,22.0,5.0,13.0,265.0,125.0,60.0,96.0,71.0,40.0,Platinum,Miles & More,193.0,30.0,7.0,1581.015580644546,Adventure Start
57.0,140.0,1.0,12.0,9.0,4.0,17.0,277.0,125.0,23.0,88.0,47.0,49.0,Gold,AAdvantage,353.0,197.0,5.0,1224.5408268883366,Global Explorer Initiative
37.0,102.0,1.0,13.0,8.0,14.0,48.0,928.0,470.0,61.0,286.0,157.0,134.0,Platinum,AAdvantage,47.0,128.0,4.0,9159.980186862313,Adventure Start
8.0,40.0,2.0,10.0,4.0,4.0,5.0,41.0,33.0,2.0,14.0,4.0,12.0,Gold,AAdvantage,87.0,19.0,1.0,334.6438865945067,Global Explorer Initiative
37.0,145.0,7.0,28.0,23.0,14.0,34.0,561.0,304.0,73.0,217.0,121.0,97.0,Platinum,AAdvantage,23.0,72.0,5.0,4964.45202977438,Adventure Start
20.0,42.0,0.0,10.0,0.0,6.0,1.0,35.0,19.0,2.0,16.0,3.0,14.0,Platinum,Miles & More,53.0,194.0,10.0,189.5820105790802,Adventure Start
25.0,68.0,6.0,17.0,11.0,17.0,10.0,79.0,50.0,54.0,36.0,48.0,26.0,Platinum,AAdvantage,389.0,22.0,0.0,3490.513125631021,Adventure Start
53.0,146.0,3.0,33.0,7.0,7.0,7.0,58.0,34.0,3.0,17.0,3.0,5.0,Platinum,AAdvantage,232.0,134.0,3.0,2464.089138462441,Adventure Start
76.0,276.0,7.0,45.0,26.0,12.0,8.0,382.0,199.0,71.0,158.0,110.0,61.0,Platinum,Miles & More,473.0,107.0,2.0,3899.9543276500485,Adventure Start
26.0,60.0,3.0,8.0,5.0,3.0,3.0,13.0,9.0,1.0,3.0,1.0,3.0,Gold,AAdvantage,156.0,97.0,8.0,199.0364103947144,Global Explorer Initiative
2.0,2.0,0.0,1.0,0.0,0.0,29.0,331.0,148.0,14.0,85.0,47.0,53.0,Gold,Miles & More,115.0,69.0,0.0,1068.6813802752745,Global Explorer Initiative
29.0,80.0,7.0,14.0,13.0,10.0,3.0,105.0,66.0,22.0,35.0,32.0,16.0,Gold,AAdvantage,89.0,75.0,3.0,2059.5336076022922,Adventure Start
88.0,231.0,3.0,30.0,24.0,9.0,3.0,144.0,65.0,40.0,60.0,38.0,28.0,Platinum,Miles & More,64.0,197.0,10.0,398.6650638832096,Adventure Start
5.0,36.0,1.0,2.0,5.0,1.0,6.0,43.0,35.0,2.0,11.0,9.0,5.0,Gold,AAdvantage,292.0,11.0,0.0,2473.84186446762,Adventure Start
88.0,290.0,2.0,45.0,16.0,10.0,31.0,587.0,298.0,56.0,175.0,102.0,60.0,Gold,Miles & More,306.0,99.0,7.0,4549.935188903954,Global Explorer Initiative
9.0,34.0,0.0,6.0,0.0,1.0,14.0,245.0,166.0,8.0,89.0,42.0,27.0,Gold,Miles & More,20.0,24.0,3.0,2807.330892889665,Global Explorer Initiative
22.0,46.0,1.0,8.0,3.0,12.0,42.0,551.0,243.0,29.0,151.0,73.0,94.0,Platinum,AAdvantage,110.0,117.0,1.0,2226.7210927500687,Adventure Start
86.0,284.0,6.0,40.0,26.0,12.0,6.0,137.0,67.0,43.0,53.0,56.0,24.0,Platinum,Miles & More,331.0,152.0,7.0,6070.5208019570155,Global Explorer Initiative
15.0,46.0,0.0,2.0,1.0,1.0,1.0,12.0,5.0,0.0,1.0,0.0,0.0,Gold,AAdvantage,77.0,112.0,4.0,769.6070054446268,Adventure Start
60.0,207.0,3.0,25.0,18.0,16.0,47.0,810.0,416.0,74.0,240.0,160.0,133.0,Gold,AAdvantage,109.0,44.0,1.0,8097.924184661834,Global Explorer Initiative
15.0,48.0,1.0,4.0,5.0,2.0,26.0,397.0,203.0,50.0,134.0,99.0,40.0,Platinum,AAdvantage,44.0,26.0,0.0,1445.4485203775635,Adventure Start
92.0,295.0,5.0,50.0,19.0,17.0,2.0,25.0,13.0,7.0,17.0,3.0,11.0,Platinum,AAdvantage,165.0,106.0,7.0,556.0517666720516,Adventure Start
0.0,2.0,0.0,0.0,0.0,5.0,36.0,751.0,417.0,83.0,258.0,165.0,145.0,Gold,Miles & More,332.0,26.0,2.0,6208.684844821533,Global Explorer Initiative
19.0,81.0,5.0,13.0,7.0,1.0,8.0,38.0,22.0,18.0,12.0,16.0,5.0,Gold,AAdvantage,414.0,31.0,4.0,4243.379965243,Global Explorer Initiative
31.0,121.0,0.0,18.0,3.0,3.0,28.0,729.0,416.0,34.0,253.0,106.0,86.0,Platinum,AAdvantage,42.0,159.0,6.0,3284.107409044981,Adventure Start
3.0,6.0,0.0,1.0,0.0,0.0,21.0,225.0,115.0,32.0,63.0,56.0,20.0,Platinum,AAdvantage,176.0,18.0,2.0,3189.8539047534055,Adventure Start
61.0,187.0,1.0,15.0,19.0,10.0,19.0,574.0,304.0,59.0,158.0,142.0,55.0,Gold,Miles & More,141.0,99.0,1.0,5343.450164248789,Global Explorer Initiative
78.0,203.0,10.0,46.0,30.0,20.0,30.0,883.0,460.0,79.0,286.0,177.0,145.0,Platinum,Miles & More,109.0,77.0,5.0,3820.9783369638926,Adventure Start
40.0,105.0,8.0,33.0,19.0,7.0,10.0,138.0,62.0,25.0,54.0,20.0,12.0,Gold,Miles & More,335.0,3.0,3.0,2122.236155131051,Global Explorer Initiative
11.0,35.0,0.0,7.0,0.0,10.0,19.0,220.0,109.0,10.0,84.0,27.0,51.0,Gold,Miles & More,178.0,106.0,2.0,1200.6697079064063,Global Explorer Initiative
41.0,186.0,8.0,28.0,23.0,3.0,10.0,228.0,136.0,25.0,97.0,46.0,27.0,Gold,Miles & More,372.0,60.0,5.0,1213.5202129927693,Global Explorer Initiative
15.0,54.0,4.0,9.0,17.0,8.0,34.0,715.0,404.0,91.0,257.0,182.0,136.0,Gold,AAdvantage,180.0,3.0,0.0,3627.6011532075713,Global Explorer Initiative
4.0,28.0,2.0,10.0,2.0,6.0,14.0,116.0,59.0,15.0,45.0,26.0,51.0,Gold,Miles & More,217.0,60.0,0.0,227.28538810222244,Global Explorer Initiative
65.0,256.0,9.0,29.0,29.0,15.0,37.0,628.0,361.0,88.0,232.0,178.0,125.0,Gold,Miles & More,368.0,43.0,3.0,7710.517539356017,Global Explorer Initiative
12.0,56.0,0.0,6.0,5.0,4.0,9.0,163.0,86.0,12.0,48.0,31.0,18.0,Platinum,Miles & More,295.0,9.0,0.0,2538.8093109253873,Adventure Start
24.0,61.0,4.0,11.0,8.0,1.0,10.0,204.0,114.0,15.0,56.0,39.0,10.0,Gold,AAdvantage,109.0,119.0,6.0,4644.58990126553,Global Explorer Initiative
62.0,165.0,3.0,25.0,16.0,10.0,2.0,20.0,11.0,2.0,5.0,2.0,4.0,Gold,AAdvantage,158.0,107.0,8.0,586.3546029477304,Global Explorer Initiative
12.0,21.0,0.0,1.0,0.0,0.0,26.0,387.0,216.0,7.0,142.0,33.0,19.0,Gold,AAdvantage,274.0,110.0,8.0,1272.551012239718,Global Explorer Initiative
70.0,259.0,9.0,47.0,29.0,19.0,50.0,964.0,492.0,100.0,299.0,196.0,147.0,Gold,AAdvantage,229.0,3.0,1.0,7062.905331370242,Global Explorer Initiative
4.0,10.0,0.0,1.0,1.0,2.0,4.0,15.0,7.0,4.0,2.0,2.0,1.0,Platinum,Miles & More,314.0,140.0,6.0,311.96426806768784,Adventure Start
41.0,100.0,1.0,24.0,8.0,9.0,22.0,354.0,184.0,21.0,150.0,46.0,70.0,Platinum,AAdvantage,68.0,180.0,10.0,4843.198714205934,Adventure Start
14.0,30.0,4.0,6.0,3.0,9.0,14.0,338.0,181.0,65.0,129.0,81.0,65.0,Platinum,Miles & More,351.0,12.0,2.0,2031.091789404408,Adventure Start
65.0,185.0,4.0,33.0,15.0,19.0,21.0,558.0,310.0,72.0,230.0,123.0,129.0,Platinum,AAdvantage,167.0,22.0,1.0,4634.86065893091,Adventure Start
8.0,33.0,0.0,2.0,2.0,2.0,14.0,165.0,90.0,18.0,52.0,37.0,14.0,Platinum,AAdvantage,261.0,19.0,4.0,489.1763091946468,Adventure Start
42.0,170.0,5.0,31.0,13.0,4.0,22.0,608.0,349.0,47.0,195.0,115.0,50.0,Platinum,Miles & More,335.0,16.0,5.0,6935.96198200463,Adventure Start
48.0,193.0,3.0,26.0,21.0,14.0,19.0,537.0,300.0,70.0,212.0,139.0,114.0,Gold,AAdvantage,75.0,93.0,1.0,7716.34892977318,Global Explorer Initiative
65.0,224.0,1.0,34.0,13.0,10.0,10.0,344.0,174.0,23.0,109.0,61.0,44.0,Platinum,Miles & More,123.0,109.0,6.0,4821.16856024005,Adventure Start
49.0,126.0,6.0,31.0,20.0,9.0,27.0,560.0,300.0,56.0,221.0,105.0,111.0,Platinum,AAdvantage,376.0,18.0,0.0,4117.661852763553,Adventure Start
28.0,96.0,1.0,21.0,2.0,9.0,25.0,450.0,216.0,27.0,145.0,73.0,81.0,Platinum,Miles & More,142.0,122.0,2.0,1660.9513939577494,Adventure Start
60.0,183.0,9.0,32.0,26.0,14.0,20.0,348.0,171.0,79.0,125.0,110.0,43.0,Platinum,Miles & More,125.0,49.0,6.0,2028.0576661680077,Adventure Start
1.0,15.0,0.0,3.0,1.0,2.0,15.0,368.0,202.0,16.0,128.0,59.0,41.0,Gold,AAdvantage,279.0,58.0,4.0,4342.210016130905,Adventure Start
66.0,228.0,2.0,20.0,16.0,5.0,34.0,788.0,444.0,75.0,254.0,167.0,74.0,Platinum,AAdvantage,120.0,96.0,7.0,4640.907074641891,Adventure Start
68.0,224.0,10.0,34.0,25.0,8.0,16.0,389.0,209.0,74.0,176.0,101.0,71.0,Platinum,AAdvantage,368.0,48.0,4.0,7675.248196459682,Global Explorer Initiative
77.0,211.0,2.0,34.0,9.0,15.0,29.0,805.0,437.0,62.0,265.0,148.0,88.0,Platinum,Miles & More,442.0,191.0,10.0,3407.8145625810816,Adventure Start
4.0,8.0,0.0,5.0,3.0,8.0,28.0,385.0,183.0,65.0,148.0,94.0,101.0,Platinum,AAdvantage,14.0,8.0,2.0,2016.8829626958577,Adventure Start
14.0,29.0,0.0,9.0,0.0,11.0,14.0,175.0,90.0,14.0,79.0,23.0,26.0,Gold,AAdvantage,203.0,113.0,5.0,4987.428672193478,Global Explorer Initiative
36.0,146.0,7.0,15.0,22.0,11.0,37.0,612.0,351.0,90.0,196.0,174.0,85.0,Gold,AAdvantage,149.0,56.0,0.0,2858.3857228789375,Global Explorer Initiative
5.0,3.0,5.0,1.0,10.0,7.0,27.0,413.0,202.0,76.0,143.0,123.0,96.0,Platinum,Miles & More,214.0,6.0,2.0,4424.928299903716,Adventure Start
33.0,104.0,0.0,14.0,7.0,12.0,4.0,58.0,47.0,6.0,33.0,8.0,25.0,Platinum,AAdvantage,141.0,100.0,9.0,527.830373305575,Adventure Start
48.0,182.0,6.0,37.0,14.0,16.0,12.0,197.0,118.0,27.0,78.0,53.0,41.0,Gold,AAdvantage,127.0,23.0,3.0,3471.7021540613937,Global Explorer Initiative
56.0,142.0,8.0,28.0,19.0,10.0,5.0,115.0,53.0,59.0,52.0,39.0,25.0,Platinum,Miles & More,79.0,29.0,0.0,261.1702713145523,Global Explorer Initiative
27.0,103.0,6.0,12.0,17.0,2.0,4.0,119.0,67.0,18.0,31.0,27.0,7.0,Platinum,AAdvantage,389.0,51.0,8.0,1667.4781148751445,Adventure Start
0.0,19.0,0.0,3.0,1.0,1.0,12.0,224.0,124.0,8.0,85.0,26.0,49.0,Platinum,Miles & More,283.0,56.0,2.0,216.76970239466095,Adventure Start
1.0,2.0,0.0,0.0,0.0,0.0,1.0,13.0,7.0,1.0,2.0,0.0,2.0,Platinum,AAdvantage,66.0,116.0,9.0,1047.7059460467794,Adventure Start
11.0,26.0,2.0,3.0,4.0,8.0,42.0,655.0,357.0,40.0,227.0,111.0,131.0,Gold,Miles & More,362.0,76.0,0.0,919.9057220354562,Global Explorer Initiative
43.0,167.0,5.0,19.0,16.0,8.0,12.0,140.0,73.0,10.0,44.0,23.0,14.0,Gold,AAdvantage,276.0,16.0,4.0,2671.715009386473,Global Explorer Initiative
87.0,216.0,9.0,44.0,24.0,20.0,12.0,463.0,257.0,88.0,227.0,147.0,102.0,Platinum,AAdvantage,363.0,109.0,2.0,9773.718559457162,Global Explorer Initiative
98.0,277.0,5.0,50.0,19.0,18.0,17.0,393.0,231.0,22.0,179.0,58.0,88.0,Platinum,AAdvantage,297.0,142.0,9.0,8435.226320604634,Global Explorer Initiative
46.0,194.0,1.0,29.0,5.0,13.0,6.0,165.0,92.0,4.0,62.0,17.0,21.0,Gold,AAdvantage,408.0,169.0,10.0,1831.7718931332943,Adventure Start
52.0,156.0,9.0,26.0,21.0,9.0,10.0,243.0,129.0,76.0,89.0,100.0,35.0,Gold,AAdvantage,356.0,6.0,0.0,3555.329614146377,Global Explorer Initiative
61.0,190.0,1.0,27.0,19.0,19.0,9.0,259.0,170.0,23.0,115.0,62.0,44.0,Gold,AAdvantage,468.0,168.0,10.0,6436.301941964521,Global Explorer Initiative
6.0,25.0,0.0,6.0,3.0,12.0,11.0,219.0,107.0,32.0,75.0,49.0,55.0,Gold,Miles & More,356.0,17.0,2.0,1473.7339515095957,Adventure Start
16.0,47.0,3.0,7.0,13.0,4.0,30.0,384.0,176.0,52.0,141.0,77.0,78.0,Platinum,Miles & More,6.0,101.0,1.0,394.2659960393531,Adventure Start
76.0,212.0,9.0,38.0,26.0,17.0,21.0,635.0,328.0,91.0,228.0,173.0,119.0,Platinum,AAdvantage,153.0,36.0,1.0,5876.960668592573,Global Explorer Initiative
22.0,52.0,1.0,6.0,8.0,3.0,2.0,13.0,5.0,0.0,1.0,0.0,3.0,Gold,Miles & More,337.0,170.0,6.0,380.0806245979203,Global Explorer Initiative
23.0,87.0,4.0,22.0,15.0,6.0,19.0,318.0,139.0,26.0,96.0,57.0,41.0,Gold,Miles & More,123.0,101.0,4.0,3032.979178027838,Global Explorer Initiative
12.0,38.0,2.0,9.0,5.0,5.0,33.0,498.0,246.0,33.0,179.0,73.0,94.0,Platinum,AAdvantage,386.0,6.0,0.0,3919.108254998575,Adventure Start
80.0,244.0,5.0,40.0,21.0,18.0,32.0,661.0,342.0,67.0,237.0,106.0,138.0,Gold,AAdvantage,420.0,102.0,1.0,5182.705327144763,Global Explorer Initiative
13.0,22.0,0.0,2.0,0.0,1.0,1.0,21.0,13.0,0.0,10.0,1.0,12.0,Platinum,Miles & More,71.0,100.0,8.0,421.8817211986445,Adventure Start
10.0,9.0,1.0,1.0,3.0,0.0,1.0,35.0,17.0,12.0,7.0,12.0,5.0,Gold,AAdvantage,399.0,64.0,1.0,936.5990337066982,Adventure Start
11.0,8.0,0.0,2.0,0.0,1.0,1.0,36.0,21.0,12.0,21.0,6.0,18.0,Gold,AAdvantage,26.0,128.0,6.0,279.49070116679036,Global Explorer Initiative
16.0,62.0,5.0,11.0,6.0,2.0,35.0,445.0,212.0,35.0,157.0,74.0,58.0,Platinum,Miles & More,12.0,52.0,2.0,3424.3973890748366,Adventure Start
62.0,253.0,1.0,21.0,15.0,1.0,4.0,32.0,26.0,0.0,7.0,1.0,1.0,Gold,Miles & More,448.0,174.0,7.0,4217.67235305882,Global Explorer Initiative
56.0,186.0,1.0,18.0,16.0,14.0,49.0,816.0,418.0,38.0,230.0,151.0,114.0,Gold,Miles & More,87.0,174.0,10.0,2422.700001367372,Global Explorer Initiative
14.0,50.0,6.0,8.0,17.0,0.0,34.0,687.0,388.0,84.0,231.0,178.0,79.0,Platinum,AAdvantage,213.0,38.0,5.0,7317.581127074521,Adventure Start
12.0,58.0,3.0,6.0,14.0,1.0,14.0,334.0,172.0,49.0,130.0,75.0,44.0,Gold,Miles & More,16.0,55.0,2.0,3400.4100799210073,Global Explorer Initiative
74.0,241.0,3.0,27.0,13.0,16.0,23.0,632.0,353.0,77.0,233.0,138.0,120.0,Gold,AAdvantage,465.0,88.0,7.0,7726.001972427491,Global Explorer Initiative
59.0,166.0,3.0,23.0,12.0,4.0,32.0,480.0,222.0,45.0,161.0,86.0,102.0,Gold,AAdvantage,18.0,86.0,4.0,547.674986945561,Global Explorer Initiative
55.0,155.0,5.0,18.0,23.0,16.0,23.0,386.0,196.0,72.0,138.0,118.0,56.0,Gold,Miles & More,122.0,168.0,9.0,6520.56601600999,Global Explorer Initiative
2.0,26.0,1.0,1.0,5.0,1.0,4.0,112.0,70.0,31.0,51.0,41.0,30.0,Platinum,AAdvantage,187.0,62.0,3.0,2171.0569643513486,Adventure Start
49.0,109.0,4.0,16.0,17.0,13.0,11.0,125.0,68.0,39.0,35.0,49.0,12.0,Platinum,AAdvantage,432.0,98.0,7.0,2251.336516756009,Adventure Start
77.0,198.0,5.0,32.0,15.0,12.0,34.0,557.0,307.0,67.0,206.0,127.0,84.0,Gold,Miles & More,208.0,104.0,7.0,1410.7973430394718,Global Explorer Initiative
29.0,114.0,7.0,24.0,17.0,8.0,19.0,341.0,173.0,48.0,117.0,72.0,42.0,Gold,AAdvantage,52.0,34.0,4.0,3084.755396814009,Global Explorer Initiative
12.0,51.0,4.0,15.0,10.0,15.0,27.0,509.0,303.0,78.0,227.0,136.0,124.0,Gold,AAdvantage,248.0,0.0,0.0,4063.6373244123215,Global Explorer Initiative
7.0,5.0,3.0,6.0,4.0,11.0,47.0,588.0,303.0,74.0,215.0,133.0,122.0,Gold,AAdvantage,12.0,68.0,2.0,4604.299561459054,Global Explorer Initiative
3.0,10.0,3.0,8.0,3.0,0.0,4.0,83.0,50.0,14.0,47.0,15.0,29.0,Gold,Miles & More,161.0,5.0,2.0,425.69331255487396,Global Explorer Initiative
35.0,111.0,0.0,24.0,9.0,13.0,12.0,224.0,118.0,18.0,104.0,39.0,75.0,Platinum,Miles & More,256.0,174.0,10.0,3692.1320407295725,Adventure Start
82.0,221.0,2.0,34.0,14.0,5.0,16.0,211.0,117.0,18.0,67.0,45.0,19.0,Platinum,Miles & More,214.0,97.0,9.0,3253.074683898615,Adventure Start
94.0,270.0,7.0,48.0,28.0,20.0,43.0,954.0,470.0,97.0,298.0,194.0,150.0,Gold,Miles & More,220.0,73.0,7.0,5470.087611963693,Global Explorer Initiative
10.0,20.0,1.0,5.0,2.0,4.0,3.0,91.0,56.0,29.0,52.0,37.0,41.0,Gold,AAdvantage,349.0,7.0,0.0,333.89777036146097,Global Explorer Initiative
40.0,166.0,1.0,21.0,15.0,16.0,4.0,201.0,122.0,17.0,80.0,45.0,28.0,Platinum,Miles & More,59.0,27.0,2.0,3771.429384781456,Adventure Start
94.0,275.0,7.0,43.0,23.0,9.0,13.0,486.0,290.0,68.0,170.0,117.0,54.0,Platinum,Miles & More,423.0,80.0,3.0,1675.6960571386999,Adventure Start
24.0,63.0,2.0,15.0,3.0,13.0,13.0,154.0,72.0,17.0,65.0,25.0,33.0,Gold,AAdvantage,14.0,124.0,3.0,499.93905029918983,Global Explorer Initiative
2.0,5.0,0.0,0.0,1.0,0.0,22.0,379.0,175.0,51.0,95.0,91.0,44.0,Platinum,Miles & More,13.0,45.0,4.0,689.7823692636032,Adventure Start
87.0,246.0,5.0,40.0,18.0,17.0,30.0,787.0,398.0,81.0,237.0,163.0,109.0,Platinum,Miles & More,268.0,35.0,2.0,2175.6860750720693,Adventure Start
0.0,7.0,1.0,7.0,3.0,2.0,1.0,22.0,17.0,21.0,11.0,17.0,10.0,Platinum,Miles & More,124.0,20.0,2.0,1708.9208152880428,Adventure Start
7.0,20.0,5.0,2.0,15.0,0.0,47.0,657.0,381.0,61.0,183.0,154.0,54.0,Platinum,AAdvantage,331.0,1.0,2.0,3744.022760312242,Adventure Start
24.0,96.0,0.0,11.0,2.0,4.0,2.0,18.0,11.0,0.0,6.0,0.0,3.0,Gold,AAdvantage,142.0,175.0,4.0,378.0803959547178,Global Explorer Initiative
31.0,91.0,4.0,19.0,6.0,2.0,13.0,115.0,64.0,13.0,45.0,22.0,20.0,Gold,Miles & More,51.0,78.0,2.0,816.6403902404697,Global Explorer Initiative
33.0,107.0,2.0,19.0,5.0,3.0,8.0,129.0,61.0,22.0,41.0,19.0,15.0,Platinum,Miles & More,116.0,51.0,5.0,2319.6126828199667,Adventure Start
36.0,104.0,1.0,17.0,13.0,8.0,34.0,510.0,239.0,74.0,156.0,138.0,92.0,Platinum,Miles & More,25.0,56.0,2.0,522.4050770746061,Adventure Start
11.0,19.0,3.0,2.0,11.0,8.0,36.0,656.0,368.0,65.0,234.0,133.0,137.0,Gold,AAdvantage,432.0,5.0,0.0,6364.876191079053,Adventure Start
2.0,6.0,1.0,6.0,2.0,3.0,22.0,334.0,163.0,40.0,125.0,71.0,55.0,Platinum,Miles & More,32.0,94.0,5.0,391.1235912955235,Adventure Start
59.0,179.0,1.0,14.0,16.0,5.0,29.0,547.0,322.0,21.0,175.0,86.0,59.0,Gold,Miles & More,188.0,127.0,3.0,1508.603211278222,Adventure Start
26.0,79.0,0.0,15.0,1.0,11.0,12.0,271.0,156.0,27.0,123.0,57.0,41.0,Gold,AAdvantage,311.0,112.0,2.0,2189.00727584123,Global Explorer Initiative
7.0,32.0,0.0,7.0,0.0,7.0,9.0,144.0,80.0,8.0,66.0,18.0,28.0,Gold,Miles & More,61.0,40.0,0.0,2626.6401292592827,Global Explorer Initiative
50.0,119.0,4.0,14.0,14.0,2.0,10.0,221.0,129.0,37.0,70.0,54.0,19.0,Gold,AAdvantage,188.0,94.0,3.0,492.9432086081933,Global Explorer Initiative
47.0,111.0,3.0,16.0,12.0,5.0,1.0,68.0,37.0,17.0,17.0,19.0,11.0,Gold,Miles & More,64.0,65.0,1.0,876.2632756014049,Global Explorer Initiative
69.0,230.0,2.0,39.0,14.0,18.0,28.0,603.0,330.0,51.0,190.0,128.0,92.0,Platinum,AAdvantage,466.0,65.0,4.0,9797.960835507987,Adventure Start
29.0,73.0,6.0,13.0,19.0,12.0,49.0,792.0,391.0,73.0,247.0,156.0,142.0,Gold,Miles & More,183.0,79.0,2.0,6031.380633133583,Global Explorer Initiative
19.0,59.0,0.0,8.0,4.0,13.0,12.0,153.0,72.0,3.0,35.0,17.0,23.0,Gold,AAdvantage,36.0,84.0,1.0,4137.082732748301,Global Explorer Initiative
15.0,22.0,2.0,3.0,5.0,1.0,12.0,311.0,137.0,40.0,70.0,63.0,21.0,Platinum,AAdvantage,30.0,111.0,8.0,136.3894033834397,Adventure Start
53.0,208.0,8.0,41.0,24.0,18.0,26.0,798.0,430.0,93.0,280.0,183.0,142.0,Gold,AAdvantage,445.0,104.0,4.0,9299.894674202422,Global Explorer Initiative
13.0,18.0,3.0,3.0,6.0,2.0,23.0,382.0,190.0,74.0,135.0,103.0,43.0,Gold,Miles & More,116.0,34.0,0.0,2893.32702701242,Global Explorer Initiative
10.0,10.0,4.0,2.0,7.0,3.0,33.0,673.0,381.0,74.0,229.0,156.0,71.0,Platinum,AAdvantage,393.0,2.0,0.0,3072.8259847402096,Adventure Start
7.0,25.0,2.0,5.0,7.0,1.0,8.0,76.0,55.0,8.0,30.0,19.0,9.0,Platinum,AAdvantage,18.0,91.0,2.0,138.40146524677408,Adventure Start
10.0,7.0,0.0,1.0,0.0,0.0,2.0,16.0,6.0,4.0,1.0,1.0,1.0,Platinum,AAdvantage,4.0,132.0,9.0,126.05006229653483,Adventure Start
23.0,39.0,4.0,7.0,5.0,8.0,6.0,175.0,82.0,26.0,48.0,36.0,34.0,Gold,Miles & More,55.0,57.0,1.0,644.8250251722368,Global Explorer Initiative
65.0,199.0,3.0,24.0,19.0,7.0,15.0,351.0,185.0,34.0,134.0,74.0,55.0,Gold,AAdvantage,471.0,60.0,7.0,1773.6628831820765,Global Explorer Initiative
72.0,193.0,2.0,23.0,20.0,4.0,7.0,177.0,113.0,37.0,78.0,52.0,16.0,Gold,AAdvantage,99.0,196.0,8.0,3776.666649335539,Global Explorer Initiative
14.0,48.0,6.0,12.0,8.0,1.0,9.0,88.0,63.0,42.0,35.0,46.0,12.0,Platinum,AAdvantage,429.0,12.0,3.0,5510.3849530127645,Adventure Start
78.0,254.0,5.0,30.0,20.0,11.0,11.0,421.0,249.0,59.0,188.0,105.0,87.0,Gold,Miles & More,372.0,174.0,9.0,5635.57802653318,Global Explorer Initiative
74.0,275.0,7.0,38.0,24.0,5.0,17.0,219.0,126.0,58.0,86.0,80.0,22.0,Platinum,Miles & More,41.0,87.0,8.0,6482.664819001287,Adventure Start
44.0,174.0,8.0,22.0,22.0,3.0,36.0,812.0,447.0,75.0,267.0,158.0,91.0,Platinum,AAdvantage,87.0,111.0,6.0,8865.053594155455,Global Explorer Initiative
16.0,44.0,1.0,9.0,4.0,12.0,37.0,550.0,257.0,37.0,168.0,80.0,131.0,Gold,AAdvantage,8.0,45.0,0.0,198.50545228252759,Adventure Start
22.0,71.0,5.0,14.0,17.0,2.0,1.0,12.0,7.0,2.0,2.0,2.0,0.0,Gold,AAdvantage,85.0,102.0,2.0,330.0375065477947,Global Explorer Initiative
1.0,2.0,0.0,1.0,1.0,4.0,39.0,390.0,187.0,26.0,135.0,65.0,62.0,Gold,AAdvantage,174.0,108.0,1.0,1761.0592097173835,Global Explorer Initiative
69.0,222.0,5.0,33.0,25.0,10.0,46.0,941.0,479.0,74.0,287.0,188.0,135.0,Platinum,AAdvantage,283.0,45.0,0.0,4463.263056818518,Adventure Start
41.0,154.0,2.0,19.0,11.0,3.0,22.0,528.0,276.0,41.0,177.0,90.0,74.0,Platinum,AAdvantage,366.0,92.0,1.0,6408.233359649497,Adventure Start
85.0,253.0,6.0,27.0,23.0,9.0,35.0,871.0,462.0,70.0,255.0,170.0,86.0,Platinum,AAdvantage,471.0,60.0,3.0,4218.924376010921,Adventure Start
45.0,153.0,3.0,29.0,10.0,5.0,16.0,289.0,169.0,7.0,92.0,38.0,42.0,Platinum,Miles & More,49.0,38.0,5.0,318.39257918948255,Adventure Start
8.0,7.0,1.0,2.0,2.0,1.0,20.0,380.0,173.0,18.0,117.0,42.0,34.0,Gold,AAdvantage,240.0,58.0,0.0,202.39426280497705,Global Explorer Initiative
24.0,87.0,7.0,11.0,23.0,12.0,34.0,520.0,295.0,69.0,177.0,128.0,116.0,Platinum,Miles & More,364.0,0.0,0.0,3920.1461119685673,Adventure Start
10.0,45.0,0.0,5.0,1.0,3.0,15.0,345.0,190.0,11.0,128.0,57.0,59.0,Gold,Miles & More,210.0,158.0,7.0,3075.108101082851,Global Explorer Initiative
39.0,87.0,3.0,24.0,7.0,10.0,3.0,21.0,11.0,18.0,15.0,11.0,21.0,Gold,Miles & More,128.0,112.0,4.0,179.72303312353063,Global Explorer Initiative
53.0,122.0,1.0,12.0,7.0,10.0,3.0,75.0,52.0,3.0,33.0,7.0,17.0,Platinum,AAdvantage,220.0,115.0,7.0,2559.5512680835895,Adventure Start
14.0,61.0,0.0,5.0,5.0,9.0,44.0,856.0,441.0,58.0,255.0,153.0,127.0,Gold,Miles & More,127.0,29.0,3.0,1382.7826130297226,Global Explorer Initiative
81.0,207.0,10.0,42.0,25.0,12.0,8.0,155.0,67.0,55.0,62.0,44.0,38.0,Gold,AAdvantage,45.0,43.0,5.0,1229.4285888373838,Global Explorer Initiative
9.0,17.0,0.0,2.0,3.0,1.0,8.0,188.0,91.0,23.0,55.0,43.0,19.0,Gold,AAdvantage,173.0,147.0,6.0,724.8430012229577,Adventure Start
6.0,34.0,2.0,3.0,6.0,0.0,42.0,599.0,340.0,59.0,184.0,147.0,61.0,Gold,Miles & More,0.0,28.0,2.0,795.7338986471481,Global Explorer Initiative
77.0,202.0,7.0,38.0,24.0,18.0,6.0,270.0,128.0,61.0,90.0,73.0,30.0,Gold,AAdvantage,435.0,22.0,0.0,1983.4138368049712,Adventure Start
40.0,168.0,0.0,16.0,5.0,7.0,23.0,525.0,319.0,25.0,169.0,99.0,77.0,Gold,Miles & More,84.0,54.0,0.0,4284.994811249001,Global Explorer Initiative
94.0,291.0,5.0,46.0,24.0,15.0,5.0,107.0,69.0,12.0,39.0,30.0,12.0,Gold,AAdvantage,174.0,105.0,4.0,2015.4857793249298,Global Explorer Initiative
5.0,31.0,0.0,3.0,1.0,0.0,6.0,55.0,46.0,0.0,25.0,2.0,13.0,Platinum,AAdvantage,27.0,27.0,1.0,317.7538865383459,Adventure Start
7.0,9.0,5.0,8.0,4.0,1.0,1.0,25.0,20.0,9.0,24.0,7.0,16.0,Gold,AAdvantage,169.0,2.0,0.0,205.30925060482838,Global Explorer Initiative
23.0,72.0,5.0,12.0,13.0,6.0,12.0,290.0,145.0,62.0,107.0,71.0,36.0,Platinum,Miles & More,207.0,99.0,3.0,1385.186858259353,Adventure Start
3.0,5.0,0.0,2.0,0.0,1.0,22.0,523.0,268.0,24.0,172.0,64.0,44.0,Gold,AAdvantage,115.0,141.0,9.0,4428.699250437035,Global Explorer Initiative
76.0,274.0,9.0,42.0,28.0,11.0,39.0,757.0,410.0,96.0,264.0,189.0,119.0,Platinum,AAdvantage,418.0,114.0,9.0,9235.026046087978,Adventure Start
31.0,62.0,2.0,14.0,4.0,4.0,20.0,387.0,185.0,37.0,133.0,75.0,75.0,Platinum,AAdvantage,286.0,115.0,8.0,2067.549667982963,Adventure Start
60.0,198.0,9.0,40.0,24.0,15.0,33.0,827.0,457.0,85.0,266.0,189.0,110.0,Gold,AAdvantage,95.0,39.0,1.0,8133.8921078978465,Global Explorer Initiative
40.0,89.0,2.0,13.0,10.0,4.0,2.0,50.0,27.0,2.0,17.0,5.0,18.0,Platinum,Miles & More,200.0,112.0,3.0,1032.0584854959645,Adventure Start
72.0,281.0,10.0,35.0,29.0,11.0,37.0,945.0,497.0,97.0,291.0,195.0,134.0,Platinum,AAdvantage,281.0,33.0,5.0,9931.337881434338,Adventure Start
30.0,92.0,2.0,13.0,10.0,11.0,35.0,740.0,411.0,42.0,237.0,132.0,106.0,Platinum,AAdvantage,36.0,30.0,0.0,1845.371131335761,Adventure Start
26.0,101.0,2.0,12.0,5.0,2.0,3.0,106.0,70.0,12.0,43.0,25.0,19.0,Gold,Miles & More,35.0,79.0,7.0,2589.3552589012165,Global Explorer Initiative
30.0,93.0,4.0,16.0,11.0,13.0,14.0,202.0,121.0,19.0,69.0,57.0,45.0,Gold,Miles & More,251.0,31.0,0.0,2047.7072838381043,Adventure Start
66.0,249.0,7.0,47.0,26.0,18.0,12.0,184.0,83.0,41.0,64.0,51.0,29.0,Platinum,Miles & More,275.0,110.0,5.0,6194.0116554909355,Global Explorer Initiative
43.0,168.0,1.0,13.0,4.0,1.0,3.0,55.0,41.0,7.0,28.0,14.0,16.0,Gold,AAdvantage,29.0,160.0,8.0,588.1455068500279,Global Explorer Initiative
33.0,95.0,5.0,28.0,19.0,15.0,19.0,318.0,137.0,63.0,114.0,78.0,86.0,Gold,AAdvantage,50.0,95.0,6.0,4745.021213951544,Global Explorer Initiative
0.0,18.0,3.0,9.0,4.0,4.0,22.0,208.0,120.0,14.0,86.0,36.0,48.0,Platinum,AAdvantage,69.0,75.0,1.0,4557.160107404688,Adventure Start
37.0,167.0,7.0,30.0,19.0,7.0,31.0,440.0,240.0,44.0,154.0,101.0,45.0,Platinum,Miles & More,433.0,15.0,1.0,4785.206831810765,Adventure Start
55.0,164.0,1.0,15.0,6.0,7.0,4.0,135.0,71.0,24.0,51.0,34.0,24.0,Gold,AAdvantage,138.0,75.0,1.0,1570.3305389510065,Adventure Start
37.0,114.0,2.0,18.0,15.0,12.0,36.0,662.0,365.0,70.0,240.0,151.0,125.0,Gold,AAdvantage,130.0,55.0,0.0,5167.48657206736,Global Explorer Initiative
24.0,51.0,2.0,12.0,4.0,10.0,8.0,117.0,49.0,45.0,52.0,32.0,43.0,Gold,AAdvantage,25.0,91.0,0.0,1102.1439662063103,Global Explorer Initiative
92.0,291.0,8.0,50.0,26.0,20.0,12.0,247.0,133.0,68.0,106.0,86.0,58.0,Platinum,Miles & More,94.0,126.0,5.0,4849.733682768876,Global Explorer Initiative
45.0,164.0,8.0,38.0,22.0,11.0,6.0,79.0,62.0,10.0,51.0,18.0,20.0,Platinum,Miles & More,411.0,15.0,5.0,5486.1687554284135,Adventure Start
2.0,5.0,0.0,0.0,1.0,0.0,43.0,751.0,398.0,50.0,215.0,154.0,110.0,Gold,Miles & More,185.0,145.0,3.0,1282.2426879621974,Global Explorer Initiative
54.0,192.0,5.0,31.0,22.0,15.0,12.0,164.0,77.0,12.0,54.0,24.0,23.0,Gold,AAdvantage,390.0,49.0,6.0,5063.655906094952,Global Explorer Initiative
40.0,95.0,0.0,17.0,8.0,15.0,2.0,20.0,13.0,5.0,10.0,3.0,8.0,Gold,AAdvantage,45.0,142.0,6.0,2848.766723004354,Global Explorer Initiative
26.0,89.0,4.0,21.0,11.0,15.0,35.0,904.0,462.0,92.0,278.0,192.0,140.0,Gold,AAdvantage,265.0,17.0,2.0,9625.520991087024,Global Explorer Initiative
18.0,52.0,5.0,8.0,15.0,2.0,20.0,352.0,187.0,48.0,106.0,81.0,41.0,Platinum,Miles & More,30.0,48.0,5.0,2209.2585405769796,Adventure Start
19.0,37.0,0.0,6.0,6.0,11.0,15.0,178.0,84.0,34.0,51.0,51.0,30.0,Gold,AAdvantage,462.0,44.0,4.0,611.7119424776324,Global Explorer Initiative
51.0,185.0,1.0,27.0,9.0,3.0,28.0,745.0,414.0,64.0,250.0,144.0,72.0,Platinum,AAdvantage,9.0,132.0,6.0,3549.561416275533,Adventure Start
1.0,5.0,0.0,5.0,0.0,5.0,27.0,235.0,93.0,8.0,66.0,28.0,61.0,Gold,AAdvantage,195.0,28.0,0.0,1993.6620234165794,Global Explorer Initiative
51.0,179.0,5.0,16.0,15.0,7.0,47.0,735.0,401.0,50.0,235.0,125.0,101.0,Gold,AAdvantage,99.0,105.0,2.0,2595.7992827744183,Global Explorer Initiative
76.0,263.0,10.0,35.0,27.0,3.0,22.0,397.0,226.0,79.0,142.0,131.0,29.0,Platinum,Miles & More,234.0,114.0,8.0,4111.907766068501,Adventure Start
35.0,85.0,0.0,16.0,2.0,17.0,17.0,208.0,117.0,25.0,96.0,37.0,48.0,Gold,AAdvantage,102.0,51.0,1.0,370.5716156053312,Global Explorer Initiative
12.0,19.0,0.0,2.0,1.0,9.0,11.0,287.0,146.0,14.0,106.0,42.0,85.0,Gold,Miles & More,71.0,115.0,9.0,953.2929738802682,Global Explorer Initiative
16.0,31.0,3.0,3.0,13.0,0.0,25.0,407.0,229.0,63.0,153.0,121.0,32.0,Platinum,Miles & More,225.0,2.0,0.0,3063.3174866099907,Adventure Start
28.0,108.0,5.0,25.0,14.0,3.0,1.0,27.0,15.0,23.0,11.0,18.0,12.0,Gold,Miles & More,76.0,19.0,5.0,2235.707672050772,Global Explorer Initiative
22.0,66.0,6.0,10.0,9.0,8.0,4.0,55.0,49.0,25.0,27.0,23.0,23.0,Gold,Miles & More,217.0,1.0,0.0,2419.3606094332235,Global Explorer Initiative
42.0,131.0,2.0,23.0,8.0,3.0,8.0,73.0,37.0,7.0,26.0,10.0,12.0,Gold,AAdvantage,156.0,41.0,2.0,2901.948241904909,Global Explorer Initiative
35.0,114.0,0.0,8.0,3.0,2.0,24.0,470.0,280.0,15.0,163.0,58.0,62.0,Gold,AAdvantage,81.0,81.0,2.0,1961.777775021076,Global Explorer Initiative
33.0,72.0,2.0,12.0,10.0,2.0,6.0,102.0,51.0,5.0,24.0,11.0,9.0,Gold,AAdvantage,388.0,151.0,8.0,2293.005017398456,Global Explorer Initiative
34.0,89.0,0.0,10.0,5.0,12.0,5.0,183.0,110.0,7.0,71.0,23.0,51.0,Gold,AAdvantage,218.0,96.0,1.0,4003.5835820409957,Global Explorer Initiative
80.0,297.0,3.0,42.0,22.0,12.0,39.0,687.0,375.0,51.0,221.0,127.0,88.0,Platinum,AAdvantage,30.0,193.0,8.0,4090.8008894000855,Adventure Start
84.0,257.0,10.0,47.0,27.0,11.0,7.0,170.0,112.0,30.0,84.0,48.0,20.0,Gold,AAdvantage,447.0,39.0,1.0,9103.36755397418,Global Explorer Initiative
55.0,141.0,3.0,24.0,11.0,7.0,18.0,410.0,228.0,51.0,147.0,95.0,33.0,Platinum,AAdvantage,212.0,41.0,7.0,4823.5013835221835,Adventure Start
8.0,9.0,3.0,10.0,8.0,4.0,22.0,410.0,233.0,28.0,173.0,66.0,87.0,Gold,Miles & More,1.0,75.0,2.0,2608.0804548299884,Global Explorer Initiative
35.0,124.0,0.0,24.0,9.0,16.0,16.0,521.0,262.0,72.0,187.0,138.0,122.0,Platinum,AAdvantage,129.0,53.0,0.0,6353.491691253574,Adventure Start
34.0,143.0,7.0,24.0,16.0,14.0,32.0,439.0,207.0,71.0,169.0,101.0,89.0,Platinum,AAdvantage,50.0,44.0,1.0,3239.290612231978,Global Explorer Initiative
57.0,238.0,6.0,36.0,25.0,14.0,22.0,487.0,253.0,44.0,146.0,114.0,64.0,Gold,Miles & More,390.0,134.0,6.0,7352.044141203154,Global Explorer Initiative
66.0,208.0,7.0,45.0,21.0,10.0,2.0,28.0,22.0,11.0,16.0,12.0,12.0,Platinum,AAdvantage,144.0,115.0,10.0,307.0958764660771,Adventure Start
15.0,60.0,2.0,4.0,11.0,3.0,24.0,390.0,239.0,56.0,156.0,107.0,47.0,Gold,Miles & More,173.0,15.0,0.0,4282.214881170276,Global Explorer Initiative
50.0,141.0,1.0,24.0,7.0,4.0,15.0,315.0,149.0,43.0,111.0,72.0,40.0,Gold,Miles & More,162.0,134.0,9.0,3285.0475476787424,Global Explorer Initiative
70.0,198.0,6.0,36.0,18.0,19.0,38.0,730.0,371.0,54.0,225.0,119.0,86.0,Gold,AAdvantage,80.0,64.0,5.0,4773.505910730025,Global Explorer Initiative
54.0,194.0,7.0,31.0,25.0,19.0,49.0,856.0,459.0,86.0,268.0,184.0,140.0,Gold,AAdvantage,200.0,8.0,2.0,5280.921704100769,Global Explorer Initiative
8.0,43.0,2.0,11.0,3.0,7.0,13.0,179.0,89.0,17.0,78.0,25.0,58.0,Gold,AAdvantage,207.0,8.0,1.0,2826.2385800567104,Global Explorer Initiative
28.0,78.0,3.0,10.0,16.0,5.0,10.0,267.0,153.0,17.0,76.0,44.0,18.0,Gold,Miles & More,141.0,106.0,8.0,305.21803324588876,Global Explorer Initiative
17.0,44.0,2.0,5.0,11.0,8.0,5.0,77.0,51.0,25.0,24.0,40.0,10.0,Platinum,Miles & More,57.0,147.0,8.0,369.1458200877053,Adventure Start
28.0,93.0,1.0,12.0,7.0,11.0,3.0,136.0,79.0,12.0,38.0,26.0,21.0,Gold,AAdvantage,475.0,40.0,0.0,4938.190252790026,Global Explorer Initiative
10.0,14.0,1.0,1.0,2.0,5.0,49.0,905.0,464.0,64.0,272.0,159.0,147.0,Platinum,AAdvantage,82.0,158.0,10.0,4619.950201781121,Adventure Start
75.0,235.0,3.0,22.0,19.0,3.0,35.0,919.0,489.0,87.0,290.0,192.0,129.0,Platinum,Miles & More,55.0,64.0,2.0,2323.935923161459,Adventure Start
74.0,204.0,7.0,37.0,22.0,9.0,26.0,446.0,212.0,31.0,138.0,77.0,44.0,Gold,Miles & More,70.0,186.0,8.0,467.6201725288595,Global Explorer Initiative
52.0,163.0,9.0,17.0,26.0,14.0,48.0,835.0,444.0,91.0,257.0,186.0,125.0,Gold,Miles & More,47.0,57.0,1.0,1744.1588929238344,Global Explorer Initiative
15.0,64.0,2.0,5.0,12.0,2.0,40.0,815.0,452.0,90.0,249.0,194.0,87.0,Gold,AAdvantage,201.0,3.0,0.0,6634.310680793053,Global Explorer Initiative
37.0,147.0,3.0,23.0,17.0,5.0,9.0,164.0,118.0,7.0,65.0,20.0,25.0,Gold,Miles & More,440.0,15.0,4.0,1057.8442459243647,Global Explorer Initiative
77.0,287.0,10.0,48.0,26.0,12.0,3.0,142.0,86.0,40.0,58.0,59.0,12.0,Gold,Miles & More,284.0,28.0,7.0,6463.875380001856,Global Explorer Initiative
89.0,263.0,5.0,34.0,20.0,10.0,14.0,204.0,120.0,19.0,82.0,35.0,24.0,Gold,Miles & More,241.0,183.0,6.0,648.7572974077201,Global Explorer Initiative
48.0,180.0,5.0,31.0,23.0,8.0,27.0,556.0,313.0,78.0,220.0,133.0,85.0,Platinum,AAdvantage,335.0,56.0,2.0,9832.430431067294,Global Explorer Initiative
26.0,90.0,4.0,15.0,14.0,7.0,9.0,266.0,150.0,26.0,129.0,47.0,79.0,Platinum,AAdvantage,44.0,32.0,3.0,2166.8924703018693,Adventure Start
65.0,206.0,8.0,31.0,28.0,9.0,4.0,162.0,74.0,35.0,62.0,37.0,25.0,Platinum,Miles & More,98.0,62.0,7.0,328.0431084262467,Global Explorer Initiative
2.0,2.0,3.0,0.0,10.0,0.0,47.0,641.0,311.0,92.0,169.0,172.0,93.0,Gold,Miles & More,163.0,21.0,0.0,361.8445694615354,Global Explorer Initiative
27.0,81.0,1.0,15.0,7.0,5.0,2.0,18.0,13.0,6.0,10.0,5.0,4.0,Gold,AAdvantage,318.0,20.0,5.0,920.5015021324781,Global Explorer Initiative
17.0,33.0,2.0,3.0,2.0,3.0,15.0,274.0,128.0,58.0,116.0,63.0,44.0,Platinum,Miles & More,43.0,137.0,5.0,1437.6790234640164,Adventure Start
33.0,113.0,7.0,15.0,18.0,4.0,5.0,75.0,47.0,20.0,33.0,23.0,27.0,Platinum,Miles & More,73.0,116.0,2.0,1729.3808228988232,Global Explorer Initiative
4.0,5.0,0.0,4.0,1.0,7.0,4.0,55.0,28.0,20.0,18.0,20.0,30.0,Platinum,AAdvantage,406.0,75.0,2.0,928.4660064425838,Adventure Start
70.0,198.0,3.0,23.0,19.0,14.0,30.0,821.0,451.0,82.0,266.0,179.0,103.0,Platinum,AAdvantage,220.0,128.0,2.0,6942.027617275387,Adventure Start
41.0,118.0,4.0,30.0,11.0,19.0,17.0,392.0,216.0,58.0,178.0,77.0,96.0,Platinum,Miles & More,130.0,13.0,0.0,6701.40477412338,Adventure Start
88.0,216.0,2.0,24.0,20.0,11.0,14.0,198.0,82.0,11.0,55.0,30.0,38.0,Gold,Miles & More,33.0,200.0,9.0,1605.8577000292341,Global Explorer Initiative
31.0,61.0,3.0,12.0,6.0,6.0,7.0,38.0,25.0,3.0,15.0,2.0,4.0,Gold,Miles & More,402.0,81.0,9.0,1566.6889806346837,Global Explorer Initiative
6.0,16.0,5.0,8.0,4.0,2.0,16.0,292.0,134.0,38.0,108.0,54.0,65.0,Platinum,Miles & More,156.0,71.0,1.0,288.9096960340646,Global Explorer Initiative
80.0,246.0,2.0,42.0,20.0,14.0,34.0,898.0,466.0,88.0,285.0,187.0,132.0,Platinum,AAdvantage,40.0,189.0,10.0,8432.942749153255,Adventure Start
32.0,66.0,7.0,11.0,17.0,11.0,7.0,48.0,26.0,12.0,18.0,11.0,20.0,Gold,Miles & More,168.0,10.0,1.0,1038.2570842110713,Global Explorer Initiative
7.0,11.0,5.0,2.0,15.0,0.0,24.0,357.0,185.0,36.0,101.0,77.0,22.0,Platinum,AAdvantage,26.0,28.0,0.0,2958.8577289488367,Adventure Start
38.0,162.0,2.0,26.0,8.0,3.0,25.0,413.0,209.0,57.0,154.0,79.0,36.0,Gold,AAdvantage,0.0,152.0,7.0,1716.690386346231,Global Explorer Initiative
60.0,224.0,1.0,19.0,21.0,2.0,6.0,66.0,57.0,10.0,33.0,21.0,12.0,Platinum,Miles & More,246.0,167.0,5.0,1216.015536355762,Adventure Start
16.0,74.0,4.0,14.0,6.0,8.0,5.0,71.0,50.0,25.0,31.0,35.0,18.0,Platinum,AAdvantage,316.0,31.0,1.0,5452.048838029809,Adventure Start
98.0,299.0,2.0,37.0,20.0,9.0,4.0,202.0,118.0,13.0,58.0,34.0,18.0,Platinum,Miles & More,304.0,114.0,4.0,3631.4127637937113,Adventure Start
4.0,4.0,2.0,6.0,1.0,1.0,9.0,118.0,62.0,18.0,43.0,19.0,13.0,Platinum,AAdvantage,172.0,1.0,0.0,2319.741757045024,Adventure Start
25.0,68.0,0.0,15.0,4.0,14.0,12.0,162.0,86.0,28.0,82.0,39.0,51.0,Platinum,AAdvantage,110.0,82.0,7.0,3150.1435313261604,Adventure Start
17.0,46.0,4.0,8.0,14.0,2.0,6.0,31.0,23.0,7.0,13.0,9.0,4.0,Platinum,AAdvantage,59.0,91.0,3.0,3625.8976103873792,Adventure Start
43.0,190.0,6.0,16.0,24.0,5.0,38.0,859.0,458.0,78.0,255.0,174.0,117.0,Gold,Miles & More,397.0,100.0,4.0,5211.165897440583,Global Explorer Initiative
5.0,12.0,0.0,1.0,1.0,8.0,29.0,638.0,336.0,61.0,211.0,147.0,115.0,Gold,Miles & More,50.0,47.0,0.0,5774.409319551484,Global Explorer Initiative
15.0,45.0,5.0,12.0,8.0,5.0,24.0,417.0,222.0,53.0,150.0,85.0,51.0,Gold,Miles & More,5.0,7.0,0.0,735.9371926027628,Global Explorer Initiative
55.0,233.0,1.0,27.0,12.0,7.0,22.0,322.0,170.0,7.0,103.0,36.0,56.0,Platinum,Miles & More,403.0,127.0,7.0,1671.7915863511444,Adventure Start
82.0,273.0,10.0,35.0,30.0,6.0,5.0,156.0,91.0,67.0,54.0,81.0,12.0,Platinum,AAdvantage,494.0,5.0,2.0,4260.473347383948,Adventure Start
9.0,36.0,0.0,5.0,2.0,2.0,5.0,31.0,14.0,11.0,8.0,11.0,8.0,Platinum,AAdvantage,4.0,22.0,1.0,1579.5802988264816,Adventure Start
99.0,299.0,3.0,48.0,20.0,14.0,10.0,175.0,93.0,7.0,73.0,20.0,35.0,Platinum,AAdvantage,436.0,181.0,9.0,3009.5195674278066,Adventure Start
8.0,43.0,2.0,6.0,5.0,5.0,15.0,187.0,115.0,42.0,90.0,49.0,31.0,Gold,Miles & More,248.0,24.0,0.0,6357.85078255765,Global Explorer Initiative
52.0,142.0,8.0,29.0,19.0,12.0,8.0,191.0,86.0,65.0,104.0,65.0,44.0,Gold,AAdvantage,173.0,73.0,0.0,2940.8116079574,Global Explorer Initiative
85.0,254.0,2.0,37.0,10.0,5.0,12.0,427.0,243.0,20.0,144.0,63.0,25.0,Platinum,AAdvantage,147.0,108.0,4.0,1911.5588185209722,Adventure Start
21.0,46.0,3.0,8.0,15.0,3.0,15.0,410.0,221.0,38.0,156.0,72.0,78.0,Platinum,Miles & More,124.0,160.0,7.0,3716.8447454230336,Adventure Start
65.0,178.0,5.0,37.0,16.0,18.0,6.0,95.0,56.0,29.0,55.0,26.0,21.0,Platinum,AAdvantage,93.0,69.0,4.0,4274.969389099941,Adventure Start
14.0,68.0,6.0,10.0,15.0,1.0,26.0,452.0,260.0,40.0,153.0,89.0,30.0,Gold,Miles & More,8.0,19.0,1.0,3529.816760846421,Global Explorer Initiative
30.0,74.0,6.0,15.0,11.0,4.0,10.0,150.0,65.0,24.0,59.0,33.0,39.0,Gold,Miles & More,266.0,8.0,3.0,2559.308082638457,Global Explorer Initiative
27.0,59.0,6.0,22.0,8.0,7.0,2.0,43.0,24.0,32.0,27.0,16.0,18.0,Gold,Miles & More,83.0,48.0,1.0,2811.6640615706756,Global Explorer Initiative
3.0,4.0,2.0,0.0,4.0,0.0,20.0,310.0,121.0,41.0,55.0,74.0,35.0,Gold,AAdvantage,144.0,14.0,0.0,132.82883294956477,Adventure Start
96.0,291.0,3.0,41.0,22.0,15.0,17.0,409.0,216.0,34.0,137.0,83.0,64.0,Platinum,AAdvantage,105.0,166.0,10.0,5636.28837907167,Adventure Start
37.0,148.0,0.0,11.0,6.0,3.0,8.0,50.0,40.0,1.0,10.0,6.0,3.0,Gold,AAdvantage,205.0,111.0,4.0,1436.050818111128,Global Explorer Initiative
16.0,40.0,0.0,10.0,0.0,6.0,17.0,454.0,260.0,39.0,190.0,78.0,69.0,Platinum,Miles & More,258.0,30.0,1.0,4730.4261947038085,Adventure Start
67.0,197.0,7.0,27.0,26.0,19.0,41.0,832.0,431.0,84.0,261.0,186.0,145.0,Gold,Miles & More,308.0,153.0,4.0,2481.3611040353194,Global Explorer Initiative
40.0,132.0,7.0,13.0,24.0,10.0,11.0,239.0,129.0,43.0,61.0,76.0,30.0,Platinum,AAdvantage,481.0,11.0,2.0,5727.483245206233,Adventure Start
50.0,182.0,6.0,35.0,18.0,15.0,7.0,259.0,133.0,22.0,110.0,35.0,43.0,Platinum,AAdvantage,459.0,13.0,2.0,2518.6592305740664,Adventure Start
46.0,196.0,6.0,31.0,16.0,11.0,11.0,135.0,66.0,48.0,53.0,51.0,24.0,Platinum,Miles & More,44.0,6.0,0.0,2155.2654396910707,Global Explorer Initiative
19.0,88.0,2.0,11.0,11.0,8.0,13.0,381.0,199.0,64.0,147.0,112.0,84.0,Platinum,AAdvantage,49.0,11.0,1.0,7204.072145854115,Adventure Start
21.0,50.0,2.0,14.0,10.0,9.0,19.0,355.0,174.0,48.0,117.0,78.0,64.0,Platinum,AAdvantage,164.0,72.0,1.0,1211.1016106659665,Adventure Start
8.0,33.0,6.0,3.0,13.0,4.0,41.0,627.0,346.0,50.0,208.0,106.0,107.0,Platinum,Miles & More,425.0,6.0,2.0,3142.2815815313193,Adventure Start
72.0,230.0,10.0,48.0,27.0,12.0,33.0,725.0,352.0,70.0,215.0,154.0,86.0,Platinum,AAdvantage,424.0,26.0,0.0,3457.645906212113,Adventure Start
69.0,191.0,9.0,39.0,29.0,16.0,48.0,960.0,496.0,84.0,296.0,191.0,144.0,Gold,Miles & More,183.0,12.0,1.0,8569.14204192537,Global Explorer Initiative
49.0,146.0,7.0,25.0,21.0,17.0,14.0,467.0,243.0,84.0,201.0,138.0,132.0,Platinum,Miles & More,488.0,29.0,1.0,7021.201344768813,Adventure Start
32.0,63.0,2.0,8.0,6.0,1.0,19.0,238.0,103.0,26.0,53.0,43.0,17.0,Platinum,Miles & More,116.0,187.0,9.0,281.378575638679,Adventure Start
11.0,36.0,1.0,8.0,0.0,5.0,7.0,154.0,78.0,10.0,60.0,19.0,43.0,Gold,AAdvantage,264.0,93.0,3.0,2073.9878850542773,Adventure Start
14.0,20.0,2.0,9.0,2.0,2.0,5.0,83.0,48.0,23.0,28.0,34.0,13.0,Platinum,Miles & More,211.0,26.0,4.0,1063.9938334777512,Adventure Start
10.0,32.0,0.0,6.0,2.0,11.0,23.0,365.0,169.0,50.0,122.0,76.0,92.0,Gold,Miles & More,103.0,140.0,1.0,1255.9923442654162,Global Explorer Initiative
59.0,204.0,7.0,27.0,19.0,7.0,39.0,896.0,469.0,92.0,286.0,188.0,126.0,Platinum,Miles & More,84.0,81.0,8.0,6116.547036754611,Adventure Start
39.0,105.0,6.0,20.0,21.0,11.0,42.0,831.0,421.0,63.0,266.0,157.0,140.0,Platinum,AAdvantage,136.0,162.0,4.0,8754.902013861387,Adventure Start
18.0,58.0,4.0,13.0,12.0,5.0,22.0,553.0,298.0,53.0,202.0,106.0,121.0,Gold,AAdvantage,336.0,94.0,2.0,4780.903789894381,Global Explorer Initiative
42.0,102.0,7.0,24.0,20.0,15.0,19.0,507.0,275.0,62.0,197.0,102.0,77.0,Platinum,AAdvantage,126.0,106.0,3.0,2700.5686555859656,Adventure Start
34.0,135.0,7.0,32.0,18.0,12.0,12.0,212.0,102.0,25.0,84.0,43.0,36.0,Platinum,Miles & More,118.0,114.0,1.0,1313.6270959646147,Adventure Start
20.0,72.0,5.0,8.0,9.0,9.0,39.0,605.0,298.0,85.0,204.0,146.0,121.0,Platinum,Miles & More,374.0,2.0,0.0,7722.807589102409,Adventure Start
81.0,235.0,9.0,32.0,30.0,10.0,39.0,875.0,433.0,76.0,234.0,168.0,66.0,Platinum,Miles & More,55.0,103.0,4.0,3543.300291232748,Adventure Start
2.0,6.0,0.0,5.0,0.0,3.0,34.0,387.0,192.0,42.0,161.0,72.0,86.0,Platinum,AAdvantage,16.0,23.0,0.0,398.53653938637603,Adventure Start
78.0,205.0,3.0,26.0,17.0,4.0,33.0,652.0,359.0,66.0,216.0,126.0,59.0,Gold,Miles & More,209.0,49.0,1.0,1568.2555396104663,Global Explorer Initiative
54.0,112.0,7.0,14.0,23.0,9.0,33.0,652.0,346.0,80.0,224.0,152.0,118.0,Platinum,Miles & More,354.0,59.0,7.0,3022.9312953927633,Adventure Start
16.0,37.0,5.0,5.0,17.0,0.0,38.0,625.0,327.0,53.0,194.0,132.0,93.0,Platinum,Miles & More,235.0,81.0,8.0,387.8367767580995,Global Explorer Initiative
0.0,1.0,0.0,0.0,0.0,1.0,28.0,333.0,168.0,22.0,80.0,47.0,25.0,Gold,Miles & More,131.0,22.0,2.0,240.7143660003029,Adventure Start
4.0,28.0,0.0,3.0,3.0,6.0,22.0,535.0,321.0,30.0,189.0,100.0,112.0,Platinum,Miles & More,180.0,7.0,0.0,2745.2110210101864,Adventure Start
47.0,145.0,8.0,25.0,22.0,3.0,6.0,57.0,41.0,12.0,24.0,13.0,4.0,Gold,Miles & More,279.0,128.0,10.0,3672.0473794521326,Global Explorer Initiative
17.0,66.0,3.0,6.0,5.0,4.0,47.0,581.0,323.0,39.0,188.0,94.0,95.0,Platinum,AAdvantage,376.0,82.0,3.0,1604.713796958321,Adventure Start
9.0,20.0,0.0,7.0,0.0,10.0,29.0,534.0,266.0,28.0,170.0,80.0,73.0,Platinum,Miles & More,178.0,127.0,5.0,2561.4665876357385,Adventure Start
51.0,117.0,1.0,13.0,4.0,11.0,6.0,48.0,23.0,3.0,13.0,5.0,23.0,Gold,Miles & More,471.0,172.0,4.0,371.10085464877795,Adventure Start
16.0,48.0,0.0,3.0,4.0,2.0,7.0,26.0,23.0,1.0,5.0,3.0,0.0,Gold,Miles & More,27.0,71.0,3.0,1471.751148479145,Global Explorer Initiative
17.0,79.0,4.0,12.0,8.0,11.0,43.0,646.0,372.0,45.0,222.0,112.0,95.0,Gold,Miles & More,174.0,75.0,2.0,4431.897888266028,Global Explorer Initiative
67.0,253.0,5.0,44.0,25.0,20.0,10.0,162.0,94.0,47.0,105.0,57.0,58.0,Gold,AAdvantage,479.0,42.0,0.0,5600.146801170298,Global Explorer Initiative
11.0,52.0,6.0,15.0,7.0,12.0,14.0,229.0,138.0,60.0,106.0,78.0,74.0,Gold,Miles & More,176.0,0.0,1.0,2766.166930392853,Global Explorer Initiative
24.0,85.0,2.0,6.0,13.0,3.0,49.0,672.0,344.0,52.0,182.0,152.0,94.0,Platinum,Miles & More,219.0,22.0,0.0,1092.50779118057,Adventure Start
35.0,136.0,4.0,12.0,10.0,7.0,8.0,326.0,190.0,62.0,126.0,85.0,33.0,Gold,Miles & More,396.0,52.0,3.0,5514.642571107524,Global Explorer Initiative
55.0,237.0,6.0,33.0,23.0,17.0,23.0,541.0,333.0,47.0,196.0,126.0,112.0,Platinum,AAdvantage,446.0,118.0,9.0,6500.748616075908,Adventure Start
0.0,16.0,0.0,1.0,0.0,0.0,29.0,600.0,322.0,72.0,199.0,144.0,95.0,Platinum,Miles & More,324.0,42.0,1.0,1518.0369666196964,Adventure Start
34.0,112.0,3.0,12.0,9.0,2.0,12.0,341.0,177.0,20.0,88.0,56.0,25.0,Platinum,Miles & More,116.0,111.0,9.0,1306.5149898411792,Adventure Start
66.0,192.0,5.0,23.0,26.0,16.0,20.0,327.0,172.0,29.0,90.0,71.0,54.0,Platinum,AAdvantage,492.0,30.0,1.0,1610.3235974426052,Adventure Start
28.0,90.0,5.0,15.0,7.0,10.0,20.0,413.0,225.0,75.0,159.0,135.0,68.0,Platinum,Miles & More,140.0,84.0,2.0,4435.083612823898,Adventure Start
57.0,177.0,2.0,36.0,14.0,18.0,17.0,489.0,279.0,63.0,218.0,118.0,130.0,Platinum,Miles & More,202.0,46.0,1.0,4344.98953827159,Adventure Start
47.0,125.0,8.0,36.0,20.0,9.0,9.0,198.0,104.0,46.0,82.0,56.0,38.0,Platinum,Miles & More,267.0,66.0,7.0,2361.7468500428367,Adventure Start
26.0,57.0,1.0,4.0,7.0,1.0,7.0,106.0,62.0,17.0,31.0,22.0,6.0,Gold,Miles & More,204.0,77.0,3.0,226.56236849613012,Global Explorer Initiative
1.0,2.0,2.0,1.0,5.0,0.0,6.0,20.0,10.0,7.0,4.0,5.0,5.0,Gold,AAdvantage,25.0,123.0,6.0,1354.1402203382033,Global Explorer Initiative
56.0,191.0,1.0,17.0,10.0,3.0,7.0,317.0,178.0,23.0,91.0,62.0,24.0,Gold,Miles & More,66.0,191.0,10.0,909.9970935998678,Adventure Start
30.0,105.0,7.0,26.0,12.0,3.0,14.0,280.0,152.0,63.0,138.0,79.0,43.0,Gold,Miles & More,84.0,1.0,0.0,866.5734814842549,Global Explorer Initiative
45.0,115.0,5.0,15.0,16.0,11.0,17.0,431.0,203.0,35.0,145.0,71.0,84.0,Platinum,AAdvantage,326.0,101.0,2.0,1552.9722390273685,Adventure Start
28.0,96.0,6.0,10.0,24.0,5.0,18.0,194.0,113.0,43.0,54.0,73.0,17.0,Gold,AAdvantage,167.0,100.0,1.0,1660.6456383025777,Global Explorer Initiative
29.0,103.0,3.0,16.0,11.0,2.0,5.0,48.0,31.0,18.0,17.0,19.0,10.0,Platinum,AAdvantage,356.0,3.0,0.0,2839.8492821463924,Adventure Start
16.0,72.0,1.0,7.0,5.0,4.0,4.0,26.0,15.0,8.0,12.0,5.0,6.0,Gold,AAdvantage,255.0,13.0,0.0,3586.887774603141,Global Explorer Initiative
36.0,98.0,4.0,12.0,16.0,11.0,41.0,656.0,356.0,70.0,202.0,154.0,117.0,Gold,AAdvantage,476.0,138.0,4.0,7801.191827401938,Global Explorer Initiative
32.0,68.0,4.0,13.0,11.0,10.0,42.0,933.0,465.0,98.0,292.0,193.0,148.0,Gold,AAdvantage,47.0,46.0,2.0,6418.714018144773,Global Explorer Initiative
12.0,40.0,1.0,10.0,2.0,3.0,23.0,357.0,170.0,34.0,113.0,72.0,43.0,Gold,Miles & More,56.0,59.0,5.0,643.182626509161,Global Explorer Initiative
53.0,200.0,1.0,28.0,14.0,5.0,2.0,32.0,24.0,10.0,19.0,15.0,7.0,Gold,AAdvantage,158.0,84.0,5.0,5442.62243387209,Global Explorer Initiative
79.0,201.0,2.0,20.0,11.0,11.0,4.0,154.0,85.0,8.0,37.0,24.0,5.0,Gold,Miles & More,307.0,179.0,10.0,590.1599051254019,Adventure Start
73.0,258.0,4.0,35.0,24.0,15.0,24.0,469.0,257.0,41.0,151.0,93.0,79.0,Gold,AAdvantage,191.0,196.0,10.0,8003.841799665115,Global Explorer Initiative
22.0,68.0,0.0,13.0,3.0,2.0,1.0,65.0,55.0,5.0,38.0,9.0,4.0,Platinum,Miles & More,17.0,20.0,5.0,2461.8813795617384,Adventure Start
51.0,178.0,2.0,26.0,14.0,11.0,21.0,260.0,128.0,44.0,94.0,72.0,53.0,Gold,Miles & More,116.0,26.0,0.0,337.2668196994808,Global Explorer Initiative
