goals_scored,home_game,team_age,win,possession_percentage,player_height,player_age,distance_covered_km,fouls_committed,spectators,number_of_referees,team_value_million,match_rating
6.0,0.0,29.0,0.0,0.6613517600126353,2.6723969485887764,22.0,5.173377882782013,1.4459064399561856,67.36701863805811,0.0,55.803548417268345,39.40229554828505
7.0,0.0,33.0,0.0,0.25842347846879465,27.89961273373237,19.0,8.436363642514966,4.097756609732452,154.2612888416685,5.0,47.90731800072182,51.836254802929886
7.0,0.0,38.0,0.0,0.850531488993854,10.46438685518308,33.0,5.092530375113287,7.886569098661864,176.93077627036868,7.0,68.52262415135404,9.39614122075271
18.0,0.0,38.0,0.0,0.7109832802695769,33.1836244135099,37.0,6.424426935622556,1.9866950090832436,88.18893075976735,3.0,29.326385637508064,51.2235006830836
51.0,1.0,41.0,1.0,0.7773705142402385,20.82854767957548,34.0,2.4281918698921388,9.101105571401156,262.90828688488085,10.0,74.0235951062491,63.93957721322935
2.0,0.0,37.0,0.0,0.6276280692927285,18.996333385863156,32.0,8.838601512205122,4.202494300916619,182.15870391305674,6.0,71.88726183632448,51.49833360896978
119.0,0.0,50.0,1.0,0.9977598124719973,28.493991045488222,39.0,0.6939556196957302,9.90062299450549,299.1306226498831,8.0,56.95310581640828,36.42781771653473
63.0,0.0,17.0,1.0,0.23589095688985062,35.024175405130265,26.0,7.655952838914457,2.1341554378155125,91.90240376617571,8.0,11.617372215617507,83.39841714712996
25.0,1.0,37.0,0.0,0.6245929697551268,25.816158437844056,35.0,11.47689137387805,2.7614686912051343,164.40695409258709,6.0,26.692003959798104,62.76456777623869
18.0,0.0,23.0,0.0,0.2615671294948042,9.768304866724781,25.0,5.789993106316574,1.0373601152532168,68.92691005469844,1.0,77.21754657340291,25.76091708647896
6.0,0.0,38.0,1.0,0.8135493561118888,11.93098032704646,25.0,2.4428931323237943,6.157035569959053,196.4096632442815,2.0,69.66736295042914,68.26516444034485
5.0,0.0,9.0,0.0,0.4244597171558766,10.031309130649106,22.0,12.477679176157359,2.756973352984721,120.1109054506552,8.0,61.799448944176625,16.76673559688495
95.0,0.0,32.0,1.0,0.6149241533380398,19.0754711112956,25.0,1.8186770526452873,6.0429409338524716,186.37860933305257,1.0,60.645330609854085,49.3468445259554
43.0,1.0,8.0,1.0,0.12306117226047475,24.688383675711826,19.0,11.42304496487369,3.1135765894497647,91.40649191402856,0.0,36.05109314134486,82.50902218662387
1.0,0.0,3.0,1.0,0.16174989284952362,15.549468613461281,23.0,11.707648364221502,2.8155565395403186,58.48674641961107,7.0,52.91826705196519,74.88701097734912
67.0,0.0,18.0,0.0,0.5577555831986822,13.835793070143673,23.0,9.502603291197943,7.832331437395483,208.03002764800817,6.0,61.726369362449645,8.164726137850352
3.0,1.0,15.0,1.0,0.1155876545854202,38.522252665955875,26.0,12.841645963360172,1.1546657221826253,67.35488905697723,6.0,11.323032985278594,96.80241213361867
31.0,0.0,31.0,0.0,0.5814837702316525,18.508412524001688,35.0,8.554875721859922,7.4977836965463664,176.8170581830447,10.0,48.01738074763042,54.805264884324
37.0,0.0,12.0,0.0,0.14816333186059766,2.598566392974604,30.0,12.2836321552418,3.154327711958756,93.01191462785887,5.0,63.10740009555725,46.5903866108691
20.0,1.0,1.0,0.0,0.10058126195155248,35.16285070414604,19.0,11.205672536595053,0.1981776907340489,53.47919136763088,0.0,7.475812692339524,94.90737152705546
8.0,0.0,15.0,0.0,0.18914775150494184,3.4301584965351317,22.0,10.905291282740514,0.3619749087357045,70.50933238487563,9.0,77.84392901848747,1.2311606009348353
57.0,0.0,16.0,1.0,0.7596457423017262,2.910767564509488,23.0,3.124402268544227,3.931580913783443,93.58602298308627,2.0,81.27499798936712,44.7198492729061
18.0,1.0,15.0,1.0,0.18824256506145404,29.596522136028423,18.0,13.738839535991135,2.2467242018792732,75.85141664054815,5.0,3.120532889346549,92.30702943494083
114.0,1.0,45.0,0.0,0.46425716565877023,17.317675163108504,34.0,4.4316765716112405,9.254126434490827,248.44907410189083,10.0,63.91073083081569,52.72708973330717
38.0,0.0,33.0,0.0,0.5087254431333611,10.238981869346139,21.0,7.07296638504511,2.5619189696981644,73.34384754868638,9.0,81.60529597392299,31.315006792632424
10.0,0.0,5.0,1.0,0.0518117338674316,32.90990485933699,18.0,13.611484072448803,3.5341194160377625,77.90560550947234,9.0,10.851887820410994,53.51572461531514
14.0,1.0,21.0,0.0,0.6729881056947822,18.495437636986047,31.0,10.42008070582204,1.9863873570783035,133.3607786439222,0.0,44.7251100260335,74.99595010430971
100.0,0.0,43.0,0.0,0.8799246747711893,30.13567115262364,37.0,0.36056483995389055,8.439941128302312,208.07735915262802,3.0,52.12552507740652,77.36214887245107
24.0,0.0,6.0,1.0,0.6247485487280676,18.52585524918008,38.0,9.845158568397135,0.8764258601983483,57.10313568974185,1.0,31.778487257532888,53.87514614585662
7.0,0.0,40.0,1.0,0.70751155959897,11.151875389426962,29.0,2.92423175055209,2.4832289203362112,82.38228414385713,8.0,81.82122686851886,31.24626547370094
6.0,1.0,0.0,1.0,0.0013590921463140226,37.610302787489914,18.0,14.536793212635462,2.4435450254854207,79.69342508180891,8.0,3.216324763987764,66.48184527761848
105.0,0.0,49.0,1.0,0.9783112987831689,7.336374480660277,40.0,2.2941815736877684,8.921720697687626,270.3063757685357,6.0,99.78868311389252,4.198346308609111
89.0,0.0,18.0,0.0,0.25487893545955964,3.5248229458832654,22.0,12.881025132584641,6.101572421339764,121.56213990590356,10.0,64.18140771877252,18.34683886978981
37.0,0.0,12.0,0.0,0.17230580138726354,9.97890083606416,33.0,7.778525192882508,3.3248927086914803,120.0208381441216,7.0,68.45068684377439,31.28647201446936
36.0,1.0,25.0,0.0,0.26265470825813253,10.430070787232793,31.0,10.148474264114515,4.068384739839711,172.1561520656052,9.0,40.392616043908376,42.70963749471812
37.0,1.0,5.0,1.0,0.04714042839227245,9.162396270000503,19.0,12.359305307115509,0.5951590728079923,69.1185683163427,0.0,10.113705576650503,57.04854306789769
13.0,0.0,3.0,1.0,0.27767836910597965,37.72102926493514,27.0,12.659387074838058,1.4133198985771704,63.12294694005575,0.0,13.652158526337594,84.21024316959864
25.0,1.0,3.0,1.0,0.4099513055032782,18.22512656028383,19.0,11.366664203682603,4.330030094278999,74.30151251202457,4.0,11.563349347701582,63.459157879325176
101.0,0.0,50.0,1.0,0.9522799039185521,7.357845746285161,40.0,0.5259840122372195,9.479749958878944,280.69217881851074,10.0,88.2375440760608,2.9273585410768774
27.0,0.0,44.0,0.0,0.5910905315829509,24.338318251170566,37.0,1.5284281105907942,6.954001852744656,232.12233116153217,5.0,71.20265665722354,27.148686527672012
74.0,1.0,33.0,0.0,0.8081361954887067,1.5267765602754615,28.0,3.0211682451764763,4.355412806753626,186.12754787997278,1.0,89.9928774151959,28.39084824209962
26.0,0.0,20.0,1.0,0.7594164549929742,28.905676189797013,38.0,1.3288168057061265,3.720231859801788,83.35469464047982,4.0,62.20335900021103,69.08641026753683
92.0,1.0,18.0,0.0,0.42593187967981105,14.662207020055455,34.0,11.380256798854193,6.0403485674802715,113.01840472805623,2.0,39.15318685729992,23.11819296259295
56.0,0.0,49.0,0.0,0.8344880264498014,26.10477943604802,39.0,3.759371073341015,8.275833076141124,253.41970830988873,3.0,51.25130490544589,30.638459643158853
58.0,0.0,37.0,1.0,0.8967419787996681,20.89450970860479,39.0,0.6155445242605877,3.504143731692757,93.38538915194617,4.0,82.80910817095138,26.280438329932405
77.0,0.0,44.0,1.0,0.5815340096927097,16.89348897715846,35.0,4.168132265368543,5.5466292712861485,192.4510301728827,5.0,44.257386155405115,71.3947090447724
108.0,1.0,7.0,0.0,0.10480639078467657,35.61611694053439,19.0,12.52352348012603,5.773982533706871,98.03942255643427,2.0,6.15009018363115,97.89640030770144
46.0,0.0,46.0,0.0,0.7236206995761549,26.34634790932307,32.0,1.92816536996372,5.897457849681608,163.79272364581885,2.0,20.46560162656384,72.73124789232168
37.0,0.0,46.0,1.0,0.8966882004168065,22.301313492360773,31.0,3.1943343470436227,6.551711503603653,185.46424744576217,2.0,29.725566138809405,42.39718553917234
105.0,1.0,7.0,0.0,0.6674275023804457,11.588057574325193,27.0,10.735054490957605,3.1928233473435967,73.92297803848922,5.0,70.80254690057173,20.271491022528522
16.0,0.0,15.0,0.0,0.09895006471545426,27.79456733082992,20.0,6.2524549429245715,5.4703728855241955,89.3918188548179,3.0,9.146578608106353,98.97488079097971
113.0,0.0,28.0,1.0,0.710450593679255,11.380659756148535,36.0,2.4269275899622045,9.34627429019315,220.8462984036407,10.0,76.66237855826068,16.11339998329926
89.0,0.0,27.0,1.0,0.39673530801343015,30.96611880113452,35.0,8.49131203846783,6.63394151610678,182.80984361700686,4.0,76.61614587157837,32.87463299879225
105.0,0.0,37.0,1.0,0.7379990588706896,13.410681591748375,34.0,2.18651445180745,8.808306390818466,200.17935735563591,4.0,55.03380646395538,31.653012245554088
42.0,1.0,13.0,1.0,0.42548596840382175,31.856944108783658,34.0,9.053509185323684,5.832305748301863,123.63550738433376,2.0,52.238355576307946,63.33811579306506
1.0,0.0,1.0,0.0,0.023341000885941376,17.054779842731996,20.0,12.828058880085882,0.8308089941589021,50.70958694437302,4.0,40.278839913866896,45.28987223681661
27.0,0.0,40.0,0.0,0.5485168867507726,17.640670625048095,28.0,4.7106391501269815,8.376831270156234,242.30330277211735,9.0,31.287669186574007,75.15932943287117
101.0,0.0,39.0,0.0,0.8135734397702219,4.306917472604104,40.0,5.707115445767417,7.921772338249686,212.26392370292007,4.0,99.04018506134253,9.826424747700337
40.0,1.0,7.0,0.0,0.21798836049322662,33.0791406113048,25.0,12.511854489918424,6.730611964424208,105.35348628697953,3.0,25.12680252516898,48.31278676530214
11.0,0.0,44.0,0.0,0.3810199819537375,25.778057460642827,34.0,4.595123732060111,6.8565116219557245,233.2556114499864,10.0,41.09318187562841,41.72071205134204
6.0,0.0,41.0,1.0,0.6213635969076505,5.160573328952534,26.0,10.118524329295704,5.003691212102592,169.89808358110204,4.0,84.33039390492165,12.163453389238008
57.0,0.0,17.0,0.0,0.3904246545952934,4.069196599992447,33.0,2.642020602806797,4.601091915238534,95.6746316995515,9.0,59.289381011845805,46.0744188750253
5.0,0.0,17.0,0.0,0.5838561202117328,7.835191927370387,36.0,9.783185736066622,1.9815631015005648,94.98622144016808,8.0,34.78768350507866,29.283905767029957
39.0,0.0,34.0,1.0,0.5971873462385693,23.415534736722844,36.0,2.337166653319107,3.510957290236196,87.55959837134567,2.0,55.77923936812364,79.35877489883183
19.0,1.0,18.0,1.0,0.13208127615200177,23.226018338954546,19.0,13.90450865528571,0.9624339788136425,86.29798320658948,7.0,4.575559096377006,79.95124187194547
50.0,0.0,48.0,1.0,0.901666052567053,0.8361546773685902,37.0,4.256355474918706,6.699705961915003,230.3145269105634,3.0,95.05009903335647,6.492256027406405
37.0,0.0,20.0,0.0,0.4271451895580999,32.557708605636975,23.0,10.837435269708001,3.359069692912789,91.32567740418342,5.0,16.402823894805543,47.04744230825075
67.0,1.0,17.0,1.0,0.6711597715291251,23.943432372928942,21.0,6.606564650023283,7.596965644226399,195.18722934191626,6.0,33.05642615327682,37.4105553158246
15.0,1.0,12.0,0.0,0.16483680281616514,20.756251596336703,18.0,13.28279814224497,0.4933324739012308,64.07035333655232,2.0,10.108863347104624,91.08060537937513
26.0,0.0,12.0,1.0,0.4911629996597841,23.471280809481083,26.0,9.306573251740934,3.1815114860197085,97.83443419302773,5.0,11.60932511695301,50.34303087613314
112.0,1.0,28.0,1.0,0.6816273446879104,6.802518990881035,31.0,10.809399414388825,6.992027204508914,217.1041533381396,3.0,80.82293616490975,19.227361792312376
12.0,0.0,13.0,0.0,0.31686517978775036,38.518729742330315,28.0,6.601920560799632,1.9296462280833406,57.384023897814515,3.0,25.41448744515833,55.082775364045574
4.0,0.0,38.0,0.0,0.32788507753486473,20.360295984626582,23.0,12.811404094330811,4.254939067120454,160.69549598459156,10.0,60.770426263239806,39.157796354821365
80.0,1.0,20.0,0.0,0.7192084838221419,35.44897691866331,29.0,8.667205958744793,5.957674018787841,165.40846276729397,7.0,53.88041561435566,53.94421466158721
66.0,0.0,31.0,0.0,0.30280175059962755,11.290559464626957,36.0,2.730473296154504,5.766567298632736,193.12268291854636,9.0,73.1566805441911,36.94252662363366
9.0,0.0,26.0,0.0,0.1957449716434958,6.970050932641437,26.0,12.076016751750796,3.154522556753543,103.01796034809112,10.0,79.68359738201234,16.8143969716825
57.0,0.0,28.0,1.0,0.7384287174166019,4.82792376224868,37.0,4.306961646440257,8.595654709201426,190.78867434930783,5.0,84.34020311378595,35.48544414635311
10.0,0.0,35.0,0.0,0.7661639732593826,22.733148724442717,36.0,3.1839725013828533,2.977070862085551,130.02148307555328,7.0,35.51197702519923,51.06593822436431
39.0,0.0,30.0,1.0,0.7055921760401805,9.33307056079922,28.0,6.499887256627747,2.3848046080590106,92.23714693918603,1.0,33.70920447806292,65.75537086196017
42.0,0.0,13.0,0.0,0.3186895956322936,25.253315413698715,22.0,10.271501765866308,2.793638866225755,87.34810009999765,3.0,58.789772520015056,26.290063976600468
104.0,0.0,34.0,1.0,0.8256204689370512,1.322364742586938,40.0,3.6721491861963456,7.331517128370039,156.52468833970482,9.0,84.46679113158842,4.775786587489925
18.0,0.0,41.0,0.0,0.5075770482116668,0.7612922428520008,23.0,12.378452689615592,3.663459629223915,157.8836971257352,9.0,75.9101847198731,15.144033631389512
108.0,0.0,50.0,0.0,0.9846522123653116,3.887990994267593,40.0,1.409227935076613,7.640241805596318,266.344816998761,4.0,92.26662505376287,14.133447344575238
20.0,0.0,8.0,1.0,0.6546034447336855,22.298883191547386,28.0,7.1896094325412525,3.3633729807419437,114.7931098054754,0.0,19.570511369670196,72.43195004696355
112.0,0.0,47.0,1.0,0.849742496906556,20.03492460586598,31.0,1.4226501007452423,8.73028327037964,245.13778464675835,10.0,34.25679714512188,22.938923205093765
81.0,0.0,50.0,0.0,0.9275019842983521,24.76276638376583,36.0,0.6612973584343811,7.726950808334696,268.3181023046305,8.0,63.16711423931417,16.38705865412107
8.0,1.0,22.0,1.0,0.42607887372964076,24.474865518931544,29.0,11.985657341978289,6.099360450115803,183.20762102844327,8.0,40.73994752917252,34.96778018244017
30.0,0.0,42.0,1.0,0.5766398343152573,34.37658082180867,39.0,5.60577384810329,8.095180998322867,242.65524068398008,5.0,72.29460261122891,40.4411250926308
10.0,0.0,39.0,0.0,0.28066913944869476,34.101747496814625,33.0,6.1454908568917705,6.072020725315576,221.68430460615247,5.0,34.4259481072008,59.279608734633555
8.0,1.0,3.0,0.0,0.003937032702737597,25.38688500752615,18.0,14.77392421541187,1.6098637785774477,85.0130001125506,8.0,6.011719386629743,65.88496775705217
43.0,0.0,16.0,1.0,0.1332145756021188,23.67448552691636,19.0,9.548821220558423,5.503952045585996,156.59155203422705,2.0,4.964001397579949,55.76125313487371
13.0,1.0,1.0,1.0,0.2912357298271929,36.67409584999791,19.0,9.151690028281207,2.5538902025845314,65.31166178830757,1.0,1.7280900393796301,90.1032163351512
117.0,1.0,41.0,0.0,0.8060121140800729,29.650022280847136,26.0,7.679659952831405,9.824063491093618,291.8119926777285,7.0,44.77965682508683,77.45200715278476
90.0,0.0,41.0,0.0,0.9439578834047513,30.95369399368532,39.0,2.987717725611235,9.603900503420721,268.6868871791934,10.0,64.000034531428,39.1502688725959
20.0,0.0,45.0,1.0,0.6307139038799532,12.577031517105002,33.0,9.193056467739924,6.772814057754267,226.10210863626594,10.0,88.68236920885461,14.555559764314765
19.0,0.0,29.0,0.0,0.454982331822045,1.8168706451086045,35.0,11.527915032252617,4.719640745455489,157.0563210640173,10.0,83.85093231503029,16.939761625912254
52.0,0.0,30.0,0.0,0.8623465372345358,29.704573177472323,39.0,2.882429108837917,8.095460420337632,202.268986756619,4.0,33.93985670606928,84.70522761683286
96.0,0.0,50.0,0.0,0.8617675457011034,12.268107558342873,37.0,0.7353704183021961,9.328704351652938,270.14141222253573,6.0,81.79507517717238,13.521179806882422
113.0,1.0,9.0,0.0,0.3603009571775914,31.909713080720895,27.0,9.223176588826732,8.571422913180106,243.7463414239104,9.0,72.91080012502215,53.91457355736621
43.0,0.0,27.0,0.0,0.6754172695882441,8.693995053064006,24.0,2.282232195141696,4.391632875122544,151.81242594298274,1.0,24.163881106829997,65.1767289893305
92.0,0.0,50.0,1.0,0.8712208952041998,0.18178194425283323,38.0,1.1009475188915037,8.2336363035465,236.1766487667979,8.0,98.77592036159498,22.480518248508147
2.0,1.0,22.0,0.0,0.21354780998548023,38.82441090497496,23.0,13.007299584645956,0.3340718301584422,85.1535840988476,1.0,33.26310572323683,44.632302810192854
17.0,1.0,16.0,1.0,0.09696330626359473,39.72681794261307,18.0,13.669337347484547,4.153618731616288,131.73847201404985,3.0,0.09968814323776343,92.98814044463737
12.0,0.0,14.0,0.0,0.1106024970747741,18.33216425137255,31.0,6.298862363917419,0.16152651562345355,53.78507824874673,4.0,36.356758093612115,36.534894192012544
79.0,1.0,40.0,1.0,0.8493270629735515,1.5445470247110613,25.0,4.526159539418963,7.0906882289500714,211.89225903765646,3.0,73.71085747202073,7.983145758427121
67.0,0.0,44.0,0.0,0.5702758981760561,17.550932417579762,37.0,4.181071374578358,3.327413206650204,128.78309806086503,3.0,64.49661674106386,41.062673952886186
76.0,0.0,20.0,0.0,0.19152966122931103,1.9718595499963563,20.0,10.562873475509177,5.557188817053978,101.14564979914385,6.0,54.77654983576489,24.109232007976427
2.0,1.0,0.0,0.0,0.008580979729067684,38.54137104368959,19.0,14.97066585080464,1.7171856238359524,79.04478969294533,5.0,1.697894186410906,65.0903642546927
62.0,1.0,3.0,0.0,0.01878560793962014,18.34225904191171,18.0,14.308135928784417,5.57355547116095,86.01463538023245,8.0,52.360388261835055,52.49355758818277
90.0,0.0,28.0,1.0,0.5657370050312409,11.28134449101582,33.0,1.7720085173558031,3.011935029634121,76.88388636715723,7.0,67.38036308792203,53.29759227089869
107.0,0.0,50.0,0.0,0.9316126101447526,21.987551946910113,38.0,1.090832138900109,8.439522092180066,237.64957710859005,3.0,96.62548873144101,12.816751758168891
26.0,0.0,25.0,1.0,0.2595915267110114,34.6163437790072,35.0,9.89067766690053,6.841286552265438,158.58388933376446,7.0,59.18153302656911,54.367043403798924
90.0,0.0,49.0,0.0,0.8046024909639158,1.3667572079812338,30.0,1.5853210608159696,9.541314960544707,298.79784478551073,10.0,93.37473507405022,7.123303942621291
29.0,1.0,1.0,1.0,0.02127149807467721,35.85878279213479,18.0,13.83560429932389,2.310019159231567,59.19551088886384,7.0,1.799242398681912,87.79169530918705
73.0,0.0,10.0,1.0,0.5556709978080906,33.192409644621165,23.0,7.9852625215294175,8.499109314856296,174.0148226034582,8.0,18.577135449463732,44.51482100915221
37.0,0.0,34.0,0.0,0.7854479406722594,15.703683629524598,34.0,3.557755825622337,5.8962303394132105,173.74837807549812,9.0,37.74829449696141,27.431374698144737
50.0,0.0,30.0,1.0,0.2862978283501416,12.489294299664001,32.0,9.217435810654214,4.447829855814133,161.5315601603055,6.0,46.938644567935945,57.483476531201944
102.0,0.0,27.0,0.0,0.784270365287316,31.88487903880588,36.0,2.623983010522755,9.530351480420395,224.11055773039163,10.0,31.17126534444431,78.72759077289673
93.0,0.0,48.0,1.0,0.6407647526306873,12.469065374744181,38.0,2.8322745678243453,5.712752226854212,160.8711309118723,7.0,74.67316155746066,25.54162861144735
41.0,0.0,45.0,0.0,0.8825086400613257,8.80486745672383,33.0,0.8226130368253157,7.975862055249668,263.88107294760727,4.0,44.15527096933474,54.36603506560793
85.0,0.0,31.0,0.0,0.36133936438609027,11.885658281391077,38.0,2.7523858084261357,7.879923999628808,169.08265331088802,10.0,69.31255955790665,39.52538877244528
112.0,0.0,25.0,1.0,0.3829145727077766,12.351775572050258,29.0,7.329579211230423,8.70314590512897,210.60026200745043,8.0,56.933134257379606,55.27198114509167
16.0,0.0,36.0,1.0,0.8035396502512793,18.774704206201488,29.0,1.474364693805673,8.134969085139204,178.5362966934709,1.0,39.81582375258495,90.0838082619135
26.0,0.0,13.0,1.0,0.6889910486010586,32.24920155159588,34.0,9.551164457678055,2.111687872488674,61.07675580341592,0.0,14.112857722592352,91.86225530643895
90.0,0.0,19.0,0.0,0.30922081598828055,25.10056040098485,24.0,3.984012356548055,2.969606335779615,122.84228893797334,9.0,34.893973054147246,52.4396503802025
27.0,1.0,3.0,0.0,0.28548262193180046,23.566201338834873,30.0,13.5636938704845,5.330903976832753,132.7950969627356,1.0,45.64284610363761,66.37013030598098
80.0,0.0,27.0,1.0,0.886560487911424,9.979288400995102,28.0,1.962775016576468,4.471588731899571,176.58650760330588,0.0,77.74141748321324,10.810130209012186
16.0,0.0,27.0,1.0,0.547579344028017,31.441762730442946,21.0,3.2160888577989044,1.6317564963870108,74.88469768965119,1.0,33.264022197463774,90.62062338754697
6.0,0.0,32.0,1.0,0.26157574571685827,19.235494827961674,35.0,8.487211149153618,2.6706130439467564,87.83277385895431,6.0,66.42983355174799,62.44618136735582
82.0,1.0,12.0,0.0,0.6621018125842146,16.422661027416932,25.0,13.146853630423227,6.6968460682868045,137.68603806578236,5.0,35.56387256339259,18.67375004139103
98.0,1.0,17.0,1.0,0.7157565011762139,32.00924259502382,37.0,3.1925445212888026,9.119479647554511,225.90846639276404,3.0,70.48934074977007,37.124120393722876
4.0,0.0,34.0,0.0,0.3563426192642342,16.16754216706291,29.0,4.6449669690714135,1.1093937778001148,107.45270456366013,4.0,30.089650988235917,40.84946378235264
73.0,1.0,31.0,1.0,0.37133241797200567,7.468048322048986,27.0,10.309741840770748,4.28225010739474,200.69186115225867,2.0,38.33582569152965,20.286941112756594
30.0,1.0,35.0,1.0,0.8016725206887042,31.690620960407927,24.0,2.5111202113990805,5.8876461018053305,142.93330583231403,2.0,42.935157617937804,53.829077474009694
51.0,0.0,44.0,0.0,0.7749136698900354,27.19928839660966,31.0,2.5454156472257488,6.647239641047381,193.76243659718762,3.0,22.602764174806424,70.61573910757778
19.0,0.0,42.0,0.0,0.3815151310687104,28.003024984569073,22.0,2.6520976949620705,5.777622314735731,120.65865456034663,7.0,19.012780488618468,82.09800752013606
12.0,0.0,44.0,1.0,0.7737204724785129,20.3140875043664,26.0,7.946773931335041,2.5959956068346997,109.00441458418831,3.0,43.98310348248232,73.48037011029768
71.0,0.0,37.0,1.0,0.5798824882955349,19.362804343510305,37.0,8.380020088972588,4.885772725435558,192.87666105563693,10.0,53.212360071286916,50.17593213185271
43.0,0.0,42.0,1.0,0.9163536039389601,7.813349312536719,40.0,2.1620170681027178,4.135572511313889,110.99332089405347,7.0,91.9262181302178,2.69012047780636
5.0,0.0,2.0,0.0,0.14795969361262473,39.43456993047589,21.0,10.068985372035675,2.1325703958092297,88.05691467067437,3.0,2.7374974227601143,92.8365059120976
112.0,0.0,23.0,1.0,0.36751804469932836,11.89695958854641,31.0,2.0339442567998756,4.071451288343539,91.13707987766367,6.0,50.00245185729668,46.59925876893697
29.0,0.0,35.0,0.0,0.4050361258216006,1.4557950361033107,36.0,11.100180723930048,7.273178668867205,228.58843160125875,6.0,95.52231556237739,23.69913145413288
112.0,0.0,45.0,1.0,0.9318350114975655,11.656195312460412,34.0,4.471603366724263,9.810767228042796,295.0748792456984,10.0,68.89249361750196,30.394436875060254
79.0,0.0,49.0,0.0,0.6591101079901024,13.007600925252536,25.0,5.245908301911545,8.813649519575907,258.8738767229649,6.0,57.40490651115879,14.47690921873587
83.0,1.0,7.0,1.0,0.6338872313967296,25.94019026991944,35.0,4.86138722727916,7.423990891974781,151.96349513756394,4.0,43.59827900218594,72.1360402198978
11.0,1.0,14.0,0.0,0.6423048991878837,37.820016018530495,31.0,12.68152618286272,1.4274193769259513,59.76820151500568,0.0,16.409557015165582,58.55251743387676
59.0,0.0,44.0,1.0,0.7514106219682517,5.888594535804819,32.0,5.257786131761064,3.331158342651497,162.11739121623074,9.0,66.46441620588462,18.911283122232287
85.0,0.0,23.0,0.0,0.7490384864416026,34.16437034662087,39.0,6.203331296202528,8.36474726021428,228.92571135621148,4.0,28.410095758684985,68.84378113770899
64.0,0.0,10.0,1.0,0.24819130806057077,23.590076705916797,28.0,4.326065059963455,2.6737607798322167,66.40464793840692,6.0,69.02782528643813,43.51358308065126
78.0,0.0,35.0,0.0,0.7654719939679073,5.573266023218155,34.0,7.77163000771556,8.980306457326337,259.2768332483291,10.0,92.56005573898393,1.0106060244685864
13.0,0.0,13.0,1.0,0.5096871345574144,34.97758912431108,34.0,10.617673624503354,2.093058061966644,92.53044942354911,5.0,52.39353315430195,77.72767783146531
41.0,0.0,8.0,1.0,0.6474477988708028,38.84421731694112,37.0,2.566774116706859,1.5114420468136336,61.76205496543927,0.0,51.88576579383791,88.04256754212552
72.0,0.0,46.0,1.0,0.8547301576911306,2.3683567578556506,28.0,5.970967977854208,6.61421324277617,243.7212631669395,8.0,79.33908016317935,8.55282966581489
20.0,0.0,43.0,1.0,0.6275109388567894,31.838308211022753,38.0,1.6958826490029786,4.179245436816642,107.1690753358277,1.0,14.76690210993872,74.70508100091405
62.0,1.0,12.0,0.0,0.13104322648060623,9.937028783892396,19.0,11.325432204669585,6.458951856935142,121.21238080738935,7.0,66.75375649517423,58.46240239550694
31.0,0.0,32.0,1.0,0.8720256429810074,7.058073218290408,31.0,1.8041711688755209,7.360200141456106,232.44723095360652,3.0,79.82959961526694,40.017102785841644
114.0,0.0,26.0,1.0,0.5081247998855061,32.921053460382254,32.0,6.12215652731318,6.960122919044423,175.96135625757543,4.0,65.69437097240481,66.92820351295501
43.0,1.0,11.0,0.0,0.6325646849152187,12.292910431767229,31.0,6.48041163341571,1.6023348821981869,61.51862926410492,3.0,34.66203849176512,36.554946373139074
76.0,1.0,33.0,0.0,0.407350085277955,32.67166700832188,32.0,10.0534848780393,8.116783063719343,237.44486090763172,2.0,64.41238150038347,60.430697035508274
91.0,1.0,4.0,1.0,0.6136349155573223,39.140211444694565,35.0,3.7345138678797065,3.5823388903191398,107.7815029338691,0.0,39.66693151668255,78.72653454551636
96.0,1.0,36.0,1.0,0.6085973289487482,35.299679464538706,27.0,2.497991990852838,9.016755824984314,276.4564083768137,8.0,40.86278123737,61.35203404285357
51.0,1.0,5.0,1.0,0.36057243666443584,38.14356922072569,20.0,13.193092772312573,2.602691006831434,83.92590373252432,1.0,19.917651149275628,83.12189304384054
31.0,1.0,2.0,1.0,0.2183894511142987,33.382830338491175,25.0,10.438976924001778,3.218693402049813,100.90095072302228,0.0,5.594919866096312,96.58951880466813
100.0,0.0,41.0,0.0,0.895982047214009,15.971337849277177,30.0,0.6885879594199347,9.572415579954209,263.7328542384219,9.0,84.08171749646864,45.08761909226729
24.0,0.0,13.0,0.0,0.12487880592858375,23.508007377677348,20.0,6.15056967676258,4.847132893525696,110.71447451545748,2.0,37.25451630623348,58.52586654706808
119.0,1.0,9.0,1.0,0.5784346760544451,16.198364716790778,20.0,6.472034096043584,8.541484549845205,161.57995546715784,1.0,33.006891436279915,55.14993741247491
81.0,0.0,38.0,0.0,0.7781497139404594,6.041818915868202,27.0,8.733505269095993,7.01755458390701,156.9730856502677,9.0,54.875155792069684,4.822644467157858
110.0,1.0,46.0,0.0,0.9140857044891046,24.544189535235876,31.0,1.6729475812411083,7.034549421260569,253.62442407061718,1.0,68.02728651422917,65.66518781669033
18.0,1.0,0.0,1.0,0.04198851709442114,24.33565697641794,23.0,11.632732148012938,0.9749480491219424,59.19126434566566,0.0,14.924540767094427,92.02362094368297
4.0,0.0,5.0,0.0,0.15985344448874728,11.657365738501404,19.0,9.91922640819901,1.5648447808978245,75.69086545454788,1.0,29.707828938275853,84.05162655567656
68.0,1.0,29.0,0.0,0.1707306553535115,35.80627960616659,27.0,6.49759707988124,4.231065833494524,177.7007438655397,9.0,48.8886237740134,51.283049842219526
22.0,0.0,4.0,1.0,0.05913400733910895,35.83763271636291,19.0,8.334512721721214,0.37626369791147063,50.62107343422753,1.0,21.807723441720572,98.73803550805457
16.0,0.0,24.0,1.0,0.7572897677372651,16.33607152422684,23.0,2.8114520948071293,1.3120134800891927,72.18285456128831,1.0,68.40902018237955,76.62958137346901
14.0,0.0,11.0,0.0,0.22952179509788334,23.984104867497635,34.0,3.898523509607166,3.1696203243373255,74.52841551499677,8.0,34.99321210847917,53.56435932509406
62.0,0.0,44.0,0.0,0.8107721140011314,1.520741726425996,39.0,6.606040947635641,7.805966675005899,195.41992491714726,5.0,97.89328450570196,9.248482784256467
19.0,0.0,44.0,0.0,0.8487565169452329,17.586272383703353,40.0,3.5065635612778614,6.761998410950992,179.08616712926712,5.0,84.2751908743223,42.29742182652889
29.0,0.0,46.0,1.0,0.7651009734441314,30.896197145282358,36.0,1.9588444318056757,3.655709026332745,195.03821835976524,4.0,55.416913571318496,45.04885580826997
112.0,0.0,50.0,1.0,0.9756868583392135,24.893374594600203,36.0,0.07020689799631263,8.970612438794397,291.0713634625749,9.0,38.75387526177345,24.43502252201793
20.0,0.0,9.0,0.0,0.414291223541707,5.1381003212438525,26.0,8.871226082204895,1.1667618483442115,69.19398492024511,5.0,46.29276340186601,42.57140083267851
30.0,0.0,21.0,0.0,0.7804886115269116,37.08415781151298,27.0,4.682810720672362,6.692493079991509,180.4373352031074,7.0,42.00236409229156,58.98993591605563
50.0,0.0,8.0,1.0,0.4151124952537306,21.34298790076489,28.0,11.445951869246837,2.0037289213793326,83.79098209207112,0.0,48.10385787310597,58.53255455424776
38.0,0.0,37.0,1.0,0.4952669724705135,21.765761634082086,35.0,6.063544072257734,2.1613021242953074,70.55185481992224,6.0,75.93006727641912,36.49162605975639
42.0,0.0,12.0,1.0,0.34796670775940564,15.930494684358601,27.0,11.165128660694013,1.5075565043685568,55.632906975345335,5.0,21.82940689865851,38.573127011984226
15.0,0.0,21.0,1.0,0.19017339680898637,29.1213030728221,29.0,9.552063309311638,6.043610203092086,126.62782038529625,9.0,57.55651497344496,37.27425222194327
10.0,1.0,3.0,1.0,0.0417770341913144,13.476160634509332,18.0,13.167101515804717,0.15961366289262102,53.29612269521485,1.0,4.335124119323233,90.00640243921865
77.0,0.0,48.0,1.0,0.9493466369940204,1.800569850461244,40.0,0.5360723305658164,9.40391472776196,263.8805265159972,7.0,95.86091076078745,29.015495519070065
11.0,1.0,11.0,1.0,0.608593417118014,37.93808749908064,24.0,9.853942832421447,6.518699447401775,116.7928101222287,0.0,39.640708702294646,98.49924865533768
30.0,1.0,31.0,1.0,0.7967345904182711,26.968042052961653,37.0,5.7573416918953395,5.8093151153149405,140.0950959917027,0.0,65.7269858209979,43.21425983957535
2.0,0.0,12.0,1.0,0.6269044149750226,14.209293386163779,23.0,12.148861945940403,1.7808512751162837,73.09717379011045,4.0,64.4780137998188,36.64233756062759
87.0,0.0,29.0,1.0,0.2992742525406543,28.212716254589324,33.0,4.570534983675492,8.319354374213948,191.01469282873572,10.0,59.68892162905986,53.711888127882716
71.0,1.0,27.0,0.0,0.8004644486403598,3.067842778945071,36.0,5.943364866316075,4.929715120586166,116.97953775671733,6.0,60.810048247777615,13.041062124093266
36.0,1.0,1.0,1.0,0.06447138563076793,17.3960314818414,19.0,14.15136266452891,3.514156053576875,66.22668628354786,3.0,39.43979565330579,69.79206279550182
104.0,0.0,50.0,0.0,0.9878682381583184,0.007067981828765113,40.0,0.6116659961461819,8.54304921869181,283.93692222905594,6.0,99.95552513895852,8.276584561408832
19.0,0.0,3.0,1.0,0.5227974779555121,20.97238868190374,27.0,12.473387633907656,5.5380132007816165,100.23284723853726,9.0,21.08568768847406,46.284920105496234
2.0,1.0,1.0,1.0,0.033165196293450216,34.737020946970404,19.0,13.765984824594025,0.009988144182041303,50.4973867621294,0.0,1.9045982263557804,97.93844716068823
24.0,0.0,31.0,0.0,0.4442648769954452,21.301175945994743,24.0,2.5672145484026085,5.069370284465535,177.14413924380318,9.0,55.67717969133031,49.3458687946101
86.0,0.0,21.0,1.0,0.6693092480384857,11.556734238189392,35.0,6.57814898385422,2.8827732816548117,108.31697955223632,5.0,72.7068074996074,25.050292335394158
12.0,1.0,11.0,1.0,0.49926678851540046,11.715276070565823,26.0,13.437632350725629,1.8667312549912225,108.90539386493712,1.0,60.54119714866724,19.9443177119222
13.0,0.0,41.0,1.0,0.8826020814941876,33.620262807022954,27.0,2.8185554341280663,5.807882569329319,152.9053851926702,7.0,25.95281228816378,75.97426162971666
35.0,0.0,36.0,0.0,0.7898636278819091,20.449237679286437,32.0,3.6226684211502027,5.759679748212306,203.0710726931589,5.0,45.382975561708555,35.57604339169668
2.0,0.0,29.0,1.0,0.3582411974624925,33.17810707574349,21.0,3.2401923571891076,4.5827080372162,159.40850366292267,2.0,12.577593235865272,72.9788865963707
52.0,0.0,35.0,0.0,0.5439406574180977,20.63567355963793,24.0,3.48429555484563,2.9529829691920377,85.62691523333197,1.0,33.20009064594764,62.7797910817755
46.0,0.0,10.0,1.0,0.28304368528419277,13.775101036170156,32.0,4.552589573305914,1.979919074231391,59.14115096668441,2.0,33.44716852551251,70.06876001575893
33.0,0.0,18.0,1.0,0.4516786518131148,22.904135897343444,21.0,6.562106956965541,7.388266349315996,157.69875321124476,4.0,28.605324720823585,90.6427268846578
0.0,0.0,6.0,1.0,0.5882513994235731,34.06297286022775,34.0,6.543500350300689,0.4089973359612378,52.73664919787341,0.0,22.252688195501015,64.05904718617639
89.0,0.0,13.0,1.0,0.6448134089414422,30.272845808887162,34.0,3.5603096542916592,7.872763290872548,210.03144138599433,6.0,14.853996972904376,58.73223714938407
20.0,1.0,0.0,0.0,0.0809285464805432,36.490794826223855,21.0,11.765959964475917,3.227843523155507,76.8566463926834,1.0,13.487962248980395,90.72448138662816
91.0,0.0,48.0,0.0,0.855665300668185,11.128569010802073,40.0,4.205057683601198,9.300500606722863,294.17252237992653,10.0,72.62373819745714,1.8068113503070222
23.0,0.0,5.0,1.0,0.17268269333176606,30.02406782932487,20.0,12.170880265383335,4.189865054906154,83.80073031155112,5.0,38.11979153229435,87.52125655665424
20.0,1.0,16.0,1.0,0.10935184214486121,31.20372003717261,23.0,13.836664177052143,2.034109206559229,91.85701017230794,8.0,32.42106439687238,68.47423293176303
1.0,0.0,6.0,1.0,0.3297822740806351,30.302543892600173,24.0,10.287295749667226,4.104843394588076,90.48143084015705,6.0,36.845250150515334,83.7129355953867
0.0,1.0,16.0,0.0,0.17177233502743483,38.18990126621121,24.0,10.20506816684297,5.095426324960387,110.29100670274144,7.0,11.82480617506053,94.63597044258202
18.0,1.0,32.0,0.0,0.3619887637964015,29.053133723521675,22.0,9.206920949566058,1.897740468900155,107.2729475016023,0.0,21.850153987653325,56.42545362745912
5.0,0.0,24.0,0.0,0.26923722813879314,28.857491056176247,35.0,4.950474367502563,2.117656381388251,72.92346947231296,8.0,41.93755836081866,83.74354094226575
8.0,0.0,2.0,1.0,0.11374837640261237,34.80609090900463,18.0,13.780389169493075,0.060930117871143885,51.02992470117445,3.0,7.784452794480714,86.89275564739472
71.0,0.0,42.0,0.0,0.7982802092892296,16.86150943756345,26.0,1.5464728158474994,8.860165182098058,224.56755555675807,9.0,38.3280831725895,32.42691921112422
31.0,0.0,36.0,0.0,0.29790802372222847,24.696596602559254,33.0,5.035666617038802,6.890223323962099,154.8729608528861,10.0,21.469829615447942,82.37962648247387
55.0,1.0,5.0,1.0,0.10147702752878873,27.654501505453453,18.0,13.502607636457608,4.506292092872085,149.75659263492327,3.0,10.785477616241145,73.93181109873976
53.0,0.0,17.0,0.0,0.39662117325301305,25.8080290730484,21.0,5.083097647299841,8.455587603037483,181.04206866585693,7.0,59.35628713193004,41.40621537063939
53.0,1.0,7.0,1.0,0.4496594906270604,20.300892476008244,32.0,5.7968175291706014,1.489511756788675,65.14596547176592,1.0,33.7159101902207,90.8763223238372
30.0,0.0,29.0,1.0,0.4475947204543035,19.667039441422425,33.0,5.779566357093673,5.737276116043995,177.16845574165308,7.0,40.055805266514966,54.71692710867034
2.0,0.0,26.0,1.0,0.6107078488722845,17.636768623322602,29.0,5.622482979896516,3.40061518677355,81.64568776574215,1.0,27.783952496145233,48.73585861367513
87.0,0.0,30.0,1.0,0.41437252012400216,9.323805472591758,26.0,8.482325285529527,5.729352294139878,148.46314532252867,6.0,81.6401698033043,29.88416953672915
61.0,1.0,28.0,0.0,0.7547353648536148,8.958139685018885,31.0,10.53641636304243,8.806948295777413,265.27597926089203,10.0,89.19442640181097,0.18799226734910235
113.0,1.0,25.0,1.0,0.655297464567164,27.56736859854691,37.0,2.4189428850903116,6.5821105596116585,158.82296246956372,3.0,50.852272059882615,56.31658792153611
23.0,1.0,11.0,1.0,0.625428427332325,39.5055263501079,36.0,3.6963000549779075,3.123730002204999,91.14000532963847,3.0,23.836031336238722,98.93245781924023
12.0,0.0,10.0,1.0,0.432186389521402,36.23589331102178,20.0,10.734529482021722,1.9105630073424114,62.126737694355846,0.0,11.222291314027558,84.50548522661009
22.0,0.0,4.0,0.0,0.2283494084841387,18.768237671623893,26.0,9.095327603856182,1.0451571498069105,52.81357043926877,3.0,41.268131897300734,45.47789752211812
10.0,0.0,11.0,0.0,0.18906432174678678,14.56939666389153,21.0,9.458049732209066,4.1721898501840196,112.39922926337215,9.0,27.234728175575913,44.506396759698255
89.0,0.0,37.0,0.0,0.7805854433114819,4.103086993167352,31.0,6.917250321675975,7.563440417207938,171.90114139112146,7.0,64.6014622666457,8.458779559271761
87.0,1.0,40.0,1.0,0.8694841929004438,12.850965728738382,32.0,8.38316155940196,9.365325396618836,285.8313365307327,3.0,97.10242527161971,1.6826397844469057
76.0,0.0,33.0,1.0,0.8264356390892531,32.861886946032506,37.0,1.1293425903352698,5.62963774186311,144.6706570212725,2.0,79.99145384958595,72.69744579333211
102.0,1.0,37.0,1.0,0.43273992115518944,19.246870413438415,37.0,4.629911402623277,8.60192133539694,202.28494755209314,9.0,91.90395917133958,35.89046853378442
24.0,1.0,15.0,1.0,0.11305548217318423,36.285012849519106,20.0,13.820971979499443,2.0469665002005732,109.1324217417554,1.0,5.722272075108684,54.18183183772802
84.0,1.0,34.0,1.0,0.6262302373215031,19.014200861754958,37.0,10.893469007489308,8.71654039784283,268.8724267346405,10.0,70.17003557082505,3.9444728412806143
84.0,1.0,38.0,0.0,0.8539664752675631,2.5957206676717988,25.0,9.170862633313927,4.886583599264136,132.20457025569934,7.0,91.54509875497766,9.35114509350818
0.0,0.0,2.0,1.0,0.1906000136312061,13.860270174104484,21.0,12.934895694777325,0.6156364518978865,67.81465658866156,4.0,5.3456817377722246,44.93143198154858
50.0,1.0,18.0,0.0,0.3098464696503039,3.1569960203732315,20.0,12.495386241600169,8.188255171212074,190.55438725833383,9.0,40.83784226986742,32.22640472383414
41.0,0.0,31.0,1.0,0.8129765017156592,32.30663915875211,35.0,1.208115238300799,6.892166741990979,141.1554714367329,8.0,25.001953809112855,62.77719045159664
6.0,1.0,11.0,1.0,0.05819619742505128,12.471449862448697,18.0,13.711368152979205,0.16724793440285524,52.00613856019814,6.0,4.3625184645774056,55.08041693797456
61.0,0.0,25.0,1.0,0.5021930054284041,25.796664024781084,24.0,6.896714780608182,8.415672575575734,224.43061651409144,9.0,63.174898756610986,32.77504461586811
77.0,1.0,17.0,1.0,0.14868779028916645,13.772983291910883,20.0,9.105574042141658,6.09880741039011,116.3946728313744,2.0,27.361534022747524,81.0176837394108
63.0,0.0,30.0,1.0,0.7785785325012351,14.347941276838093,26.0,4.170356798092946,4.140147241508977,102.12792333169594,0.0,54.41839905035772,48.77315351060448
32.0,0.0,47.0,1.0,0.9598478480843609,1.446395616305935,39.0,1.5219478325765703,8.208285386496124,239.05298836748827,10.0,96.2652938350281,12.721734201312046
9.0,1.0,8.0,1.0,0.1311461559199139,22.67443173257519,19.0,13.20061228755827,3.059146676094202,104.85472950270749,2.0,10.774956010471612,89.47466375038798
91.0,0.0,47.0,1.0,0.9793079589314111,29.921312878441892,39.0,0.29015182322587574,7.937779526080727,249.3505759591402,7.0,88.562323453949,21.99036947439626
20.0,0.0,28.0,0.0,0.34372394535692063,5.125800740003811,20.0,6.791565965979463,6.858069872464124,177.55211663291664,5.0,37.10767792744355,28.93095962196316
24.0,1.0,35.0,0.0,0.21233189265981672,13.92952261404772,22.0,13.71852816659915,6.35548034330406,212.5790323853473,8.0,59.48854571706806,10.94203906714759
114.0,1.0,42.0,1.0,0.8848328221119937,1.520427540590763,39.0,7.906228027070084,8.777625565329142,282.2163802012748,8.0,98.76516621737744,0.18256624586749126
105.0,1.0,6.0,1.0,0.3215446664004504,39.698015274130086,23.0,8.50284581866074,5.706642974542891,118.489086086521,5.0,3.19318649664568,94.07177973318267
78.0,0.0,49.0,1.0,0.9461246586121373,10.928527829588884,40.0,0.13911844661036277,6.635759719278162,256.1780361478712,3.0,99.64934063889916,43.672644937700156
9.0,0.0,26.0,1.0,0.6386434278028537,7.351570198355848,38.0,8.299000102282426,6.795038586902664,175.33563107478955,6.0,49.90453727464409,55.0091470392462
35.0,0.0,22.0,1.0,0.8102819950353414,11.749718441158976,28.0,5.555964526230842,5.454262334092682,132.30399575623105,8.0,29.355741736325996,19.22799895092669
66.0,0.0,21.0,0.0,0.19299378843846815,6.439694711520332,32.0,5.762515959917929,2.987932677976843,140.98272320912082,4.0,62.85227205652015,18.73494906953449
15.0,0.0,6.0,0.0,0.19063938588181972,27.28560048189989,31.0,11.900148173824594,1.5245746886638285,54.7050690499893,8.0,16.789646633924093,53.062812880635256
17.0,0.0,26.0,0.0,0.31386085614193565,28.753324468945852,22.0,5.254878883899671,6.109362600036542,130.81708900665805,6.0,37.00459971103522,73.06500486837513
56.0,0.0,18.0,1.0,0.7182988500856816,11.291134998042905,31.0,7.94213708287034,6.359527900976098,157.8657979130529,4.0,88.77570215917814,41.318257481395875
106.0,1.0,37.0,1.0,0.4800984576216067,24.52508522047665,20.0,7.095137169112222,6.9479808620045524,187.27777480565013,3.0,21.86239503405829,85.23294612572892
52.0,0.0,38.0,0.0,0.7837807482919035,4.264198428391268,39.0,2.524506165080865,8.435981527451704,201.5312866049606,6.0,97.68528407086751,19.89151525348653
84.0,0.0,38.0,0.0,0.6349111511857786,25.110286392772828,24.0,4.5146935795283,7.618855178274396,244.97017384819378,3.0,55.559174269421874,64.03063043114145
20.0,0.0,24.0,1.0,0.6188153151526458,27.136361596733906,38.0,4.529238106500459,6.050315005495063,102.10071137888525,5.0,33.530393675357246,78.35541490978281
54.0,0.0,43.0,1.0,0.5377079603309969,27.969394633183178,27.0,9.208169364627473,7.410701508038061,245.04696761143126,10.0,30.666995078939873,63.786658603696594
102.0,1.0,14.0,0.0,0.6487160359108592,10.201300554725698,36.0,11.075053993510805,9.000772945186823,260.6956635000073,3.0,94.32107253761458,29.34128669713976
2.0,1.0,0.0,1.0,0.06054167387274473,22.185435776399153,18.0,14.963374698109249,0.9300644510227087,51.5695657122636,1.0,4.227679430032893,52.77968186427942
6.0,1.0,1.0,1.0,0.019442758632959634,14.268116821115227,19.0,13.651635044110638,0.7762626808511834,67.81325148937822,5.0,13.915662997510381,82.25399557344946
4.0,0.0,22.0,0.0,0.38279348218378617,6.099226717855327,34.0,10.827296803770793,1.5977678913321096,90.53403504863783,8.0,78.27419948587269,14.896214903275279
32.0,1.0,23.0,0.0,0.5124823327204528,10.203438471857565,21.0,12.34608310584946,7.027981029058285,242.52821368522666,6.0,44.40700256556907,27.199244765685147
19.0,0.0,26.0,0.0,0.2671297952868227,31.709096126301944,21.0,3.8106278503802278,1.1880280708261037,61.552947014359574,1.0,44.56778364554279,87.37040498721245
8.0,0.0,28.0,0.0,0.7554737548522745,2.257457736491464,38.0,7.83981817966953,6.849244042036506,195.35940313745957,3.0,80.73176800450622,43.99389480464916
25.0,0.0,5.0,1.0,0.2508546877325805,31.287091349014215,20.0,7.449027271743033,2.4961640286570623,73.89984104987552,6.0,14.506585810255523,49.74033213920807
62.0,0.0,20.0,0.0,0.8145768520911454,2.785907274802792,34.0,7.057223549657255,5.167666313487828,106.9148325280182,8.0,60.43873793048125,10.262940191768543
99.0,0.0,14.0,0.0,0.5437562142687827,31.191865955604456,38.0,2.251299786053848,8.851684183624947,207.6743358252478,4.0,72.46370365043613,69.85571820990623
25.0,0.0,17.0,0.0,0.4903561927223659,9.829699142602092,22.0,4.789559339867529,4.64449836312709,90.69751225643735,7.0,58.16423324192362,69.61545828296374
66.0,0.0,15.0,1.0,0.7493140181161154,12.788265266816328,25.0,6.398156733123104,7.912542427655966,150.861140626117,8.0,59.90903716954961,23.372272165585105
44.0,1.0,23.0,0.0,0.2537526760216465,20.088293209426638,28.0,11.419500295805113,4.906799592711036,134.3403116642913,5.0,25.20211018519404,37.92676237264515
41.0,0.0,33.0,0.0,0.8301149763533602,21.01141515350335,35.0,6.44815664568407,6.125471146045353,196.74929625762738,3.0,83.84832575923195,23.777177984273003
79.0,0.0,15.0,1.0,0.7857699015540249,5.582701984091312,30.0,3.0902289664238234,8.751861881685569,207.22951952617328,10.0,64.07702834923714,47.76544754059546
85.0,0.0,45.0,1.0,0.8057000331084916,29.69326167318221,40.0,0.4275536501279351,9.255984402049911,285.56592675926277,10.0,67.82658848329065,33.830759017821904
22.0,0.0,35.0,1.0,0.8543543609539399,14.475017449667197,38.0,4.4267213909650325,8.005774035777431,168.05201042097565,7.0,60.184676013351535,58.07084701593101
112.0,1.0,20.0,1.0,0.36220112566226925,32.71919470790567,22.0,5.340019010675178,3.9529715345547123,99.45715753495284,4.0,41.938702586076765,81.39744973169293
109.0,1.0,45.0,0.0,0.6564651846267304,10.54771293501028,37.0,7.833759269791048,8.641053839353056,258.4637819417298,5.0,70.81720013013616,9.599608155083175
35.0,0.0,48.0,1.0,0.6374146080541476,23.419756609586777,37.0,1.2426987740022044,3.478116927434252,130.43438189389116,7.0,30.76522143439651,83.55624600462782
29.0,0.0,26.0,0.0,0.34301266253632895,15.452246200418365,26.0,10.588569922839984,2.149508702770231,126.26326278722809,7.0,74.36841178529487,3.6369360362808933
64.0,1.0,25.0,0.0,0.38217156582561407,37.40265786418462,33.0,4.022579016199215,8.353077953554505,192.54424423635103,8.0,24.04943040667237,64.43516109177
29.0,0.0,20.0,0.0,0.6011270218867675,15.364924935834296,38.0,4.028195946788756,6.442230226956342,202.99307142140285,2.0,56.75357686438922,78.13350350468743
4.0,0.0,3.0,1.0,0.11019738182268612,23.637628801864423,28.0,6.533885804204351,3.1465971973035156,69.46594824981146,1.0,52.27858566021301,52.98334829183411
75.0,0.0,16.0,1.0,0.5087198450542383,25.237006208323645,29.0,10.689777483234684,2.9507017851953923,77.71900405469272,8.0,49.12838040735462,22.57771634395643
2.0,0.0,4.0,1.0,0.4848776231030015,30.14604152657787,30.0,12.335931193743548,3.9356890522459977,96.4255962946217,7.0,58.730757533081245,22.21412729169174
95.0,0.0,49.0,1.0,0.9564087519965032,11.231312317411744,40.0,0.0240692864451173,9.15658412808932,283.0835968768859,10.0,84.80198202889582,31.25410790175569
57.0,0.0,29.0,1.0,0.31359201838486944,20.801929623460204,29.0,5.516005866171531,3.0237975739271024,100.72587361012855,8.0,29.797947198341046,83.4486298820897
69.0,0.0,47.0,1.0,0.9692201899220825,10.689509618939143,38.0,0.6315727269130234,9.79758261123887,286.7580456443967,4.0,80.74480566852137,39.41377361591135
43.0,0.0,19.0,1.0,0.802904564965292,6.8586030761948376,28.0,2.2490424125281843,6.518633639921349,168.8025923605159,2.0,48.90261105696616,42.46259792497916
25.0,0.0,43.0,0.0,0.5331866755388127,17.508472235327076,27.0,4.75205852454728,6.498520523388343,239.73832823246653,9.0,31.090936947618005,65.69423554579811
101.0,0.0,24.0,0.0,0.5608548104159418,4.740525596057406,29.0,3.627653750312641,3.647112648911116,117.88313001724443,6.0,51.609361135976336,22.001479640737838
36.0,0.0,43.0,1.0,0.7672220441172704,16.66421412819467,39.0,1.7732923895469463,8.458191208397816,214.93321431371507,10.0,54.52157536874953,43.299393878706226
48.0,0.0,42.0,0.0,0.8513648994899622,5.608949562776894,38.0,5.65947461824339,6.83055339015452,243.69628204785025,3.0,89.53883871601755,9.132064549758482
23.0,1.0,13.0,0.0,0.42473674478389756,21.42198757428837,26.0,11.721698575632267,5.592224071914607,120.67819896441371,2.0,54.286769423804145,60.843186085621
3.0,0.0,39.0,1.0,0.3442223605925637,7.356611561942511,22.0,7.46002808715852,6.621965874416826,133.37910928281568,5.0,63.41015293619313,67.7225576756684
77.0,0.0,47.0,0.0,0.5898221888062017,7.690077758639465,37.0,6.653325121151809,5.430720300263114,198.14900807797122,9.0,94.89763052370492,6.829894812764024
2.0,0.0,22.0,1.0,0.5683720375228714,36.785995994486726,36.0,2.1929389868539335,6.128342150498032,136.4184561351849,6.0,17.72046094103333,93.30236651646916
18.0,1.0,16.0,1.0,0.5855347422890625,16.44727689641539,22.0,7.367411843823382,0.7526426712044989,72.1528738915993,0.0,35.280575351099145,64.91710734161462
25.0,1.0,23.0,0.0,0.572926298262459,32.90831749473386,20.0,11.57500144806325,4.994094535731869,205.33812474267572,0.0,3.0389898695310364,93.8924122725339
106.0,1.0,30.0,1.0,0.41255966548025624,21.060294796809885,35.0,12.134261993140347,8.997747704289527,224.2624978542359,9.0,78.61746796004975,19.013069883672667
15.0,0.0,36.0,0.0,0.6040200569913914,9.624765740066834,34.0,7.437978561176047,1.2745617772106925,94.56737250553726,2.0,51.53425612164934,20.523761233614756
27.0,0.0,24.0,0.0,0.48794046576778144,2.9503526749182747,28.0,8.191953335147907,7.367100171094362,226.69294780764585,8.0,88.38653257534193,2.9901870444687475
82.0,1.0,37.0,0.0,0.39991463911738573,16.37815456040501,22.0,10.234149128284237,6.879550910328396,203.56668874050968,2.0,50.70433982407855,32.92110747913775
41.0,0.0,20.0,1.0,0.40079019546047157,32.74291907197549,21.0,6.627877542340667,7.169486292945395,130.43550636798315,4.0,10.303007676239687,95.19969477778847
2.0,0.0,6.0,0.0,0.35704748658947694,24.10646796445232,33.0,12.222425174818477,0.5835438824875903,55.31607763918652,1.0,22.52116724139078,48.34455708549975
20.0,0.0,20.0,0.0,0.6107888400463084,33.5858313075267,22.0,10.26122422706894,5.624316557455022,144.3088661653312,2.0,39.87633320090466,82.54778608291289
7.0,0.0,27.0,0.0,0.6534447948090146,5.541972271792977,38.0,3.293844752575212,3.4264578158183707,127.36017069394254,5.0,94.08563647626221,30.293385419094967
52.0,0.0,23.0,1.0,0.4792831617558667,6.952927748547225,29.0,8.137673230266818,3.6342787600215587,141.70316452986978,5.0,62.07983831274045,13.042896819673565
12.0,1.0,0.0,1.0,0.13309943980586564,38.530679332452195,22.0,12.518257388232946,0.7106993158390793,62.98422436578898,2.0,13.811960749342148,71.92103063013883
40.0,0.0,19.0,1.0,0.48472724263485356,6.179493947998431,25.0,11.068966721007353,3.8573341024667727,153.6286475739118,2.0,66.77499461091176,20.043227709056538
49.0,0.0,48.0,1.0,0.7011387753951368,18.78935785114032,32.0,6.145482231169784,9.301808438892799,260.8323130620482,10.0,82.32490603917972,27.76956821667347
3.0,0.0,27.0,0.0,0.5362118287518368,35.43534388653408,32.0,2.2252457287200933,5.260795081342227,136.5610593983734,6.0,10.133405969818185,96.13904241139448
86.0,0.0,41.0,0.0,0.9480033449788066,0.744755224665564,31.0,1.1204100266672423,6.730273797122385,197.97561196782814,1.0,77.38704479115134,18.8796504922034
25.0,0.0,9.0,1.0,0.32773365993373216,28.10719311035758,28.0,4.675170026983117,5.829706604560585,96.42015554965509,5.0,37.34088779601605,77.20255009807329
106.0,0.0,48.0,0.0,0.9691536317488266,10.643079054895043,40.0,1.4875795275459973,9.82877985687848,295.1641921501913,9.0,97.42665217841707,0.858091560965299
106.0,0.0,30.0,0.0,0.29316737134725257,21.81474971918655,21.0,8.61755766929422,6.762739738676706,134.19802185358543,10.0,37.66054799722444,16.092855523291874
109.0,1.0,45.0,1.0,0.4504177492026634,12.366733454103684,32.0,2.329299188296308,8.180073704866848,244.1310478001654,2.0,53.48008445974035,40.12750746457831
58.0,1.0,32.0,0.0,0.7567724334654682,25.806270108434624,23.0,11.552839922222368,8.769742352989844,267.03454342401176,7.0,34.357422759373215,65.85461196603477
38.0,1.0,34.0,0.0,0.3577955802922056,16.127223646708583,25.0,7.957662103130781,4.065873821142792,188.83742483670014,2.0,73.94467167508269,28.916503615782407
45.0,1.0,33.0,0.0,0.536909467373644,2.568957967213624,30.0,4.665074586013963,7.861762855590927,221.33058691335992,10.0,54.90196963278912,14.630895712187254
31.0,0.0,43.0,0.0,0.9182499807726052,3.512906861189645,32.0,7.837216771681448,9.2859164767202,239.74327106968354,4.0,74.67804666922066,12.626532385858425
53.0,0.0,9.0,1.0,0.10845054173775537,26.01734993735236,29.0,6.781615381958095,6.65248289099156,109.63698216224924,6.0,20.90436845037413,78.14689618697409
18.0,0.0,34.0,1.0,0.2950144016248054,3.1908952414997316,21.0,4.57042690903419,0.6995125112816192,59.568850561868004,2.0,49.324870117538836,52.59089875946393
99.0,0.0,22.0,0.0,0.6447925413204635,11.728053399187315,23.0,8.734091033927532,4.59496409614515,105.0341314699207,7.0,43.94601434669051,17.65666385704511
47.0,1.0,4.0,0.0,0.0830213140619957,23.41808028509481,18.0,14.188341565731836,3.430121447211507,72.25209545392187,6.0,9.584773167499236,55.343408691693185
14.0,0.0,8.0,0.0,0.5024736515138083,29.87990052587424,22.0,8.632427697361774,2.112389778608332,73.09649040431316,2.0,33.91034144502049,83.66019936954913
58.0,1.0,39.0,1.0,0.7996372610990297,22.02059523303475,29.0,2.715883333608217,8.54731768042359,232.40278977565643,3.0,26.331861968793376,80.93442515792655
94.0,1.0,46.0,0.0,0.9174571250086796,9.245362291764375,30.0,1.8199476290706391,8.467955242513934,250.72318763311856,1.0,68.98195625034607,25.570057390317714
2.0,0.0,35.0,1.0,0.7102778676396975,30.305287105541264,24.0,9.7265761903039,5.15639613713444,175.6740897092183,5.0,16.19391264211665,45.7196155610208
49.0,1.0,11.0,0.0,0.5546006151558314,38.02518272974121,36.0,6.756843717599982,5.02125625812422,112.03059873461986,5.0,35.340026374855725,86.23316132844494
9.0,0.0,38.0,0.0,0.3503067174589224,4.0831575485952385,28.0,12.77283179627873,1.76152100260098,137.93569481589986,9.0,81.266378555214,0.527267060939991
2.0,0.0,26.0,0.0,0.719829550144879,13.868917000262673,23.0,11.293570498578795,4.4340283909212905,139.37812139681722,7.0,15.647201006536555,55.04777228059266
85.0,1.0,41.0,0.0,0.7540946750297718,25.008780780198954,24.0,7.151311713863837,6.9226967345146475,167.74129730138404,4.0,26.96927750861316,42.38029321468743
104.0,0.0,19.0,0.0,0.46040741453017564,15.543296345508985,29.0,6.922456557932474,7.009161546989011,202.41030957515198,7.0,86.38832107571126,31.983579379841647
6.0,0.0,36.0,0.0,0.44081108262576557,24.3795012323666,35.0,5.490934161371938,4.476306306213885,157.56740278868998,6.0,33.12689129526092,87.34353224691733
20.0,1.0,6.0,1.0,0.11946432311477878,39.57679506339515,20.0,11.358082509239496,2.686163932677263,73.12000738539825,0.0,0.21939979177204805,91.52221492102221
101.0,1.0,42.0,0.0,0.8047263402949336,28.09401262055659,31.0,7.920646367256647,8.628383830747818,218.46867984412197,4.0,33.92666325833892,71.6984280314022
16.0,0.0,15.0,0.0,0.22573933166650417,38.002790747922425,24.0,6.249100689996428,1.6723904300751542,66.51786377917324,0.0,1.9152660468678278,92.69684282932914
21.0,0.0,4.0,0.0,0.2028916174440643,24.30861748402021,21.0,6.45811923952021,2.987899948760621,68.88843274241891,4.0,8.120041815130676,95.75498235630108
39.0,0.0,39.0,0.0,0.4081688057427509,14.759257847037741,25.0,4.511946953641079,2.086209860680979,99.63127105572843,6.0,29.32811434875741,33.48080686580673
91.0,0.0,45.0,0.0,0.894014482972519,23.552682379067512,37.0,0.5498186166109997,9.656653952204282,298.41473043371207,8.0,40.595096843403844,54.04246310805943
82.0,1.0,29.0,1.0,0.7945538965695453,14.489460558206577,27.0,6.047348991753242,5.175868465913503,107.06148092030259,0.0,34.79075708748203,83.98456878820897
86.0,0.0,38.0,0.0,0.6918769341035385,23.330055474936653,36.0,6.3168724328919765,7.408448155176771,217.27240941153744,8.0,44.21375464284579,37.993433481413824
11.0,0.0,7.0,1.0,0.13980767759037,33.951262830995006,30.0,9.463175276710881,3.4281004334639715,92.67545716041387,9.0,50.51012241470178,57.24268159977454
19.0,0.0,35.0,0.0,0.8638432992867993,31.622497540328716,33.0,5.073719583107045,5.813037602319482,140.59814233707058,0.0,48.16392269119108,43.769216453249136
79.0,0.0,32.0,1.0,0.7405646599591518,11.505453950248457,29.0,2.048285252997106,4.462635140121445,117.61232798521375,1.0,86.73789040331907,23.03224972024228
55.0,1.0,1.0,1.0,0.12066809603127743,17.263768034598826,18.0,13.561938541472621,5.186659679847338,126.60040483477437,6.0,60.31167248976919,57.143387316248756
20.0,0.0,23.0,0.0,0.4327110002832334,21.959378339094823,34.0,5.761236381354868,4.5852419642849185,105.90992990065145,2.0,29.652996886670284,90.86280082328068
111.0,1.0,25.0,0.0,0.31510850023939674,27.821496884089573,29.0,6.434117296906443,8.973453293806585,273.9003900152155,9.0,22.154367343454297,41.693061374201875
41.0,0.0,35.0,1.0,0.8460364135511416,27.387443613236968,37.0,2.5228206930916235,7.569793541719595,161.76759607341748,6.0,80.147672856671,32.64771409112899
53.0,0.0,10.0,0.0,0.5807143941389941,18.508075120527458,38.0,1.9128350552036784,6.312993537961425,97.96959539877332,5.0,85.1652901279302,45.787465949113184
24.0,0.0,47.0,0.0,0.8512925569225824,18.573659817121417,35.0,1.662252167283408,4.59439674645256,142.9949819340165,1.0,59.20111338863841,48.08987780726881
41.0,0.0,25.0,1.0,0.7014467622830158,31.980658482717033,27.0,2.2745614167322907,8.030197895679237,238.09259075593968,2.0,30.01461293286585,61.74040905598493
114.0,1.0,46.0,1.0,0.7813580777962683,8.993824796656389,28.0,5.790368122427753,6.934232547566177,188.59725290720414,9.0,64.33905789240904,8.646998539058735
17.0,1.0,11.0,1.0,0.4044994178668947,20.035556306770587,32.0,11.598414273531871,3.7917156513558368,79.68631794089283,3.0,40.085953446527,84.73301884150831
15.0,0.0,21.0,1.0,0.2793562137222615,19.829628870100677,19.0,10.307339683065308,4.0810774154016185,96.1166178890208,3.0,5.976073137063345,66.43421663053505
7.0,0.0,10.0,0.0,0.49574577433055705,38.49003559882965,20.0,9.100070425864377,0.6986145469427676,69.30019565784677,0.0,12.953868757541684,89.0076314023818
6.0,0.0,19.0,1.0,0.6275468560501118,11.250949323696238,25.0,10.992530107393122,5.345311803967107,110.6277719984868,4.0,41.44726702546997,34.63423137095381
12.0,1.0,2.0,1.0,0.17445095797536325,27.03525732365884,19.0,12.802441411509582,0.6371782078578132,53.36592023118109,4.0,16.343979230642077,73.80326139968743
92.0,0.0,49.0,1.0,0.985881421878435,28.64984492787194,40.0,0.020590614998090118,7.25656789375252,246.2022265187424,8.0,66.02904278648121,36.04323416940786
45.0,0.0,43.0,0.0,0.5826558109247287,13.278992247968766,36.0,1.661763492663682,3.422899702181147,104.13357022792349,9.0,61.49916896676581,24.277394178578437
75.0,0.0,49.0,1.0,0.946429093039912,1.639794551235422,35.0,4.288756686283179,6.070905482353478,202.95669291646917,6.0,98.81703505950688,20.6636811367779
87.0,0.0,37.0,0.0,0.8389494085834504,15.045236947147309,30.0,1.536882843688847,6.582600086253315,207.7446011211594,4.0,60.2529230971908,19.366742819131566
44.0,1.0,2.0,1.0,0.03628788520810272,39.40210994004177,18.0,14.244362192027634,6.287773265187444,138.85852727141045,1.0,9.25746676261057,95.86678751766003
46.0,1.0,13.0,0.0,0.0754693945410137,30.012597888275998,26.0,12.805914762867122,2.105888941460749,72.2797403807326,1.0,38.86863587792544,84.79492288490738
26.0,0.0,39.0,0.0,0.3918669268842643,30.253540790145696,29.0,3.276914855982322,2.8484210478513434,80.5083130185714,6.0,16.58459210037269,92.9345936368995
56.0,1.0,25.0,0.0,0.6013749855087067,25.947583236660936,30.0,7.349977566515641,8.340410797835496,174.83425883123104,9.0,70.76121247279991,55.88472265046654
25.0,1.0,1.0,0.0,0.029491724359228755,22.805342020751873,24.0,10.412538942465426,0.8826863702570718,52.807481623090226,0.0,38.78004338206777,91.12564648730921
29.0,0.0,27.0,0.0,0.20409244078523825,27.391997793011285,23.0,3.8991266851760296,2.280467203248821,79.17627119827957,1.0,24.253202949367488,90.63290547502926
81.0,0.0,39.0,0.0,0.3880471799157409,0.6515728898387039,22.0,4.204529869323042,7.7205137521574825,174.86175714336136,10.0,41.19460919032587,14.598813001731898
49.0,0.0,29.0,0.0,0.2863609913755972,8.184748617019459,28.0,5.297265962575519,7.136999960237745,134.54565001196985,10.0,71.51910540590319,24.58689248671507
5.0,0.0,40.0,1.0,0.4760523846928309,28.052065522594276,29.0,4.602531850463725,0.993090023862865,107.51156707771612,4.0,13.625956228203592,86.31571993618826
24.0,1.0,26.0,1.0,0.4345171300840758,33.36413124154314,33.0,4.772194500912279,4.81295565710866,157.01970848034154,2.0,10.292458361531075,95.87012826126582
9.0,0.0,4.0,0.0,0.0788779627258851,6.871850463022941,21.0,12.655813983705347,0.6791657717280124,52.110276477045794,2.0,20.31634962346184,82.17638289957591
4.0,0.0,14.0,1.0,0.4404459041540847,12.817891101560338,21.0,8.89344786971002,1.7422949572073758,68.07710285273926,1.0,49.62242007041892,73.39643270525436
47.0,1.0,13.0,1.0,0.41484134175100934,27.823144383608103,29.0,12.681118882427867,2.8601361575291726,130.21560871346892,3.0,32.138729942305176,65.28430287066891
15.0,0.0,8.0,1.0,0.17738691609139073,37.61009446337156,30.0,4.1559624337771295,1.1963004297767204,54.359016975904666,1.0,6.663633959327278,98.78904406828977
31.0,0.0,29.0,1.0,0.3280595217262562,5.733414482932037,25.0,7.34127630680607,4.418055562838934,151.76866131173233,6.0,35.818229392744776,20.627725627536776
68.0,0.0,11.0,1.0,0.15045151188622063,19.81324705545553,23.0,8.397793913070792,4.480128259346823,124.79015119331974,5.0,68.01971810018577,53.28252177717044
119.0,0.0,36.0,1.0,0.9277738875646374,1.2578895139525983,40.0,0.6224930778663733,5.925078431889693,125.19341329151293,1.0,84.8796154185814,9.72055095492064
27.0,1.0,34.0,1.0,0.5589947634748887,24.123915283279977,34.0,9.131564011599272,2.889866070404939,146.7249226148056,5.0,31.52307614773595,59.764501618017675
50.0,0.0,44.0,1.0,0.9481167504035055,1.8604463430578235,40.0,0.8133247937122405,8.72691606569586,213.1308966094251,6.0,76.88819767452016,51.952229966069225
56.0,0.0,49.0,0.0,0.8581564397288337,3.3731961757562026,30.0,1.9328805415723451,9.460699395833245,276.6685168621803,10.0,86.59122644214749,24.85788348274011
91.0,0.0,45.0,0.0,0.9545916505877454,9.275676603061243,36.0,2.302972523647317,8.408133048901295,258.06929133025045,6.0,56.39786217645168,13.166912412468164
32.0,1.0,28.0,1.0,0.5760535470596968,22.703681337349057,26.0,10.964835892696719,4.22830443599652,192.45815870254222,5.0,14.706171283089134,85.3349339420079
0.0,1.0,14.0,1.0,0.47747072542823443,19.439740771890236,31.0,11.423847209444974,1.4639437985338475,76.54217291958985,0.0,70.97480271148585,60.48840668236705
39.0,0.0,26.0,1.0,0.8248098619421607,18.027596373593706,27.0,9.390572831306553,2.740206466160875,90.12962566219046,0.0,66.25753474776054,44.212139980306844
94.0,1.0,11.0,1.0,0.6905463817160616,26.839989023809384,32.0,5.611432216028018,5.300912014189565,161.66362313562257,3.0,63.59543724922726,35.03402262822967
16.0,0.0,10.0,0.0,0.5528645228097894,18.65676886683977,20.0,6.005740849787792,0.7121765544121601,78.84264284464308,2.0,36.14812105500733,33.34543370048061
10.0,0.0,2.0,1.0,0.05283142737984714,38.32069314003776,25.0,8.726996012770133,2.1187491993539598,59.92433794548313,3.0,11.39035593301756,99.04831236313599
46.0,0.0,9.0,1.0,0.5800018302914245,8.981073991587872,37.0,2.384698810760935,3.056009677785692,93.1751407823426,9.0,39.04649513173985,63.0526520212825
91.0,0.0,50.0,1.0,0.7241918855458372,11.853136964866543,30.0,2.347986752876353,9.295809397539745,281.9714231339585,10.0,93.84791713997103,30.557264986590866
1.0,1.0,10.0,0.0,0.07361545569939182,18.372969800011163,18.0,12.233551526754017,0.35939789926095056,58.909098121553065,2.0,1.9937891837598158,93.18996397748379
4.0,0.0,20.0,0.0,0.30215833049748475,27.49068999182346,32.0,8.934385460473813,4.735362284340753,88.72258839263318,7.0,31.44518623490214,57.593378740993444
22.0,1.0,21.0,1.0,0.2460204732814148,10.301085719005776,23.0,8.093441315509821,4.015624276391023,86.85829896829509,6.0,68.8845093679569,41.429414019613
44.0,1.0,14.0,0.0,0.6121890715631267,38.56033924425748,24.0,11.742776917619636,8.755649293274377,202.21091987885566,1.0,27.81641883203122,91.10821604234198
30.0,0.0,8.0,1.0,0.3848411893204342,8.913908732065316,33.0,6.242785433448377,3.543822496618385,110.69690551997354,3.0,32.093039460747065,79.69935158467335
26.0,1.0,6.0,0.0,0.3883438944389695,29.464719832493124,22.0,9.631968602094405,4.915932555361685,127.60624035325073,1.0,48.3690570277609,72.45974228015697
45.0,0.0,42.0,0.0,0.42071639290996987,0.4936826593347945,33.0,4.910745575382387,4.431573027398047,143.25345367084793,8.0,97.54531762258908,2.193157037076773
84.0,1.0,24.0,0.0,0.39771361955825985,36.45393541401633,32.0,6.3791085186007,8.950918218695556,268.13179175362194,8.0,47.54502050297583,86.04823566846545
61.0,0.0,46.0,1.0,0.7443913087651497,7.155430559682298,39.0,5.45455965920902,9.20776237416889,285.9064514714008,10.0,99.13978710915183,14.98931137300307
23.0,0.0,40.0,1.0,0.6101858901719528,19.022820265630926,30.0,7.088874993530571,6.632495333451049,228.77321785263456,10.0,28.42674669532153,65.7543839920245
12.0,0.0,8.0,0.0,0.06888800308015108,15.799050561482918,26.0,10.125622068459114,3.369063670125954,70.04484314855151,10.0,71.30314731076996,40.88441062888634
72.0,0.0,32.0,1.0,0.3152563829817402,17.852200241347564,23.0,10.403908272873982,6.455491256195421,138.49091735588905,10.0,24.12512123544549,68.08240798596064
36.0,1.0,3.0,1.0,0.023932318542217945,19.93565992065167,24.0,11.758835314168074,0.49407331656474973,55.529341303894086,6.0,25.419554715940368,84.86476038733097
112.0,0.0,22.0,0.0,0.8530362406521854,14.140097745596961,40.0,1.0897480993446989,7.1995979674225135,161.87200301060415,7.0,53.02004244319841,27.58340348235219
41.0,0.0,18.0,1.0,0.7656299586425858,21.844516292386366,36.0,1.4975372558248141,4.93525837245547,101.13405725650556,5.0,60.3236762992088,46.58719172581518
96.0,1.0,30.0,0.0,0.7242300671299369,20.2959165826167,28.0,10.957665952362941,8.012342263262608,174.58828316032046,7.0,85.48646352840376,5.360844033459458
49.0,1.0,1.0,0.0,0.03388063683157988,38.29681564812831,21.0,14.173325271451475,1.8807830707890014,86.65422407057201,0.0,15.304066060815778,60.50285770471661
8.0,1.0,22.0,1.0,0.7014739636912924,25.270973038201134,20.0,13.456645047769511,2.6302761104575505,105.02849055236977,0.0,54.059081257462445,54.92044577890327
109.0,0.0,32.0,0.0,0.8588178479642017,32.186626596865324,37.0,0.5757783184455816,7.204616298033162,141.5977104971998,1.0,27.859157014639155,60.36579323271681
61.0,1.0,42.0,0.0,0.48349375604165606,32.25749403631176,25.0,7.195047838881183,5.741910111028461,184.12686340529916,4.0,14.27684972215873,68.15986578489736
28.0,1.0,7.0,1.0,0.09550480103632819,8.730556802486966,18.0,14.673326199363132,2.307593601864686,88.57221095340059,4.0,8.716294183476677,26.91550009372521
16.0,1.0,2.0,0.0,0.30351609323681095,36.42448694022257,20.0,12.829632356302174,2.8065527796548775,99.7690905283379,3.0,24.299545703936097,78.98286668092541
88.0,0.0,22.0,1.0,0.863158348895273,8.187450216161679,35.0,1.7873240434098703,4.153995607914843,158.3005713302164,2.0,76.10852880339328,37.66039808883408
68.0,1.0,3.0,0.0,0.5595491324244609,25.217076861068662,33.0,7.290795908353347,4.671922473133102,85.24010106219791,6.0,62.93261028910281,35.95534998986888
44.0,0.0,10.0,0.0,0.11273284376814091,10.775357473418905,24.0,11.845574892177822,6.620714821677061,150.50601623894383,10.0,77.5871742318329,28.81221994276651
16.0,1.0,8.0,1.0,0.3652709903281932,24.84461356637928,26.0,9.454782277468814,5.93511276464353,188.70891565784984,8.0,56.64414049533231,32.056083809821956
7.0,1.0,0.0,0.0,0.17042464884367664,18.09594952436059,18.0,14.406677207720133,0.08536336860171012,53.293208676204564,3.0,42.234107564540665,34.980308296502976
25.0,0.0,26.0,0.0,0.19280132906560277,33.61951824537497,29.0,6.091002740559162,2.7015323944609455,114.65005357699036,2.0,7.116262879329291,86.78275211527662
55.0,0.0,47.0,1.0,0.9686235664457252,1.9213470377547495,38.0,1.9381689292992759,5.369008021840726,189.62171740951968,8.0,96.41004871828024,3.985534254684673
83.0,0.0,24.0,0.0,0.6838186080668343,15.822572286179554,31.0,1.6251640856811598,3.1277122803776636,120.6329614839732,1.0,54.25749635902941,31.565111475694323
118.0,0.0,45.0,0.0,0.6935570975151342,7.204849159873909,26.0,1.4740693155760356,6.211816436985321,139.58972808516972,10.0,94.35155670806735,1.6540647621486997
60.0,0.0,12.0,0.0,0.20456931344115242,12.26392924922645,25.0,11.170577919320012,6.905666930809212,168.2225527749346,8.0,72.43076847797019,20.66660396377461
69.0,0.0,39.0,0.0,0.8451311328216855,6.426236098260837,39.0,1.1073573311448301,7.990932641759842,235.30031055539067,3.0,86.96411508538816,48.1309319860577
56.0,0.0,25.0,0.0,0.797621072049258,22.61979188933723,34.0,3.337937367498493,8.067419892851746,226.89520186277838,4.0,78.88184149708799,44.40648959208273
79.0,1.0,4.0,1.0,0.17539597899103754,39.5285457343882,30.0,9.71409382111265,1.5096516975243595,64.68519548166638,0.0,6.354395437600715,90.68416264772736
20.0,1.0,7.0,0.0,0.6012749358256646,28.458269105365854,21.0,12.992475820161069,1.6910942048306916,86.06129214710371,3.0,13.101099320117747,39.36029727983825
19.0,0.0,8.0,0.0,0.21293804781471953,26.348142391818847,28.0,8.869364807968848,1.3523661432013103,53.75924099919515,1.0,28.358775044535037,91.00721317265945
57.0,0.0,21.0,0.0,0.5106080404137666,22.34781733026795,34.0,2.6850154473061085,8.108386149164062,209.85090259917067,8.0,54.37802079010709,32.78931274952333
34.0,1.0,2.0,0.0,0.054028481405017814,11.62767610297397,20.0,14.21389519695912,3.5669488289219293,84.22373517316514,9.0,32.57377386197987,63.76697842218685
77.0,1.0,36.0,0.0,0.5952389704936658,13.116284595017415,30.0,3.2451742645333383,3.1780675987216314,147.8194212571025,3.0,58.974811346598415,27.551835854189832
96.0,0.0,40.0,1.0,0.8419967630908007,22.548193967421227,31.0,4.823932967617871,8.53465778953558,258.31510523044625,4.0,78.75845705833473,37.43464709116915
32.0,0.0,47.0,0.0,0.7345643733795729,28.719898970757484,33.0,7.6702298656277215,3.3732666392848616,154.24825054648431,6.0,36.32941062762238,42.23960554819486
87.0,1.0,24.0,1.0,0.7364438840602504,22.951729414532437,27.0,2.9207628803402383,4.435670126407864,162.83291672897118,0.0,19.701196602774896,93.7880979751865
65.0,0.0,34.0,1.0,0.903325905868122,25.539136557125815,39.0,2.887672550720383,5.247887378365418,160.60356411213095,4.0,38.12051384243245,37.687809830483324
18.0,0.0,6.0,1.0,0.6480239488365972,13.952309438747772,31.0,10.538133707649674,1.7357250211421968,81.51017646881891,6.0,19.449899347240425,60.89879393612304
20.0,1.0,27.0,0.0,0.2298672333040026,38.13869282103576,23.0,7.59143073234038,4.189047369735358,137.33790551436138,8.0,40.61823515668131,59.47617286304748
30.0,1.0,1.0,0.0,0.005540726280298669,37.945656962916814,22.0,14.304037133730652,0.6029603141877828,60.07436638573971,0.0,4.363375906619183,88.99695618004426
24.0,0.0,16.0,1.0,0.4866594228636748,34.491952644898475,28.0,5.285519919904077,4.98105700913613,128.43503217931345,8.0,31.524003835227056,75.53285165683889
61.0,0.0,22.0,1.0,0.5781249126782413,11.694198190313545,35.0,7.743117191489375,2.3881328051879605,110.29867077282165,3.0,91.37649435696898,13.627892267996963
106.0,0.0,36.0,1.0,0.514058281083197,6.875614988520111,33.0,1.5589807042922663,5.741052875447438,186.16834800632589,9.0,87.94859140730264,33.960994869491756
21.0,0.0,14.0,0.0,0.6621979752203422,19.02051603344158,38.0,9.037600403955826,1.3709274227155048,56.16932615461544,0.0,78.36153073530328,34.53795828694909
41.0,1.0,28.0,0.0,0.2518180204684415,31.64523360168868,25.0,13.191782836066587,5.344223726253144,153.56963714533208,6.0,35.01995999784866,79.13254898757974
30.0,0.0,47.0,0.0,0.858347396095855,22.281779007938113,34.0,6.283123935938558,7.976977268881068,213.0992455435728,7.0,32.08582978255997,46.529991445816705
43.0,0.0,39.0,1.0,0.8738418373455414,5.927067428376706,40.0,3.3322975529073013,7.252764833914309,204.68878378468995,4.0,99.63832774694309,7.909389182116286
0.0,1.0,4.0,0.0,0.22218405424987647,33.87700369414177,25.0,13.281641441811182,3.1447572271201136,77.48808578339579,7.0,47.3904100177764,67.62836999065325
3.0,0.0,6.0,1.0,0.6251329491138423,39.09498796984246,35.0,5.004439044352504,1.5065983024965823,76.93312319345476,0.0,2.278224854533825,99.29942400917437
17.0,0.0,4.0,0.0,0.1867458679255143,8.12952980423219,30.0,12.954687105601902,0.4321860713736987,51.032752465678136,6.0,67.81888925860895,18.834188041478455
109.0,0.0,50.0,0.0,0.9939008468099544,26.944637206783142,37.0,0.03682028447026919,9.948508952828046,295.92371725445275,4.0,93.94084851816011,17.231056380066505
85.0,1.0,40.0,0.0,0.7120721382514346,1.2930079244715351,24.0,12.189531768470513,4.671599696055105,217.260976106797,10.0,47.71330389825829,9.493398998540755
48.0,1.0,16.0,1.0,0.600518465417536,26.15871341784981,33.0,8.878622056434068,2.6913557828387096,114.49145514437384,0.0,67.60029569940131,56.76184973040795
17.0,0.0,32.0,1.0,0.20846835668595975,28.01500063152536,23.0,6.3860060454902285,3.747262262365722,127.36313352868945,5.0,22.41556654467421,71.26747876389638
41.0,0.0,48.0,1.0,0.5938604999046818,14.74719750803918,27.0,9.217402789987272,9.01549581860576,281.4563626574543,7.0,50.84179771573338,29.224686759087053
5.0,1.0,19.0,1.0,0.11705365909211662,31.06194205701697,27.0,12.8802291926519,4.287534158741956,123.27366324148122,1.0,26.507081164273956,94.40615967880407
27.0,0.0,17.0,0.0,0.15877910064933592,22.720247863805195,30.0,12.642337845074902,4.381035281969328,99.33013178252052,5.0,71.9234043476702,28.12807916999029
19.0,0.0,40.0,1.0,0.6758360657316865,18.34800496067001,24.0,2.1235670503286848,4.254699920875404,114.591349014451,8.0,76.42332077879576,45.95600511609386
7.0,0.0,25.0,1.0,0.2506617188859024,15.594045056279732,29.0,5.75382294393824,0.3178051426733379,52.04234722108262,6.0,28.711595358115076,89.6747254614616
36.0,0.0,41.0,1.0,0.5346782434863323,20.927520247527518,36.0,6.363049677110279,8.260465041114756,235.8075278971827,10.0,90.88642946631737,39.70052839458613
7.0,0.0,21.0,1.0,0.2005128041274314,7.868100320575353,25.0,12.85587554112263,2.5058908570585507,112.6745425086903,8.0,54.109660213847825,22.087779268702402
82.0,0.0,19.0,1.0,0.6306790466962534,34.09111686691051,24.0,7.162760226363226,5.141396441971235,88.58668156744237,2.0,9.14442513979867,72.82962754313219
5.0,0.0,10.0,0.0,0.13639863570207456,26.133322442238004,24.0,13.483387363947866,0.35974449908214545,58.04408117530331,5.0,7.930221127393757,51.6116607995765
28.0,0.0,19.0,1.0,0.5262515254249046,29.78522643067594,32.0,8.023795504017171,1.776747164726689,87.62403760271287,0.0,11.391766501763364,94.7070886197595
37.0,0.0,45.0,0.0,0.8338186818609495,28.95232862677951,39.0,2.0964279447110643,8.873413333950754,274.3828247112173,5.0,54.292547588963245,41.91314299672763
23.0,0.0,40.0,1.0,0.7217601125061109,34.42830833010219,40.0,2.294569851541027,1.8811670069068755,97.33756830588241,0.0,58.01218056623578,71.10371821966442
24.0,0.0,34.0,0.0,0.5847056043439691,1.8351223416868407,30.0,2.728843476566636,2.187867961600106,73.73606266496843,8.0,50.171850057316966,21.67679983646623
34.0,0.0,29.0,0.0,0.2080555790548863,23.297389325822678,23.0,8.813478716250607,2.664010055962801,86.97301767681591,4.0,38.698785263000765,46.315613147186326
12.0,0.0,14.0,0.0,0.09857756790171851,26.26216437429295,19.0,9.494053879333967,2.145191847395658,81.39917817359675,2.0,16.395576111808033,81.2242631955595
38.0,0.0,46.0,0.0,0.9098433524082745,1.143955548932432,39.0,1.941029130692855,9.146215363778133,288.0281671987099,10.0,98.87325322636113,14.851519644663298
46.0,0.0,28.0,0.0,0.7589791909283463,31.285885216820603,33.0,5.710276012348874,4.043627280942605,87.18023471109855,4.0,67.9486806221448,50.08431699789468
62.0,1.0,5.0,0.0,0.19155812145948886,36.12105629117632,22.0,10.324332259664853,3.819085539910461,92.07688993934197,7.0,38.32932958844569,57.399372041960035
54.0,0.0,9.0,0.0,0.11188804686451309,24.660209227616484,32.0,9.091990201706906,1.6891327745805134,58.227607152651544,9.0,72.41924901538525,34.93419339200771
21.0,1.0,27.0,1.0,0.6119063812504166,27.852977961953123,33.0,8.907250073291191,7.282365791771051,243.84844729988845,4.0,59.43571598885646,42.68078553768548
52.0,0.0,19.0,1.0,0.5895900297526718,19.350493230467325,27.0,9.09649026545629,6.043113890076689,146.05240005136667,5.0,71.77273208835024,22.60853380917091
1.0,1.0,0.0,0.0,0.01543636070173976,13.85250921842764,18.0,14.97200824015384,0.17875156186852692,54.234316709097875,2.0,17.224953006543977,50.10696379234157
12.0,1.0,16.0,0.0,0.5652678322234823,31.97822973800997,33.0,9.19597083497149,3.3860120657713058,120.88844098164154,1.0,34.08653165734642,78.78104559367694
106.0,0.0,38.0,1.0,0.8915474346382863,5.837834934074097,36.0,4.779497004482456,9.560653176274208,263.9348219327198,10.0,95.5238406313488,1.5874780415187928
92.0,0.0,48.0,1.0,0.7588343964103711,5.950882999945355,39.0,3.6079915383976853,8.127407549938017,252.79534512329911,10.0,95.31998663603082,6.75884252307349
3.0,0.0,14.0,0.0,0.5332482822590412,4.623481660721087,22.0,12.797263242690843,0.4293577185402606,78.58629772266825,8.0,62.81252435704055,20.00955775582325
79.0,0.0,15.0,1.0,0.541676022598895,24.332784187289434,26.0,9.974188721199488,2.747135834993219,81.41458607051803,0.0,44.56461353649478,61.70519748368238
4.0,0.0,21.0,0.0,0.2572508751927389,7.08416566236572,21.0,8.483943092895068,0.8316514317866126,57.83990319046595,5.0,61.656938520559464,19.851347192858288
12.0,1.0,0.0,0.0,0.030345417954082243,38.986741717421474,18.0,12.905905319992737,0.2076088540465415,55.49735689928099,3.0,6.486554314745511,98.53661996039612
69.0,1.0,39.0,0.0,0.7923926780392223,22.811817300972532,27.0,7.739965376262399,8.394690136787949,261.3006876171895,4.0,34.39271272497129,59.102628994394095
77.0,1.0,10.0,0.0,0.37855082228479864,33.445529883041424,25.0,8.768944019870181,7.090268812187746,176.08020723651728,6.0,55.210982537189764,70.26243757250651
34.0,0.0,47.0,1.0,0.7809819692508022,23.19816982262668,30.0,1.0211951990399246,8.270446328438595,257.0263608062676,7.0,70.14707733330017,64.38344750340434
1.0,0.0,22.0,1.0,0.30957450544936244,4.915369327049003,26.0,7.940540329422152,3.6812937570621327,106.26385440351375,2.0,71.45909775758618,37.92907751087669
7.0,1.0,7.0,0.0,0.3777075720034002,34.402677503119,24.0,9.369736181456329,1.7007690146103145,79.98288915428301,0.0,46.3535745654222,81.67296182705556
45.0,1.0,6.0,1.0,0.19590040940405823,30.563780332818908,19.0,13.492602010711977,2.896675164882119,75.42017779108164,4.0,41.53014689940209,79.07428781500252
85.0,0.0,23.0,1.0,0.41569675296573116,15.63427132660583,24.0,7.243386496913523,3.129304308135705,109.3901747243557,1.0,19.912063343068137,84.9830048113835
26.0,1.0,6.0,0.0,0.21915176979574363,36.085872497234,30.0,13.220546652757204,5.137516003073852,120.64742968488473,0.0,55.50719893840252,64.12238527658789
91.0,0.0,18.0,1.0,0.2960127822337839,17.479164772508348,20.0,8.159381048612277,7.087062751553579,109.73922567236276,6.0,65.05851973529244,39.91278155232507
67.0,0.0,46.0,1.0,0.7723557045716314,25.92966787961206,35.0,5.360274752932588,4.654926427765297,137.8352909612623,7.0,57.87991379578153,35.357799949460244
55.0,0.0,31.0,1.0,0.7386981576307391,13.915157777589595,39.0,3.4589866772568483,6.707747961427124,175.08226556788924,8.0,93.81901340866781,34.77701166023658
32.0,0.0,13.0,0.0,0.6576619464576472,5.37433025278521,22.0,8.253348617288772,6.689048896046017,193.03502440086754,5.0,53.91891159737629,20.95717962321459
20.0,0.0,31.0,1.0,0.8611596957164562,27.63953885216589,38.0,3.3111852361774443,6.7294185762923835,216.96661209125872,7.0,70.04121697535145,59.873375605825025
85.0,0.0,30.0,0.0,0.6813703076145663,2.874944093125478,38.0,4.9668444824628555,7.126807220915561,150.99893432262206,5.0,62.98579470258521,8.4577965766413
91.0,0.0,31.0,1.0,0.5179182908710847,8.92433065834225,38.0,2.7582026644583406,4.435308293573719,93.7725910245206,10.0,93.68959688956754,43.64192393304798
23.0,0.0,15.0,0.0,0.23464766305279428,32.95167919510288,28.0,3.373631780893648,6.7428271050999795,149.4867168121722,5.0,4.82110597088532,94.13159465106614
26.0,1.0,24.0,1.0,0.1212630329578781,19.08862811461461,20.0,13.566810858909474,5.938504282677732,131.62749767532227,7.0,35.60678495609677,35.17863496029515
10.0,1.0,0.0,1.0,0.03575031655776423,21.97884799420422,18.0,13.826001861566358,2.866466686158918,89.11688517726373,3.0,5.006021915926944,72.16452071808288
80.0,0.0,33.0,1.0,0.44173711330228016,3.341204762188781,32.0,6.778791493202869,7.950330880527325,184.48102320230282,10.0,62.58263702606108,44.465566702076735
88.0,0.0,44.0,1.0,0.8343681943618383,23.025016702421645,39.0,1.3327173308311755,7.50104054037064,251.40924468010783,10.0,51.69168539563864,28.947757589548747
22.0,0.0,5.0,1.0,0.45218422181380774,23.64030133977493,28.0,9.922185233895933,0.84607928389058,67.55865358192118,2.0,35.51372864559966,57.958552920641104
