player_age,player_weight,player_height,player_position,player_foot,distance_run,years_in_team,goals_scored,fouls_committed,is_captain,passes_completed,assists_made,penalties_scored
27.28888888888889,58.96799116997793,167.2340425531915,Goalkeeper,Right,4.038047085996962,12.83213182286303,28.875263460433036,6.296296296296298,0,67.81524926686218,9.0,0.0
26.115555555555556,70.44701986754967,183.19148936170214,Defender,Left,5.234429702916277,15.653964984552008,27.399885035447408,3.4567901234567886,0,242.3020527859238,0.0,0.002359225391784276
32.52,56.34657836644592,183.19148936170214,Defender,Left,5.234429702916277,11.987641606591144,34.719294884077414,3.4567901234567886,0,242.3020527859238,0.0,0.0023569774400055386
31.884444444444444,53.33885209713024,188.93617021276594,Midfielder,Both,6.728168847584319,8.836251287332647,32.92776393945201,3.004115226337449,0,63.04985337243403,0.0,0.0029279571918046877
33.25333333333333,59.93377483443709,188.93617021276594,Midfielder,Both,6.728168847584319,10.566426364572607,34.35524046752252,3.004115226337449,0,63.04985337243403,0.0,0.0070507007540079845
29.586666666666666,59.602649006622514,188.93617021276594,Midfielder,Both,6.728168847584319,11.493305870236872,27.486108449894616,3.004115226337449,0,63.04985337243403,0.0,0.00264471526768385
26.751111111111108,79.52538631346579,166.59574468085106,Forward,,6.043839627531396,13.120494335736355,23.481509867790766,5.720164609053499,0,271.62756598240475,6.25,0.00921323036515279
28.804444444444446,98.06843267108167,166.59574468085106,Forward,,6.575807727632333,19.196704428424304,25.014370569074533,5.720164609053499,0,271.62756598240475,6.25,0.015536718718739422
23.62222222222222,127.81456953642383,166.59574468085106,Forward,,6.7553128608971615,20.0,19.83138532285879,5.720164609053499,0,271.62756598240475,6.25,0.023032513924937294
24.795555555555556,92.41169977924946,166.59574468085106,Forward,,7.45096345333685,17.095777548918644,23.404866832726576,5.720164609053499,0,271.62756598240475,6.25,0.018401733260739475
22.88888888888889,101.65562913907284,166.59574468085106,Forward,,7.116232756504106,18.8259526261586,26.978348342594366,5.720164609053499,0,271.62756598240475,6.25,0.024566741013925163
24.795555555555556,81.84326710816777,166.59574468085106,Forward,,6.952550264165356,16.4778578784758,23.4527687296417,5.720164609053499,0,271.62756598240475,6.25,0.012492992010329789
26.164444444444445,88.57615894039735,166.59574468085106,Forward,,5.894342951195337,7.435633367662204,22.303123203678872,5.720164609053499,0,271.62756598240475,6.25,0.009830293128416042
25.528888888888886,68.0187637969095,203.61702127659575,,,4.88032991115678,12.131822863027805,22.87794596666028,6.296296296296298,0,281.52492668621704,0.0,0.07007315284678366
24.453333333333333,73.53752759381898,203.61702127659575,,,4.545326410170139,16.807415036045313,24.286261735964747,6.296296296296298,0,281.52492668621704,0.0,0.07099481307606573
25.284444444444443,68.59823399558499,203.61702127659575,,,4.595385972410407,11.040164778578784,21.776202337612567,6.296296296296298,0,281.52492668621704,0.0,0.06980677056100335
26.84888888888889,63.38300220750552,203.61702127659575,,,4.595385972410407,5.4376930998970145,22.74382065529795,6.296296296296298,0,281.52492668621704,0.0,0.11774883814612315
24.11111111111111,85.7064017660044,203.61702127659575,,,4.267066173194264,16.23069001029866,23.27074152136425,6.296296296296298,0,281.52492668621704,0.0,0.08743183648218925
25.43111111111111,77.48344370860927,203.61702127659575,,,3.63770699015177,6.941297631307931,18.154818930829666,6.296296296296298,0,281.52492668621704,0.0,0.08951231585341017
24.453333333333333,76.35209713024281,203.61702127659575,,,3.63770699015177,13.717816683831101,20.751101743629054,6.296296296296298,0,281.52492668621704,0.0,0.08086781728827779
22.204444444444444,103.22847682119205,203.61702127659575,,,3.6396166192290553,19.608650875386196,19.246982180494353,6.296296296296298,0,281.52492668621704,0.0,0.13998782509316635
25.137777777777778,83.38852097130243,203.61702127659575,,,3.9320626722076217,17.775489186405768,23.03123203678866,6.296296296296298,0,281.52492668621704,0.0,0.0950568889156645
22.986666666666665,96.88189845474614,203.61702127659575,,,3.883776336967691,18.290422245108136,24.726959187583837,6.296296296296298,0,281.52492668621704,0.0,0.1378163036749066
22.644444444444446,100.08278145695364,203.61702127659575,,,4.045139993998308,20.0,21.575014370569075,6.296296296296298,0,281.52492668621704,0.0,0.11038679607076012
23.182222222222222,90.20419426048565,203.61702127659575,,,4.460347916230939,18.78475798146241,22.638436482084696,6.296296296296298,0,281.52492668621704,0.0,0.0836170623136729
22.35111111111111,90.78366445916114,203.61702127659575,,,4.535369058552865,17.05458290422245,19.524813182602035,6.296296296296298,0,281.52492668621704,0.0,0.09376431664289081
23.671111111111113,86.09271523178808,203.61702127659575,,,4.8455473815347965,18.00205973223481,21.575014370569075,6.296296296296298,0,281.52492668621704,0.0,0.07481071122047146
22.79111111111111,92.9083885209713,203.61702127659575,,,4.533732233629478,17.693099897013386,23.81682314619659,6.296296296296298,0,281.52492668621704,0.0,0.10671589081608292
24.551111111111112,80.54635761589404,203.61702127659575,,,4.535505460629813,18.846549948506695,28.108833109791153,6.296296296296298,0,281.52492668621704,0.0,0.08617185951020727
25.822222222222223,78.28366445916114,203.61702127659575,,,4.24128618065091,17.384140061791967,29.823721019352373,6.296296296296298,0,281.52492668621704,0.0,0.11196261026765464
21.764444444444443,107.58830022075055,203.61702127659575,,,4.233102056033973,18.78475798146241,20.61697643226672,6.296296296296298,0,281.52492668621704,0.0,0.12638996478358744
22.644444444444446,81.20860927152317,203.61702127659575,,,4.153988851403577,20.0,24.056332630772182,6.296296296296298,0,281.52492668621704,0.0,0.1515569089224353
22.00888888888889,121.6887417218543,203.61702127659575,,,3.9016450090480053,16.292481977342945,22.88752634604331,6.296296296296298,0,281.52492668621704,0.0,0.15529637670636398
21.96,95.86092715231788,203.61702127659575,,,3.625021596995517,18.970133882595263,20.502011879670434,6.296296296296298,0,281.52492668621704,0.0,0.12874019836825676
22.155555555555555,101.35209713024283,203.61702127659575,,,3.5876474279115023,19.361483007209063,24.286261735964747,6.296296296296298,0,281.52492668621704,0.0,0.18056672662703374
24.795555555555556,71.93708609271522,192.12765957446808,,,3.042721130500414,13.450051493305871,22.724659896531904,4.6913580246913575,0,201.61290322580646,0.0,0.006502200519996206
25.333333333333332,76.71081677704194,192.12765957446808,,,3.0667278960434303,12.04943357363543,21.84326499329374,4.6913580246913575,0,201.61290322580646,0.0,0.010241668303924877
25.822222222222223,69.4260485651214,192.12765957446808,,,3.8255326501104863,7.950566426364574,21.929488407740948,4.6913580246913575,0,201.61290322580646,0.0,0.008297190015317542
27.63111111111111,73.17880794701986,192.12765957446808,,,3.706999245241841,5.623069001029867,23.040812416171686,4.6913580246913575,0,201.61290322580646,0.0,0.01896484518131305
30.613333333333333,57.14679911699779,186.38297872340425,,Both,5.826414716874755,3.892893923789908,29.066871048093507,1.7695473251028802,0,91.27565982404694,37.5,0.0023951926202440644
32.617777777777775,50.68984547461368,186.38297872340425,,Both,5.826414716874755,2.6570545829042223,33.17685380341062,1.7695473251028802,0,91.27565982404694,37.5,0.003065082250307632
28.560000000000002,58.58167770419426,183.82978723404256,,Both,6.262628558957525,0.0,30.74343744012263,2.5925925925925926,0,236.4369501466276,0.0,0.013613595972030084
27.924444444444447,61.258278145695364,183.82978723404256,,Both,6.262628558957525,0.7621009268795056,24.985629430925464,2.5925925925925926,0,236.4369501466276,0.0,0.015193906072482057
27.63111111111111,65.7560706401766,183.82978723404256,,Both,6.262628558957525,0.741503604531411,25.38800536501246,2.5925925925925926,0,236.4369501466276,0.0,0.017201327010894024
25.92,71.57836644591612,183.82978723404256,,Both,6.262628558957525,7.641606591143152,24.02759149262311,2.5925925925925926,0,236.4369501466276,0.0,0.013079707424580093
24.99111111111111,73.39955849889625,183.82978723404256,,Both,5.416253671489237,6.3645726055612775,20.319984671392994,2.5925925925925926,0,236.4369501466276,0.0,0.018556841933472314
25.333333333333332,84.27152317880794,183.82978723404256,,Both,5.416253671489237,6.261585993820803,21.31634412722744,2.5925925925925926,0,236.4369501466276,0.0,0.02046085709006239
23.671111111111113,97.10264900662251,183.82978723404256,,Both,6.219661904718603,17.01338825952626,23.653956696685192,2.5925925925925926,0,236.4369501466276,0.0,0.025059042453468523
22.595555555555556,130.242825607064,183.82978723404256,,Both,6.466004055688422,19.031925849639546,17.60873730599732,2.5925925925925926,0,236.4369501466276,0.0,0.02782402314131479
25.04,89.92825607064017,183.82978723404256,,Both,6.762951377206303,12.173017507723998,19.553554320751108,2.5925925925925926,0,236.4369501466276,0.0,0.023991265358568537
25.186666666666667,82.33995584988962,176.8085106382979,,,7.754594476625232,8.815653964984554,23.012071278022614,2.2222222222222223,0,189.88269794721407,10.5,0.009262685304285
25.577777777777776,71.24724061810154,176.8085106382979,,,7.754594476625232,12.378990731204944,24.468288944242197,2.2222222222222223,0,189.88269794721407,10.5,0.004164330670109929
27.77777777777778,59.79580573951435,176.8085106382979,,,7.754594476625232,3.748712667353245,28.26211917991953,2.2222222222222223,0,189.88269794721407,10.5,0.0053141580049338045
26.995555555555555,68.4878587196468,176.8085106382979,,,7.754594476625232,3.8105046343975286,23.34738455642844,2.2222222222222223,0,189.88269794721407,10.5,0.004888171142863181
24.795555555555556,86.06512141280353,204.25531914893617,,Both,8.44342496521747,9.207003089598354,22.293542824295844,1.0288065843621386,0,129.76539589442817,37.5,0.0008182544474601964
32.86222222222222,58.498896247240616,183.82978723404256,,,10.321545162727679,3.913491246138002,35.332439164590916,0.7407407407407414,0,27.859237536656895,45.0,0.000763179628881145
27.63111111111111,61.147902869757175,180.0,,Left,10.991279360547063,6.7559217301750785,27.035830618892508,1.0288065843621386,0,10.263929618768328,42.5,0.001599417690571236
31.004444444444445,56.12582781456953,165.95744680851064,,,9.81440224063145,7.744593202883626,31.184134891741717,1.0699588477366242,0,31.524926686217015,50.0,0.0008991807114947215
26.946666666666665,64.15562913907284,195.31914893617022,,,9.118751648191763,5.417095777548919,24.7557003257329,2.7983539094650207,0,171.1876832844575,12.5,0.016649454849214138
25.137777777777778,70.66777041942605,195.31914893617022,,,7.91459411288636,9.124613800205974,22.667177620233762,2.7983539094650207,0,171.1876832844575,12.5,0.010898070223316025
24.697777777777777,81.5121412803532,195.31914893617022,,,8.314797806654601,13.038105046343977,20.885227054991375,2.7983539094650207,0,171.1876832844575,12.5,0.016072855217968147
23.377777777777776,85.07174392935983,195.31914893617022,,,7.759777755549292,18.64057672502575,23.040812416171686,2.7983539094650207,0,171.1876832844575,12.5,0.018589437234264
26.40888888888889,63.79690949227373,195.31914893617022,,,8.314934208731552,13.36766220391349,27.73519831385324,2.7983539094650207,0,171.1876832844575,12.5,0.011683729369984538
27.77777777777778,71.44039735099338,195.31914893617022,,,9.345315498003984,8.341915550978374,30.66679440505844,2.7983539094650207,0,171.1876832844575,12.5,0.013507942238429455
31.68888888888889,67.439293598234,188.29787234042556,,Both,11.039429293710045,11.65808444902163,33.943284154052506,1.2798353909465026,0,33.724340175953074,8.75,0.0014825241980769223
27.044444444444444,58.11258278145695,172.3404255319149,,,7.477425456264948,3.0690010298661177,26.144855336271323,0.5349794238683132,0,106.67155425219943,40.0,0.0033179768254155226
25.04,73.48233995584988,172.3404255319149,,,7.477425456264948,5.808444902162719,21.325924506610463,0.5349794238683132,0,106.67155425219943,40.0,0.004211537657463403
26.31111111111111,67.57726269315673,190.2127659574468,,,7.32260909892788,3.8105046343975286,22.19773903046561,0.9876543209876529,0,205.64516129032262,6.25,0.005796343661472849
24.06222222222222,81.34657836644591,190.2127659574468,,,7.32260909892788,6.98249227600412,19.476911285686917,0.9876543209876529,0,205.64516129032262,6.25,0.01452401644241849
25.773333333333333,69.4812362030905,190.2127659574468,,,7.32260909892788,6.1997940267765195,22.264801686146775,0.9876543209876529,0,205.64516129032262,6.25,0.013694522236064608
27.386666666666667,63.769315673289185,192.12765957446808,,,5.671189153306841,0.7621009268795056,27.36156351791531,1.1522633744855955,0,379.3988269794721,0.0,0.009209858437484685
26.164444444444445,72.48896247240619,192.12765957446808,,,5.671189153306841,3.0072090628218335,22.99291051925657,1.1522633744855955,0,379.3988269794721,0.0,0.017133888457531922
26.702222222222222,60.458057395143484,192.12765957446808,,,5.671189153306841,1.0092687950566428,23.98926997509102,1.1522633744855955,0,379.3988269794721,0.0,0.009589762288091205
26.995555555555555,66.03200883002208,192.12765957446808,,,5.671189153306841,0.6797116374871268,25.713738264035264,1.1522633744855955,0,379.3988269794721,0.0,0.021251012140288374
27.337777777777777,63.93487858719647,188.93617021276594,,,4.25833644026953,0.6385169927909372,25.981988886759915,2.1399176954732506,0,453.4457478005865,0.0,0.008164560860372072
26.017777777777777,69.89514348785872,188.93617021276594,,,4.600842055488365,8.671472708547888,26.10653381873922,2.1399176954732506,0,453.4457478005865,0.0,0.00998090589759141
25.333333333333332,78.2560706401766,188.93617021276594,,,3.986487100910257,14.74768280123584,26.03947116305806,2.1399176954732506,0,453.4457478005865,0.0,0.010701374442676553
25.724444444444444,73.56512141280353,188.93617021276594,,,4.038729096381707,8.836251287332647,24.70779842881778,2.1399176954732506,0,453.4457478005865,0.0,0.009076105306649844
25.92,79.27704194260485,188.93617021276594,,,5.298538679082287,10.463439752832134,25.589193332055952,2.1399176954732506,0,453.4457478005865,0.0,0.0056356151092931675
25.48,70.33664459161147,188.93617021276594,,,4.600842055488365,6.941297631307931,22.159417512933512,2.1399176954732506,0,453.4457478005865,0.0,0.008716433022051957
29.244444444444444,59.8233995584989,190.85106382978722,,,5.825869108566959,6.302780638516994,30.33148112665262,1.6872427983539087,0,161.29032258064518,12.5,0.003912560070891407
27.240000000000002,65.14900662251655,190.85106382978722,,,5.825869108566959,13.903192584963955,29.296800153286075,1.6872427983539087,0,161.29032258064518,12.5,0.00430482765628098
27.68,63.769315673289185,190.85106382978722,,,5.825869108566959,6.035015447991762,26.259819888867597,1.6872427983539087,0,161.29032258064518,12.5,0.003402275017118152
26.751111111111108,65.94922737306842,190.85106382978722,,,5.825869108566959,9.021627188465501,24.96646867215942,1.6872427983539087,0,161.29032258064518,12.5,0.0032808856210663657
27.240000000000002,71.77152317880794,187.6595744680851,,Both,4.978403004483082,9.289392378990732,27.093312895190657,2.6337448559670786,0,147.72727272727278,0.0,0.004975841262233916
28.560000000000002,63.24503311258278,187.6595744680851,,Both,4.512317107548491,10.957775489186407,29.40218432649933,2.6337448559670786,0,147.72727272727278,0.0,0.0057356489634469545
26.555555555555557,80.71192052980132,187.6595744680851,,Both,4.49799488946885,8.692070030895984,23.510251005939836,2.6337448559670786,0,147.72727272727278,0.0,0.00512083415196244
26.40888888888889,68.51545253863134,187.6595744680851,,Both,3.571006374523729,11.10195674562307,24.525771220540342,2.6337448559670786,0,147.72727272727278,0.0,0.007327198822792612
27.093333333333334,60.40286975717439,183.19148936170214,,Left,3.126472005747074,17.17816683831102,33.01398735389922,4.279835390946501,0,108.13782991202348,0.0,0.005651350771744324
29.586666666666666,60.95474613686534,183.19148936170214,,Left,3.116651056206749,12.399588053553039,33.703774669476914,4.279835390946501,0,108.13782991202348,0.0,0.005248967403350437
26.604444444444447,69.5364238410596,183.19148936170214,,Left,2.677163564277205,13.01750772399588,27.36156351791531,4.279835390946501,0,108.13782991202348,0.0,0.004554350303720764
26.31111111111111,67.8532008830022,183.19148936170214,,Left,2.676890760123307,14.624098867147273,27.24659896531903,4.279835390946501,0,108.13782991202348,0.0,0.0037091204349157265
26.751111111111108,67.74282560706402,185.74468085106383,,,3.4595658776564306,10.442842430484038,27.601073002490907,3.2510288065843627,0,534.457478005865,14.000000000000002,0.004013717900934563
27.77777777777778,62.36203090507726,185.74468085106383,,,3.4595658776564306,5.355303810504635,25.38800536501246,3.2510288065843627,0,534.457478005865,14.000000000000002,0.0025210779198533255
25.626666666666665,74.44812362030905,185.74468085106383,,,3.390137220489411,15.32440782698249,25.75205978156735,3.2510288065843627,0,534.457478005865,14.000000000000002,0.004115999706867088
29.44,63.57615894039735,184.46808510638297,,Left,3.2267275323045586,11.307929969104016,29.354282429584217,2.4691358024691357,0,89.07624633431087,0.0,0.013006648991771147
26.017777777777777,76.5176600441501,184.46808510638297,,Left,3.2267275323045586,13.738414006179196,24.92814715462733,2.4691358024691357,0,89.07624633431087,0.0,0.012219865869213267
34.47555555555556,56.84326710816777,184.46808510638297,,Left,3.2267275323045586,15.05664263645726,43.188350258670255,2.4691358024691357,0,89.07624633431087,0.0,0.012870647909157571
36.968888888888884,55.07726269315673,184.46808510638297,,Left,3.2267275323045586,7.003089598352215,40.80283579229738,2.4691358024691357,0,89.07624633431087,0.0,0.008491637844178276
31.78666666666667,62.30684326710817,184.46808510638297,,Left,3.2267275323045586,12.27600411946447,36.93236252155586,2.4691358024691357,0,89.07624633431087,0.0,0.007000121838986406
29.0,71.21964679911699,202.9787234042553,,,2.2481790322727315,15.859938208032958,30.33148112665262,5.555555555555555,0,296.9208211143695,0.0,0.015998672809269834
28.511111111111113,66.39072847682118,202.9787234042553,,,2.354981858523766,14.088568486096806,30.848821613335893,5.555555555555555,0,296.9208211143695,0.0,0.012138939605178742
24.64888888888889,74.55849889624724,202.9787234042553,,,2.162109321717939,16.992790937178167,27.24659896531903,5.555555555555555,0,296.9208211143695,0.0,0.02500171968311073
24.99111111111111,82.31236203090506,202.9787234042553,,,2.162109321717939,17.404737384140063,24.67905729066871,5.555555555555555,0,296.9208211143695,0.0,0.023074101032843925
25.382222222222225,79.24944812362031,202.9787234042553,,,1.7614964217188478,17.940267765190526,24.96646867215942,5.555555555555555,0,296.9208211143695,0.0,0.014980350653502061
25.08888888888889,90.67328918322295,202.9787234042553,,,1.3330574980221699,19.320288362512873,21.939068787123972,5.555555555555555,0,296.9208211143695,0.0,0.014195815482722916
25.08888888888889,96.71633554083886,202.9787234042553,,,1.4750520601260355,18.331616889804327,21.795363096378622,5.555555555555555,0,296.9208211143695,0.0,0.01853211446390621
25.528888888888886,84.10596026490066,202.9787234042553,,,1.3541998199492584,16.95159629248198,24.583253496838473,5.555555555555555,0,296.9208211143695,0.0,0.014032838978764499
25.235555555555557,79.08388520971303,202.9787234042553,,,1.777728268875774,19.40267765190525,27.907645142747654,5.555555555555555,0,296.9208211143695,0.0,0.01367878657361345
25.04,88.13465783664459,202.9787234042553,,,1.9307713992125055,18.187435633367663,25.560452193906887,5.555555555555555,0,296.9208211143695,0.0,0.02892102360933835
26.164444444444445,81.09823399558499,202.9787234042553,,,2.2481790322727315,10.607621009268795,25.234719294884083,5.555555555555555,0,296.9208211143695,0.0,0.01142071901187233
26.702222222222222,73.2615894039735,183.19148936170214,,,2.111367749092927,16.210092687950567,30.216516574056335,6.666666666666669,0,350.0733137829912,0.0,0.010623820106310133
24.746666666666666,89.95584988962472,183.19148936170214,,,1.6692886177013526,18.537590113285273,22.533052308871437,6.666666666666669,0,350.0733137829912,0.0,0.013147145977942195
24.697777777777777,92.38410596026489,183.19148936170214,,,1.9347270594440253,19.052523171987644,24.24794021843265,6.666666666666669,0,350.0733137829912,0.0,0.024255399692570116
24.6,74.06181015452538,183.19148936170214,,,1.5371150051378117,16.74562306900103,25.799961678482468,6.666666666666669,0,350.0733137829912,0.0,0.015284948119520898
24.502222222222223,88.71412803532009,183.19148936170214,,,1.8189216961143593,17.569515962924818,22.676757999616786,6.666666666666669,0,350.0733137829912,0.0,0.01854785012635737
25.92,78.44922737306842,183.19148936170214,,,2.1831152415680783,14.335736354273944,25.052692086606637,6.666666666666669,0,350.0733137829912,0.0,0.014078921990228605
24.94222222222222,73.64790286975717,183.19148936170214,,,2.206712800880248,16.416065911431513,23.56773328223798,6.666666666666669,0,350.0733137829912,0.0,0.016259435215603305
25.528888888888886,87.63796909492274,183.19148936170214,,,1.8385635951950094,14.459320288362512,22.140256754167467,6.666666666666669,0,350.0733137829912,0.0,0.013966524401291761
24.99111111111111,82.78145695364238,183.19148936170214,,,2.222808245960225,12.83213182286303,20.789423261161144,6.666666666666669,0,350.0733137829912,0.0,0.015560322212416157
26.31111111111111,84.87858719646798,191.48936170212767,,Left,1.5387518300611989,13.75901132852729,22.121095995401422,8.065843621399175,0,923.3870967741935,0.0,0.007043956898671774
25.48,84.60264900662251,191.48936170212767,,Left,1.4565013776609772,16.725025746652932,23.404866832726576,8.065843621399175,0,923.3870967741935,0.0,0.007342934485243769
25.577777777777776,94.70198675496688,191.48936170212767,,Left,1.3057770826323782,18.537590113285273,22.99291051925657,8.065843621399175,0,923.3870967741935,0.0,0.009741499033155939
24.013333333333335,115.34216335540839,191.48936170212767,,Left,1.1114041229801126,19.382080329557155,21.98697068403909,8.065843621399175,0,923.3870967741935,0.0,0.0161919966622412
24.746666666666666,93.73620309050773,191.48936170212767,,Left,1.1958370086115178,19.13491246138002,22.207319409848626,8.065843621399175,0,923.3870967741935,0.0,0.01035968577230856
26.017777777777777,86.09271523178808,191.48936170212767,,Left,1.1775591303003574,17.61071060762101,23.232420003832154,8.065843621399175,0,923.3870967741935,0.0,0.018287087720023902
23.23111111111111,120.44701986754967,191.48936170212767,,Left,0.8560594349316628,19.09371781668383,19.658938493964367,8.065843621399175,0,923.3870967741935,0.0,0.042826853312604225
23.475555555555555,92.66004415011038,204.89361702127658,,,0.8984804808627886,19.17610710607621,20.425368844606247,9.835390946502057,0,785.5571847507332,0.0,0.028417482410901307
24.355555555555554,87.69315673289182,204.89361702127658,,,0.9314897834844366,19.752832131822863,27.495688829277643,9.835390946502057,0,785.5571847507332,0.0,0.035867194605635075
22.546666666666667,95.83333333333333,204.89361702127658,,,1.1598268602969928,18.908341915550977,19.888867599156924,9.835390946502057,0,785.5571847507332,0.0,0.09834002248850959
24.94222222222222,79.99448123620309,204.89361702127658,,,1.3488801389482492,19.77342945417096,27.754359072619284,9.835390946502057,0,785.5571847507332,0.0,0.03751157133178105
25.137777777777778,79.05629139072848,204.89361702127658,,,1.5568933062954105,19.526261585993822,26.489748994060164,9.835390946502057,0,785.5571847507332,0.0,0.1333732269842333
26.8,75.91059602649005,204.89361702127658,,,1.633824077694623,19.567456230690013,26.93044644567925,9.835390946502057,0,785.5571847507332,0.0,0.06560984459010172
24.551111111111112,86.69977924944811,204.89361702127658,,,1.8281970373468885,19.052523171987644,21.66123778501629,9.835390946502057,0,785.5571847507332,0.0,0.036360620021067803
23.182222222222222,92.99116997792494,204.89361702127658,,,1.6591948640071295,19.670442842430486,21.038513125119753,9.835390946502057,0,785.5571847507332,0.0,0.10900880163039446
24.404444444444444,92.02538631346579,204.89361702127658,,,1.3382407769462303,19.629248197734295,26.575972408507383,9.835390946502057,0,785.5571847507332,0.0,0.06198277439510991
24.06222222222222,91.8598233995585,204.89361702127658,,,1.1420945902936284,18.66117404737384,22.81088331097912,9.835390946502057,0,785.5571847507332,0.0,0.03555360533250129
23.915555555555557,85.48565121412804,204.89361702127658,,,0.9823677581863981,19.670442842430486,27.71603755508718,9.835390946502057,0,785.5571847507332,0.0,0.03889068974803608
22.05777777777778,104.05629139072848,204.89361702127658,,,0.7352071947548857,19.629248197734295,21.996551063422118,9.835390946502057,0,785.5571847507332,0.0,0.02736656495434185
24.25777777777778,96.1644591611479,204.89361702127658,,,0.7353435968318347,19.567456230690013,24.81318260203104,9.835390946502057,0,785.5571847507332,0.0,0.060492382365807396
22.4,111.89293598233995,204.89361702127658,,,0.6578672171248263,18.681771369721936,25.033531327840592,9.835390946502057,0,785.5571847507332,0.0,0.03198610585964598
22.595555555555556,140.17660044150108,204.89361702127658,,,0.42257363438787304,20.0,13.968193140448365,9.835390946502057,0,785.5571847507332,0.0,0.1823448564840146
22.106666666666666,119.23289183222958,163.40425531914894,,,0.2618919877420003,20.0,17.64705882352941,20.0,1,700.8797653958943,0.0,0.3725676599766123
23.182222222222222,118.12913907284768,163.40425531914894,,,0.38492666114996044,20.0,18.269783483425947,20.0,0,700.8797653958943,0.0,0.45982752814772826
21.324444444444445,126.04856512141279,163.40425531914894,,,0.29503769244059713,19.546858908341914,12.856869132017627,20.0,0,700.8797653958943,0.0,0.31172572110921126
22.302222222222223,121.93708609271523,163.40425531914894,,,0.3948840127672345,20.0,24.611994634987546,20.0,0,700.8797653958943,0.0,0.26672172649890047
23.182222222222222,91.1699779249448,163.40425531914894,,,0.5278760377924687,20.0,19.80264418470972,20.0,0,700.8797653958943,0.0,0.24151207127625665
22.693333333333335,126.71081677704194,163.40425531914894,,,0.4517636788549502,19.114315139031927,13.077217857827172,20.0,0,700.8797653958943,0.0,0.26551682434549756
24.25777777777778,123.3719646799117,163.40425531914894,,,0.5456083077958336,18.722966014418127,15.568116497413298,20.0,0,700.8797653958943,0.0,0.26128730307380427
23.084444444444443,104.41501103752759,163.40425531914894,,,0.5402886267948241,18.949536560247168,19.50565242383599,20.0,0,700.8797653958943,0.0,0.30658128346357216
26.066666666666666,84.1335540838852,163.40425531914894,,,0.6661877438187127,19.44387229660144,24.53535159992336,20.0,0,700.8797653958943,0.0,0.18548749307068862
25.137777777777778,81.87086092715231,163.40425531914894,,,0.6301775955041875,20.0,17.656639202912437,20.0,0,700.8797653958943,0.0,0.1674724075158919
23.035555555555554,78.6699779249448,163.40425531914894,,,0.655548381816694,17.52832131822863,13.901130484767194,20.0,1,700.8797653958943,0.0,0.1259145229823846
25.04,88.79690949227373,163.40425531914894,,,0.6732806518200585,19.691040164778578,20.578654914734624,20.0,0,700.8797653958943,0.0,0.24085229742919737
23.866666666666667,86.94812362030905,163.40425531914894,,,0.8454200729296439,19.17610710607621,24.602414255604522,20.0,1,700.8797653958943,0.0,0.15820297835627067
23.182222222222222,86.67218543046357,163.40425531914894,,,0.8401003919286346,16.416065911431513,24.82276298141407,20.0,1,700.8797653958943,0.0,0.39661624810553864
21.96,89.7626931567329,163.40425531914894,,,0.8276878029262792,18.764160659114314,16.39202912435333,20.0,0,700.8797653958943,0.0,0.27429058013790736
35.74666666666667,57.89183222958057,163.40425531914894,,,1.0198783293473617,19.464469618949536,32.4008430733857,9.05349794238683,0,700.8797653958943,0.0,0.13681708910925808
27.435555555555556,62.969094922737305,163.40425531914894,,,0.8561958370086117,20.0,23.998850354474037,9.05349794238683,0,700.8797653958943,0.0,0.15022162556586566
26.946666666666665,65.61810154525386,163.40425531914894,,,0.8679264156262221,20.0,28.252538800536502,20.0,0,700.8797653958943,0.0,0.15945845942469516
28.755555555555553,60.40286975717439,163.40425531914894,,,0.9122570906346334,18.475798146240987,25.76164016095038,9.05349794238683,1,700.8797653958943,0.0,0.14242348084542766
40.0,50.0,163.40425531914894,,,1.1475506733715868,18.105046343975282,37.63173021651658,9.05349794238683,0,700.8797653958943,0.0,0.1637677829845336
40.0,50.5242825607064,163.40425531914894,,,1.2427593230819598,19.629248197734295,40.63038896340295,9.05349794238683,1,700.8797653958943,0.0,0.2054009739026286
40.0,54.38741721854305,163.40425531914894,,,1.408215042421046,18.743563336766222,46.11994634987546,9.05349794238683,1,700.8797653958943,0.0,0.17002383278475813
26.653333333333332,77.34547461368653,163.40425531914894,,,1.7628604424883378,18.31101956745623,21.967809925273045,9.05349794238683,0,700.8797653958943,0.0,0.25132550476633214
27.77777777777778,72.29580573951435,163.40425531914894,,,1.5738071638370812,18.558187435633368,24.334163632879864,9.05349794238683,0,700.8797653958943,0.0,0.32794019728923984
40.0,55.43598233995585,163.40425531914894,,,1.2498522310833053,19.2173017507724,41.84709714504695,9.05349794238683,0,700.8797653958943,0.0,0.225230156542866
27.191111111111113,78.7251655629139,163.40425531914894,,,1.768180123489347,15.715756951596294,22.188158651082585,9.05349794238683,0,700.8797653958943,0.0,0.20163677864913382
27.191111111111113,75.85540838852097,163.40425531914894,,,1.3236457547126919,19.196704428424304,26.422686338379002,9.05349794238683,0,700.8797653958943,0.0,0.2578490608282263
26.45777777777778,76.462472406181,163.40425531914894,,,1.5452991297547494,19.011328527291454,27.21785782716996,9.05349794238683,0,700.8797653958943,0.0,0.2746109132663773
24.06222222222222,85.04415011037527,163.40425531914894,,,1.768180123489347,18.887744593202882,22.16899789231654,9.05349794238683,0,700.8797653958943,0.0,0.13500074407203874
24.893333333333334,78.42163355408388,163.40425531914894,,,1.7174385508643346,19.44387229660144,22.216899789231658,9.05349794238683,0,700.8797653958943,0.0,0.2593664282788737
26.84888888888889,85.7615894039735,175.53191489361703,Goalkeeper,,2.000336458456474,17.631307929969104,19.266142939260398,5.1440329218107,0,131.5982404692082,0.0,0.014928647762591117
27.093333333333334,70.1710816777042,175.53191489361703,Goalkeeper,,2.0688103010848513,16.725025746652932,27.351983138532294,5.1440329218107,0,131.5982404692082,0.0,0.009605497950542361
26.604444444444447,71.82671081677704,175.53191489361703,Goalkeeper,,2.1446498558684723,13.553038105046344,22.015711822188162,5.1440329218107,0,131.5982404692082,0.0,0.00878387157541406
29.92888888888889,59.93377483443709,175.53191489361703,Goalkeeper,,2.7317243950567884,6.220391349124615,28.597432458325358,5.1440329218107,0,131.5982404692082,0.0,0.006779822564670201
26.897777777777776,73.12362030905076,175.53191489361703,Goalkeeper,,3.3081595722430865,9.124613800205974,23.55815290285495,5.1440329218107,0,131.5982404692082,0.0,0.0071822059330640875
27.58222222222222,62.58278145695364,175.53191489361703,Goalkeeper,,2.9843410415662595,14.521112255406798,26.384364820846912,5.1440329218107,0,131.5982404692082,0.0,0.00538721643774275
30.173333333333332,64.32119205298014,175.53191489361703,Goalkeeper,,2.435731888077549,14.727085478887744,31.60567158459476,5.1440329218107,0,131.5982404692082,0.0,0.006755095095104097
33.742222222222225,59.13355408388521,183.19148936170214,,Both,2.318016895670598,11.431513903192585,32.755317110557584,4.238683127572016,0,73.31378299120234,0.0,0.005786227878468533
35.013333333333335,66.08719646799116,183.19148936170214,,Both,2.197983067955515,16.560247167868177,40.27591492623108,4.238683127572016,0,73.31378299120234,0.0,0.006694400397078202
33.25333333333333,71.30242825607064,183.19148936170214,,Both,2.0027916958415553,12.214212152420188,24.74611994634988,4.238683127572016,0,73.31378299120234,0.0,0.007031593163888721
34.08444444444444,58.526490066225165,183.19148936170214,,Both,2.142876628868136,18.39340885684861,34.43188350258671,4.238683127572016,0,73.31378299120234,0.0,0.009521199758839732
31.444444444444446,60.89955849889625,183.19148936170214,,Both,2.3425692695214106,19.09371781668383,28.760298907836752,4.238683127572016,0,73.31378299120234,0.0,0.010538397938718136
28.462222222222223,83.80242825607064,183.19148936170214,,Both,2.5347597959424926,17.899073120494336,19.572715079517153,4.238683127572016,0,73.31378299120234,0.0,0.008627638926791852
30.02666666666667,81.5121412803532,183.19148936170214,,Both,2.9327810564795533,13.573635427394438,24.832343360797086,4.238683127572016,0,73.31378299120234,0.0,0.0060863294409298965
40.0,57.50551876379691,183.19148936170214,,Both,2.822977384535642,10.442842430484038,40.908219965510646,4.238683127572016,0,73.31378299120234,0.0,0.005586160170160957
31.2,63.65894039735099,166.59574468085106,,,3.6269312260728026,7.868177136972195,30.858401992718914,2.1399176954732506,0,109.2375366568915,22.5,0.008140957366695335
30.124444444444443,57.80905077262693,166.59574468085106,,,4.688275786812648,5.396498455200824,28.69323625215559,2.1399176954732506,0,109.2375366568915,22.5,0.013428139950284298
32.617777777777775,60.09933774834437,166.59574468085106,,,4.688275786812648,7.4150360453141095,34.719294884077414,2.1399176954732506,0,109.2375366568915,22.5,0.008697325431932693
33.644444444444446,59.299116997792495,166.59574468085106,,,7.29778392092317,3.8311019567456235,32.477486108449895,2.1399176954732506,0,109.2375366568915,22.5,0.009481860602711837
30.46666666666667,58.16777041942605,166.59574468085106,,,7.29778392092317,5.746652935118436,30.446445679248903,2.1399176954732506,0,109.2375366568915,22.5,0.007057444609344195
33.35111111111111,53.145695364238414,166.59574468085106,,,7.29778392092317,4.819773429454171,34.652232228396244,2.1399176954732506,0,109.2375366568915,22.5,0.009027774343407003
30.76,59.10596026490066,169.14893617021278,,Right,6.94286571670198,1.4418125643666324,31.03084882161334,0.6584362139917701,0,90.54252199413492,30.0,0.0017477825079678653
29.782222222222224,57.31236203090508,169.14893617021278,,Right,6.94286571670198,3.274974253347065,29.153094462540725,0.6584362139917701,0,90.54252199413492,30.0,0.0009070485427203005
40.0,53.42163355408388,161.48936170212767,,,6.163737053169529,5.993820803295572,41.32975665836368,1.5226337448559661,0,0.0,40.0,0.0008418579411369329
31.835555555555555,56.484547461368656,150.0,,Left,8.428829942983931,6.426364572605562,35.696493581145816,0.7818930041152271,0,38.85630498533725,40.0,0.00379791453017583
30.36888888888889,68.98454746136865,150.0,,Left,8.428829942983931,6.941297631307931,33.97202529220158,0.7818930041152271,0,38.85630498533725,40.0,0.004534118737712134
32.471111111111114,63.49337748344371,150.0,,Left,8.428829942983931,7.29145211122554,35.571948649166515,0.7818930041152271,0,38.85630498533725,40.0,0.0035247883890593083
32.617777777777775,57.80905077262693,178.08510638297872,,Both,8.898598695996146,2.554067971163749,32.70741521364246,0.7407407407407414,0,37.023460410557185,47.5,0.002830171289429636
31.64,57.50551876379691,178.08510638297872,,Both,8.898598695996146,2.265705458290422,34.24027591492623,0.7407407407407414,0,37.023460410557185,47.5,0.0012880763692161886
27.337777777777777,65.72847682119205,163.40425531914894,,Left,7.011612363484254,7.312049433573637,24.9185667752443,1.2345679012345667,0,57.55131964809384,41.25,0.003161744176793315
36.23555555555555,53.80794701986755,163.40425531914894,,Left,7.011612363484254,2.636457260556128,38.790956121862436,1.2345679012345667,0,57.55131964809384,41.25,0.0017365427490741811
39.266666666666666,55.739514348785875,163.40425531914894,,,5.440260437032254,6.24098867147271,41.11898831193715,1.2798353909465026,0,81.37829912023462,47.5,0.003234802609602261
40.0,53.173289183222956,163.40425531914894,,,5.440260437032254,5.973223480947477,42.85303698026443,1.2798353909465026,0,81.37829912023462,47.5,0.0015477147996602898
26.604444444444447,75.22075055187638,188.29787234042556,,,3.840809682728769,3.9958805355303815,22.322283962444917,4.279835390946501,0,371.33431085043986,0.0,0.014622926320682912
27.484444444444442,75.49668874172185,188.29787234042556,,,4.399376187834753,10.216271884654995,26.489748994060164,4.279835390946501,0,371.33431085043986,0.0,0.025106249440821994
26.555555555555557,95.060706401766,188.29787234042556,,,4.399376187834753,14.376930998970135,21.287602989078376,4.279835390946501,0,371.33431085043986,0.0,0.027612715674113532
27.484444444444442,85.67880794701986,188.29787234042556,,,4.241558984804809,11.575695159629248,23.979689595707992,4.279835390946501,1,371.33431085043986,0.0,0.014561107646767647
25.333333333333332,108.94039735099336,188.29787234042556,,,3.7447826205567023,20.0,17.08181643993103,4.279835390946501,1,371.33431085043986,0.0,0.04826240071358981
26.164444444444445,92.88079470198676,188.29787234042556,,,3.7476470641726305,18.372811534500514,22.98333013987354,4.279835390946501,1,371.33431085043986,0.0,0.01889853060384031
24.99111111111111,111.3962472406181,188.29787234042556,,,3.45833825896389,17.651905252317196,17.656639202912437,4.279835390946501,1,371.33431085043986,0.0,0.04152641320860498
26.506666666666668,89.45916114790288,188.29787234042556,,,3.441424401422219,10.484037075180225,21.517532094270937,4.279835390946501,1,371.33431085043986,0.0,0.023701279579111494
29.293333333333337,71.1092715231788,188.29787234042556,,,3.840809682728769,6.055612770339856,26.959187583828324,4.279835390946501,0,371.33431085043986,0.0,0.015083756435323954
27.142222222222223,126.76600441501104,188.29787234042556,,,3.3526266493284473,1.4212152420185378,17.733282237976624,4.279835390946501,0,371.33431085043986,0.0,0.03183436911458125
27.77777777777778,71.35761589403972,188.29787234042556,,,3.840809682728769,8.135942327497427,25.11017436290478,4.279835390946501,0,371.33431085043986,0.0,0.021546617799192265
26.946666666666665,82.5055187637969,174.25531914893617,,,2.704171175513099,10.937178166838313,22.293542824295844,6.790123456790125,1,492.30205278592376,0.0,0.0044149772934390825
29.586666666666666,71.96467991169978,174.25531914893617,,,3.12565359328538,16.93099897013388,29.51714887909562,6.790123456790125,0,492.30205278592376,0.0,0.007172090150059772
26.066666666666666,94.67439293598234,174.25531914893617,,,2.40026734807082,18.722966014418127,22.897106725426326,6.790123456790125,1,492.30205278592376,0.0,0.011730936357338009
26.8,74.19977924944813,174.25531914893617,,,3.046813192808883,18.4346035015448,26.94002682506228,6.790123456790125,1,492.30205278592376,0.0,0.012131071773953162
28.608888888888888,72.01986754966887,180.63829787234042,,,2.3626203748329075,17.631307929969104,32.477486108449895,5.0205761316872435,1,210.41055718475076,0.0,0.03953809986031228
26.164444444444445,104.44260485651215,180.63829787234042,,,2.616737444188817,18.208032955715755,24.93772753401035,5.0205761316872435,1,210.41055718475076,0.0,0.04511526822335829
29.0,72.62693156732891,180.63829787234042,,,2.922414498631433,15.406797116374872,31.7876987928722,5.0205761316872435,1,210.41055718475076,0.0,0.06937628779537525
30.27111111111111,66.19757174392936,180.63829787234042,,,2.922414498631433,16.04531410916581,29.287219773903058,5.0205761316872435,0,210.41055718475076,0.0,0.06838044515739483
37.45777777777778,56.650110375275936,180.63829787234042,,,2.4072238539952173,15.53038105046344,45.07568499712589,4.897119341563786,0,210.41055718475076,0.0,0.03473197895737299
40.0,58.00220750551876,180.63829787234042,,,2.4072238539952173,16.49845520082389,49.47307913393371,4.897119341563786,0,210.41055718475076,0.0,0.05851530877640837
33.93777777777778,53.863134657836646,180.63829787234042,,,2.84548372723222,17.21936148300721,42.91051925656256,4.897119341563786,0,210.41055718475076,0.0,0.04224126187424328
31.004444444444445,62.775938189845476,180.63829787234042,,,2.84548372723222,15.859938208032958,34.508526537650894,4.897119341563786,0,210.41055718475076,0.0,0.04564016496369333
38.38666666666667,56.04304635761589,180.63829787234042,,,3.06290863788886,2.9042224510813597,39.51906495497222,4.897119341563786,0,210.41055718475076,0.0,0.03280548428299555
30.955555555555556,55.60154525386314,180.63829787234042,,,3.06290863788886,3.8105046343975286,28.654914734623492,4.897119341563786,0,210.41055718475076,0.0,0.04894465407843643
27.435555555555556,77.37306843267109,180.63829787234042,,,3.4672043939655723,13.429454170957772,23.184518106917036,4.897119341563786,0,210.41055718475076,0.0,0.05964715249700236
31.05333333333333,59.71302428256071,180.63829787234042,,,3.4672043939655723,15.242018537590114,36.89404100402376,4.897119341563786,0,210.41055718475076,0.0,0.051325235012118706
35.94222222222223,52.041942604856516,180.63829787234042,,,3.694859460393384,14.500514933058701,45.75589193332056,5.0205761316872435,0,210.41055718475076,0.0,0.06395085617739396
39.16888888888889,56.12582781456953,180.63829787234042,,,3.440469586883576,13.903192584963955,44.893657788848444,5.0205761316872435,0,210.41055718475076,0.0,0.03654607604281359
29.733333333333334,67.439293598234,180.63829787234042,,,3.440469586883576,13.09989701338826,30.3219007472696,5.0205761316872435,1,210.41055718475076,0.0,0.049633651298619255
27.28888888888889,75.24834437086093,180.63829787234042,,,3.440469586883576,12.070030895983523,24.190457942134515,5.0205761316872435,0,210.41055718475076,0.0,0.03643143050209802
27.826666666666668,71.55077262693156,180.63829787234042,,,4.117160290627358,15.159629248197735,29.41176470588236,5.0205761316872435,1,210.41055718475076,0.0,0.05780158408665945
30.955555555555556,58.27814569536424,180.63829787234042,,,4.117160290627358,14.15036045314109,36.37670051734049,5.0205761316872435,0,210.41055718475076,0.0,0.056818105183462086
27.142222222222223,62.775938189845476,175.53191489361703,,,6.902354299848139,3.213182286302781,27.97470779842882,1.7695473251028802,0,163.85630498533723,15.0,0.008555704469872274
26.946666666666665,65.56291390728477,175.53191489361703,,,6.902354299848139,8.094747682801238,29.172255221306763,1.7695473251028802,0,163.85630498533723,15.0,0.009688672166355624
26.31111111111111,76.6280353200883,175.53191489361703,,,7.101774136347516,10.5870236869207,31.960145621766628,1.7695473251028802,0,163.85630498533723,15.0,0.012023170088573796
25.382222222222225,79.44260485651213,175.53191489361703,,,7.101774136347516,12.811534500514934,24.276681356581722,1.7695473251028802,0,163.85630498533723,15.0,0.01121727937589665
26.40888888888889,76.18653421633553,175.53191489361703,,,8.055770262528531,10.298661174047375,26.79632113431692,1.7695473251028802,0,163.85630498533723,15.0,0.010855359139520026
27.142222222222223,59.54746136865342,175.53191489361703,,,8.055770262528531,1.0092687950566428,27.131634412722743,1.7695473251028802,0,163.85630498533723,15.0,0.013628207658591872
24.16,79.71854304635761,191.48936170212767,,,9.309850957997254,15.159629248197735,19.467330906303893,1.8930041152263368,0,197.94721407624635,11.0,0.0224525423660232
24.6,96.1644591611479,191.48936170212767,,,9.309850957997254,13.861997940267765,19.582295458900177,1.8930041152263368,0,197.94721407624635,11.0,0.020794677929204804
27.435555555555556,70.50220750551875,191.48936170212767,,,9.447071447407907,6.59114315139032,24.401226288561027,1.8930041152263368,0,197.94721407624635,11.0,0.037485719886325576
25.577777777777776,73.23399558498896,191.48936170212767,,,9.447071447407907,15.715756951596294,25.53171105575781,1.8930041152263368,0,197.94721407624635,11.0,0.02138364129523385
27.53333333333333,71.49558498896246,191.48936170212767,,,9.134710691194792,9.515962924819775,27.51484958804369,1.8930041152263368,0,197.94721407624635,11.0,0.01776668688324633
28.364444444444445,63.32781456953642,191.48936170212767,,,9.134710691194792,3.0072090628218335,30.245257712205408,1.8930041152263368,0,197.94721407624635,11.0,0.0207272393758427
27.484444444444442,61.50662251655629,191.48936170212767,,,8.548454564468168,2.0803295571575693,28.032190074726966,1.8930041152263368,0,197.94721407624635,11.0,0.01505902896575785
27.68,55.132450331125824,191.48936170212767,,,8.548454564468168,1.235839340885685,27.562751484958802,1.8930041152263368,0,197.94721407624635,11.0,0.02335284705340729
30.02666666666667,54.966887417218544,191.48936170212767,,,10.60812592639744,0.8032955715756952,32.53496838474803,1.8930041152263368,0,197.94721407624635,11.0,0.008529853024416802
36.480000000000004,54.99448123620309,191.48936170212767,,,10.60812592639744,1.132852729145211,45.008622341444735,1.8930041152263368,0,197.94721407624635,11.0,0.040757613700276994
26.26222222222222,63.35540838852097,174.25531914893617,,Right,11.035882839709373,5.993820803295572,24.401226288561027,0.2880658436213994,0,116.56891495601175,40.0,0.0047060870487854985
25.773333333333333,70.75055187637969,174.25531914893617,,Right,11.035882839709373,3.33676622039135,22.178578271699564,0.2880658436213994,0,116.56891495601175,40.0,0.0032775136933982595
37.06666666666666,53.80794701986755,171.06382978723406,,Both,7.101774136347516,6.446961894953658,37.29641693811075,0.3703703703703707,0,120.60117302052788,45.0,0.001018322155767772
40.0,59.354304635761586,152.5531914893617,,,0.9158035446353063,17.30175077239959,49.27189116689022,10.781893004115226,0,128.66568914956014,10.0,0.06802526877635443
33.15555555555555,66.72185430463577,152.5531914893617,,,1.0434758886595314,20.0,36.1371910327649,10.781893004115226,0,128.66568914956014,10.0,0.07386657147340202
30.27111111111111,64.26600441501104,152.5531914893617,,,1.2018386999972719,20.0,31.43322475570033,10.781893004115226,0,128.66568914956014,10.0,0.07309552401329528
32.08,71.6887417218543,152.5531914893617,,,1.3401504060235157,16.251287332646754,34.89174171297184,10.781893004115226,0,128.66568914956014,10.0,0.059996708998595924
36.626666666666665,65.25938189845475,152.5531914893617,,,1.3779337813383774,17.816683831101958,37.9287219773903,10.781893004115226,0,128.66568914956014,10.0,0.05932344744086426
39.41333333333333,61.53421633554084,152.5531914893617,,,1.5807636697614784,18.249227600411945,46.340295075685,10.781893004115226,0,128.66568914956014,10.0,0.05775212914752723
30.71111111111111,76.26931567328919,152.5531914893617,,,1.2947285143995129,18.86714727085479,36.07970875646676,10.781893004115226,0,128.66568914956014,10.0,0.09204688148393592
33.4,67.57726269315673,152.5531914893617,,,1.0918986259764116,18.26982492276004,34.920482851120916,10.781893004115226,0,128.66568914956014,10.0,0.06111618898440685
26.702222222222222,74.06181015452538,152.5531914893617,,,1.168829397375624,12.337796086508755,19.15117838666411,10.781893004115226,0,128.66568914956014,10.0,0.0848938989239954
30.564444444444444,86.03752759381898,152.5531914893617,,,1.368522038028899,16.82801235839341,33.08105000958039,10.781893004115226,0,128.66568914956014,10.0,0.0876004328655945
40.0,65.7560706401766,152.5531914893617,,,1.7623148341805421,13.202883625128731,45.37267675799963,7.818930041152261,0,128.66568914956014,10.0,0.06429366882365133
36.82222222222222,53.945916114790286,152.5531914893617,,,2.37666978875865,10.236869207003089,37.449703008239126,7.818930041152261,0,128.66568914956014,10.0,0.0600405440582813
25.675555555555555,82.89183222958057,188.29787234042556,,Both,3.8027535032600097,12.070030895983523,22.6001149645526,3.2510288065843627,1,238.26979472140764,10.0,0.009478488675043731
25.871111111111112,81.09823399558499,188.29787234042556,,Both,4.500450126853932,8.074150360453142,21.98697068403909,3.2510288065843627,0,238.26979472140764,10.0,0.03291450994426428
27.875555555555557,63.41059602649006,188.29787234042556,,Both,4.500450126853932,2.760041194644696,25.665836367120143,3.2510288065843627,0,238.26979472140764,10.0,0.017510420380470335
27.484444444444442,66.55629139072848,188.29787234042556,,Both,3.8027535032600097,11.493305870236872,28.520789423261167,3.2510288065843627,0,238.26979472140764,10.0,0.012170410930081053
32.76444444444445,63.38300220750552,188.29787234042556,,Both,4.4151988287608335,10.07209062821833,39.56696685188734,3.2510288065843627,1,238.26979472140764,10.0,0.02422842427122527
31.395555555555553,54.966887417218544,181.91489361702128,,,4.021133228455292,6.179196704428424,30.62847288752635,2.551440329218107,1,218.108504398827,20.0,0.0056333671575144306
31.2,53.44922737306843,181.91489361702128,,,4.279887968427465,8.218331616889804,31.548189308296614,2.551440329218107,0,218.108504398827,20.0,0.0100843116794133
31.78666666666667,61.920529801324506,181.91489361702128,,,4.989042366485101,9.49536560247168,35.50488599348535,2.551440329218107,1,218.108504398827,20.0,0.01105655082371697
31.73777777777778,56.705298013245034,181.91489361702128,,,5.092162336658513,5.087538619979403,31.27993868557195,2.551440329218107,1,218.108504398827,20.0,0.006176247512079369
29.782222222222224,65.06622516556291,181.91489361702128,,,4.106657330702289,6.014418125643667,27.984288177811845,2.551440329218107,0,218.108504398827,20.0,0.00825672688330028
32.715555555555554,58.609271523178805,164.68085106382978,,,4.0526421082305015,6.035015447991762,31.145813374209624,2.3827160493827164,0,105.20527859237538,10.0,0.022935851998451613
37.751111111111115,55.60154525386314,164.68085106382978,,,4.862870445307315,12.687950566426364,40.80283579229738,2.3827160493827164,0,105.20527859237538,10.0,0.0033112329700793123
32.86222222222222,57.89183222958057,164.68085106382978,,,5.613081868526584,7.0648815653965,32.6403525579613,2.3827160493827164,0,105.20527859237538,10.0,0.0034539779080290994
38.044444444444444,53.53200883002207,164.68085106382978,,,5.568341987287326,9.639546858908343,39.12626940026825,2.3827160493827164,1,105.20527859237538,10.0,0.006178495463858105
40.0,53.945916114790286,156.38297872340425,,Right,6.486464367230765,4.510813594232751,41.78961486874881,0.6584362139917701,1,27.492668621700883,45.0,0.0009767350478611413
31.29777777777778,66.88741721854305,167.2340425531915,,Right,8.426511107675799,3.6869207003089604,33.789998083924125,0.6172839506172846,0,92.00879765395896,45.0,0.00030796939368694216
26.31111111111111,67.93598233995584,167.2340425531915,,Right,8.426511107675799,5.973223480947477,27.706457175704163,0.16460905349794253,0,65.61583577712611,27.500000000000004,0.0005215248126669384
25.382222222222225,80.90507726269315,185.74468085106383,,Right,10.857059716829289,5.890834191555099,25.570032573289907,0.0,0,47.653958944281534,40.0,0.00149825986052808
26.897777777777776,64.92825607064017,175.53191489361703,,,8.440014913293746,5.849639546858909,25.368844606246405,0.8230452674897126,0,178.15249266862173,26.25,0.0036405579056642545
26.45777777777778,66.19757174392936,175.53191489361703,,,8.440014913293746,8.795056642636458,26.384364820846912,0.8230452674897126,0,178.15249266862173,26.25,0.004448696570120135
27.68,71.46799116997792,175.53191489361703,,,8.440014913293746,4.11946446961895,28.779459666602804,0.8230452674897126,0,178.15249266862173,26.25,0.004119371634535194
29.488888888888887,54.41501103752759,192.12765957446808,,,5.4384872100319175,5.149330587023687,31.615251963977776,1.0699588477366242,0,164.5894428152493,40.0,0.003225810802487314
33.79111111111111,55.049668874172184,192.12765957446808,,,5.4384872100319175,5.108135942327498,34.364820846905545,1.0699588477366242,0,164.5894428152493,40.0,0.008153321101478386
29.195555555555554,58.1953642384106,192.12765957446808,,,5.4384872100319175,4.222451081359424,29.40218432649933,1.0699588477366242,0,164.5894428152493,40.0,0.0033528200779859435
27.240000000000002,68.90176600441501,171.70212765957447,,,5.964999227054897,3.1925849639546855,24.583253496838473,2.1399176954732506,0,493.4017595307918,0.0,0.008579307963549011
26.164444444444445,73.92384105960265,171.70212765957447,,,5.964999227054897,8.11534500514933,23.4527687296417,2.1399176954732506,0,493.4017595307918,0.0,0.008505125554850695
29.537777777777777,62.52759381898454,171.70212765957447,,,6.58931153325028,5.808444902162719,29.862042536884463,2.1399176954732506,0,493.4017595307918,0.0,0.013824903439231342
28.804444444444446,65.61810154525386,171.70212765957447,,,6.58931153325028,9.907312049433575,28.62617359647443,2.1399176954732506,0,493.4017595307918,0.0,0.005327645715606225
25.48,88.93487858719647,171.70212765957447,,,7.079813401958734,11.349124613800207,21.354665644759535,2.1399176954732506,0,493.4017595307918,0.0,0.015141079205681742
26.555555555555557,58.94039735099338,164.04255319148936,,,9.136483918195127,3.5427394438722977,26.671776202337615,0.6172839506172846,0,65.2492668621701,35.0,0.006557275338575256
29.733333333333334,58.30573951434879,164.04255319148936,,,9.136483918195127,1.462409886714727,33.33972025292202,0.6172839506172846,0,65.2492668621701,35.0,0.0055400771586968526
27.68,61.9757174392936,164.04255319148936,,,9.136483918195127,9.165808444902163,31.711055757808015,0.6172839506172846,0,65.2492668621701,35.0,0.0042542487412594015
26.31111111111111,71.44039735099338,172.3404255319149,,,5.949994998590512,7.723995880535531,29.018969151178386,1.9753086419753083,0,206.3782991202346,17.0,0.003265149958615208
28.462222222222223,69.15011037527594,172.3404255319149,,,5.949994998590512,3.1925849639546855,28.108833109791153,1.9753086419753083,0,206.3782991202346,17.0,0.009704407828806782
31.73777777777778,58.636865342163354,172.3404255319149,,,5.949994998590512,3.0484037075180224,32.77447786932363,1.9753086419753083,0,206.3782991202346,17.0,0.01052940613160319
33.20444444444445,64.34878587196468,187.02127659574467,Midfielder,,3.9452936736716717,7.868177136972195,35.207894232611615,3.5802469135802455,0,63.04985337243403,16.5,0.005488374267785907
29.44,69.86754966887418,187.02127659574467,Midfielder,,3.055952131964463,11.369721936148302,29.268059015137,3.5802469135802455,0,63.04985337243403,16.5,0.0054479111357686434
31.884444444444444,63.079470198675494,187.02127659574467,Midfielder,,2.6865753075866836,14.212152420185378,36.970684039087956,3.5802469135802455,0,63.04985337243403,16.5,0.0077228383358502895
29.342222222222222,66.00441501103754,187.02127659574467,Midfielder,,2.8004710418390637,13.88259526261586,31.500287411381496,3.5802469135802455,0,63.04985337243403,16.5,0.0048330963242841285
26.702222222222222,57.753863134657834,187.02127659574467,,,2.9843410415662595,16.39546858908342,29.450086223414452,6.543209876543211,0,346.0410557184751,0.0,0.05469941063200264
25.48,72.7373068432671,187.02127659574467,,,2.6910765761259996,15.200823892893924,23.09829469246983,6.543209876543211,0,346.0410557184751,0.0,0.038561364812451135
23.42666666666667,80.10485651214128,187.02127659574467,,,1.8957160654366234,7.188465499485067,13.527495688829278,6.543209876543211,0,346.0410557184751,0.0,0.29551124492918274
26.36,61.72737306843267,187.02127659574467,,,2.0606261764679132,10.27806385169928,24.53535159992336,6.543209876543211,0,346.0410557184751,0.0,0.08812982550948702
25.04,77.56622516556291,187.02127659574467,,,2.324836999518046,18.022657054582904,23.586894041004026,6.543209876543211,0,346.0410557184751,0.0,0.02870297228680088
26.115555555555556,67.02538631346579,187.02127659574467,,,2.9097291054751793,16.4572605561277,25.914926231078756,6.543209876543211,0,346.0410557184751,0.0,0.029567309745725183
27.191111111111113,70.83333333333333,187.02127659574467,,,3.372814156716893,17.384140061791967,28.79862042536885,6.543209876543211,0,346.0410557184751,0.0,0.04078683707340057
23.475555555555555,76.95916114790286,187.02127659574467,,,3.840264074420973,15.406797116374872,20.54033339720253,6.543209876543211,0,346.0410557184751,0.0,0.027789179888744374
24.25777777777778,95.80573951434877,187.02127659574467,,,3.9133755876656147,16.539649845520085,22.542632688254454,6.543209876543211,0,346.0410557184751,0.0,0.0350624278688473
25.235555555555557,89.21081677704194,187.02127659574467,,,3.95852467513572,14.170957775489185,21.278022609695345,6.543209876543211,0,346.0410557184751,0.0,0.026851783997011124
26.84888888888889,73.81346578366445,187.02127659574467,,,3.27760550700652,13.244078269824923,27.026250239509487,6.543209876543211,0,346.0410557184751,0.0,0.04447572594230766
25.822222222222223,80.3532008830022,187.02127659574467,,,3.9178768562049306,11.513903192584964,24.44912818547615,6.543209876543211,0,346.0410557184751,0.0,0.05273132884971858
27.191111111111113,65.09381898454747,194.6808510638298,,,4.652402040575072,10.175077239958805,27.44778693236253,4.444444444444445,0,253.6656891495601,0.0,0.018127483143733587
26.84888888888889,64.1832229580574,194.6808510638298,,,4.652402040575072,10.5870236869207,26.96876796321135,4.444444444444445,0,253.6656891495601,0.0,0.019699925412959982
25.528888888888886,66.47350993377484,194.6808510638298,,,4.898880593621839,9.680741503604532,23.759340869898455,4.444444444444445,0,253.6656891495601,0.0,0.03875693661720124
24.6,77.62141280353201,194.6808510638298,,,4.898880593621839,14.706488156539649,20.569074535351607,4.444444444444445,0,253.6656891495601,0.0,0.031201570688866836
27.77777777777778,62.113686534216335,194.6808510638298,,,4.898880593621839,7.662203913491247,27.342402759149266,4.444444444444445,0,253.6656891495601,0.0,0.037627340848385996
27.58222222222222,59.2439293598234,194.6808510638298,,,5.846602224263201,2.43048403707518,27.495688829277643,4.444444444444445,0,253.6656891495601,0.0,0.02085424865134133
26.8,62.196467991169975,194.6808510638298,,,5.846602224263201,5.355303810504635,26.355623682697843,4.444444444444445,0,253.6656891495601,0.0,0.033398943552582064
26.40888888888889,80.51876379690948,194.6808510638298,,,5.846602224263201,8.403707518022658,24.161716803985442,4.444444444444445,0,253.6656891495601,0.0,0.026380838099365762
24.99111111111111,72.7373068432671,177.44680851063828,,,5.572024843364948,4.716786817713698,22.101935236635377,3.08641975308642,0,101.90615835777128,0.0,0.006726995697869886
26.604444444444447,65.48013245033113,177.44680851063828,,,5.572024843364948,2.945417095777549,26.556811649741334,3.08641975308642,0,101.90615835777128,0.0,0.006847261118032304
25.235555555555557,70.30905077262693,177.44680851063828,,,6.470914530458583,6.035015447991762,24.74611994634988,3.08641975308642,0,101.90615835777128,0.0,0.004396993679209189
23.915555555555557,79.52538631346579,177.44680851063828,,Right,7.517254862734044,5.252317198764161,20.54991377658556,2.1769547325102883,0,205.27859237536657,17.5,0.004935378130216652
25.04,66.83222958057395,177.44680851063828,,Right,7.517254862734044,4.201853759011329,23.663537076068213,2.1769547325102883,0,205.27859237536657,17.5,0.0031853476704700517
26.40888888888889,60.89955849889625,198.51063829787233,,,7.268593876456093,7.2502574665293515,26.39394520022993,5.349794238683128,0,173.3870967741936,0.0,0.005002816683578758
25.675555555555555,63.852097130242825,198.51063829787233,,,7.268593876456093,7.332646755921731,26.336462923931787,5.349794238683128,0,173.3870967741936,0.0,0.0034910691123782563
25.871111111111112,67.3289183222958,198.51063829787233,,,6.623275650410569,6.508753861997941,23.72101935236636,5.349794238683128,0,173.3870967741936,0.0,0.00374171573570741
25.08888888888889,72.26821192052981,198.51063829787233,,,5.594531186061526,8.93923789907312,22.111515616018394,5.349794238683128,0,173.3870967741936,0.0,0.003141512610784684
24.6,74.36534216335541,198.51063829787233,,,6.118178759468577,11.678681771369723,22.360605479977007,5.349794238683128,0,173.3870967741936,0.0,0.00270765791748848
25.626666666666665,68.70860927152317,198.51063829787233,,,5.02314288572234,7.085478887744593,23.931787698792878,5.349794238683128,0,173.3870967741936,0.0,0.0030055115281711065
24.844444444444445,72.10264900662251,198.51063829787233,,,5.02314288572234,8.75386199794027,23.222839624449136,5.349794238683128,0,173.3870967741936,0.0,0.005468142701777275
24.697777777777777,70.86092715231788,198.51063829787233,,,5.02314288572234,11.45211122554068,23.05997317493773,5.349794238683128,0,173.3870967741936,0.0,0.006203222933424211
31.54222222222222,60.375275938189844,168.51063829787233,,Right,8.059043912375307,9.557157569515963,35.25579612952673,2.3456790123456788,0,38.85630498533725,17.5,0.0007519398699874611
23.62222222222222,69.09492273730685,171.06382978723406,,Right,7.007383899098836,11.699279093717818,28.539950182027212,5.473251028806585,0,52.41935483870968,0.0,0.0020973390095614377
27.240000000000002,65.03863134657837,181.91489361702128,,,6.277905591575808,11.01956745623069,30.03448936577889,4.0740740740740735,0,121.7008797653959,27.500000000000004,0.002147917924583016
30.808888888888887,57.94701986754967,181.91489361702128,,,7.278142021842519,5.190525231719877,31.739796895957078,4.0740740740740735,0,121.7008797653959,27.500000000000004,0.0027166497246034274
24.11111111111111,74.28256070640177,189.5744680851064,,Both,9.389918977166293,9.392378990731206,23.500670626556815,2.3456790123456788,0,144.0615835777126,0.0,0.002788584181523005
23.964444444444446,80.18763796909492,189.5744680851064,,Both,9.389918977166293,10.175077239958805,22.389346618126076,2.3456790123456788,0,144.0615835777126,0.0,0.0062155866682072625
26.84888888888889,62.775938189845476,183.82978723404256,,,10.101528612609007,5.108135942327498,28.310021076834644,1.8106995884773656,0,135.26392961876834,42.5,0.0013914821510380819
27.53333333333333,61.75496688741722,178.08510638297872,,,9.84059143940565,5.520082389289392,29.450086223414452,2.0576131687242794,0,56.81818181818181,40.0,0.0009767350478611413
28.560000000000002,61.47902869757174,195.31914893617022,,Right,10.451809146213932,6.508753861997941,32.36252155585362,1.8106995884773656,0,28.958944281524932,20.0,0.002548053341198167
26.751111111111108,61.72737306843267,195.31914893617022,,Right,10.451809146213932,8.547888774459322,28.060931212876035,1.8106995884773656,0,28.958944281524932,20.0,0.006270661486786314
27.337777777777777,60.375275938189844,186.38297872340425,,,13.068273786248852,6.797116374871267,28.91358497796513,1.0699588477366242,0,45.08797653958944,30.0,0.008225255558397964
24.64888888888889,66.72185430463577,186.38297872340425,,,13.068273786248852,3.213182286302781,22.255221306763755,1.0699588477366242,0,45.08797653958944,30.0,0.007431728580503873
30.27111111111111,57.643487858719645,178.08510638297872,,,15.0,6.838311019567457,30.341061506035636,1.0288065843621386,0,57.18475073313783,45.0,0.001210522032849769
24.453333333333333,67.439293598234,210.0,,,12.898316798370448,3.913491246138002,20.137957463115544,1.1522633744855955,0,53.152492668621704,40.0,0.004123867538092667
25.626666666666665,60.59602649006622,210.0,,,12.898316798370448,3.4191555097837285,22.753401034680977,1.1522633744855955,0,53.152492668621704,40.0,0.011270106242696965
24.25777777777778,93.79139072847681,198.51063829787233,,,1.3539270157953605,19.464469618949536,25.397585744395478,15.843621399176955,1,646.6275659824048,0.0,1.0089526927539971
26.164444444444445,81.84326710816777,198.51063829787233,,,1.876346970509871,18.146240988671472,27.150795171488788,15.843621399176955,1,646.6275659824048,0.0,0.43198664536807285
26.653333333333332,76.90397350993376,198.51063829787233,,,2.173021487873856,16.580844490216272,24.583253496838473,15.843621399176955,1,646.6275659824048,0.0,0.5839560534419064
26.604444444444447,80.18763796909492,198.51063829787233,,,1.8816666515108804,16.14830072090628,24.439547806093127,15.843621399176955,0,646.6275659824048,0.0,0.47825061695036575
27.77777777777778,66.72185430463577,198.51063829787233,,,1.894079240513236,17.52832131822863,27.179536309637864,15.843621399176955,0,646.6275659824048,0.0,0.5097905043819324
25.284444444444443,84.38189845474614,198.51063829787233,,,1.5903118151479054,18.166838311019568,25.771220540333406,15.843621399176955,0,646.6275659824048,0.0,0.4305412123743451
25.724444444444444,73.34437086092714,198.51063829787233,,,1.3285562294828546,19.2173017507724,17.254263268825447,15.843621399176955,0,646.6275659824048,0.0,0.4127127068171835
23.76888888888889,85.62362030905078,198.51063829787233,,,1.0572524984313763,17.734294541709577,21.47921057673884,15.843621399176955,1,646.6275659824048,0.0,0.4738761027889438
26.26222222222222,59.8233995584989,198.51063829787233,,,1.0572524984313763,16.4778578784758,50.0,13.703703703703702,1,646.6275659824048,0.0,0.38979034252940425
29.0,64.87306843267109,198.51063829787233,,,0.6596404441251627,17.50772399588054,0.0,13.703703703703702,0,646.6275659824048,0.0,0.5113584507476012
26.26222222222222,83.85761589403972,198.51063829787233,,,0.8493757331611637,18.228630278063854,13.431691894999046,13.703703703703702,0,646.6275659824048,0.0,0.41481791365797055
26.84888888888889,82.00883002207505,198.51063829787233,,,0.5196919131755313,20.0,2.8932745736731182,10.123456790123457,0,646.6275659824048,0.0,1.5191523243596596
40.0,54.22185430463576,198.51063829787233,,,0.27675981412943657,20.0,13.498754550680205,10.123456790123457,0,646.6275659824048,0.0,0.5498377653201286
40.0,55.51876379690949,198.51063829787233,,,0.3097691167510845,19.340885684860968,29.90994443379958,10.123456790123457,1,646.6275659824048,0.0,0.6365817285580243
40.0,53.39403973509934,198.51063829787233,,,0.09930071201884164,19.48506694129763,33.100210768346436,10.123456790123457,1,646.6275659824048,0.0,0.7342305058745724
40.0,71.52317880794702,198.51063829787233,,,0.05387882039483866,20.0,25.435907261927575,10.123456790123457,0,646.6275659824048,0.0,1.0369779075795087
40.0,69.72958057395144,198.51063829787233,,,0.0,17.857878475798145,22.16899789231654,11.646090534979425,1,646.6275659824048,0.0,0.9285086143760113
22.302222222222223,141.16997792494482,198.51063829787233,,,0.06083532631923538,20.0,12.885610270166698,11.646090534979425,0,646.6275659824048,0.0,1.2478133049072337
22.302222222222223,150.0,198.51063829787233,,,0.010093753694223018,20.0,5.527878904004599,11.646090534979425,0,646.6275659824048,0.0,2.0784427269093766
22.88888888888889,82.31236203090506,198.51063829787233,,,0.2546626776637054,19.567456230690013,35.945583445104425,11.769547325102883,0,646.6275659824048,0.0,2.2033052084593123
22.35111111111111,109.35430463576158,198.51063829787233,,,0.29367367167110736,18.61997940267765,29.584211534776784,11.769547325102883,0,646.6275659824048,0.0,1.717623986904332
22.05777777777778,103.8355408388521,198.51063829787233,,,0.3115423437514211,19.752832131822863,30.973366545315194,11.769547325102883,0,646.6275659824048,0.0,1.1034262381830793
21.96,110.59602649006622,198.51063829787233,,,0.3498713273740784,19.2173017507724,27.00708948074344,11.769547325102883,0,646.6275659824048,0.0,2.6572903099341034
20.54222222222222,105.32560706401766,198.51063829787233,,,0.3498713273740784,20.0,25.50296991760874,11.769547325102883,0,646.6275659824048,0.0,2.007463649495762
20.64,92.71523178807946,198.51063829787233,,,0.3913375587665617,18.331616889804327,32.6403525579613,11.769547325102883,0,646.6275659824048,0.0,10.0
20.884444444444444,103.39403973509933,198.51063829787233,,,0.5314224917931419,19.814624098867146,28.587852078942326,11.769547325102883,0,646.6275659824048,0.0,1.7835339330568951
21.08,110.3476821192053,198.51063829787233,,,0.6149005628859043,20.0,18.921249281471546,12.96296296296296,0,646.6275659824048,0.0,1.0318885447524488
21.56888888888889,112.99668874172185,198.51063829787233,,,0.5503823804890469,20.0,18.767963211343165,12.96296296296296,0,646.6275659824048,0.0,0.8976251288638357
19.857777777777777,129.74613686534215,198.51063829787233,,,0.42271003646482197,18.187435633367663,7.7313661621000245,12.96296296296296,0,646.6275659824048,0.0,2.2567839812754613
19.075555555555557,130.242825607064,198.51063829787233,,,0.40443215815366146,19.608650875386196,16.439931021268446,12.96296296296296,0,646.6275659824048,0.0,1.8888954329262895
20.68888888888889,123.2615894039735,198.51063829787233,,,0.46049341177968356,20.0,10.452193906878716,12.96296296296296,0,646.6275659824048,0.0,2.7410939522454116
19.173333333333332,133.49889624724062,198.51063829787233,,,0.5303312751775501,17.83728115345005,13.786165932170915,12.96296296296296,0,646.6275659824048,0.0,2.539149204202591
20.54222222222222,129.7185430463576,198.51063829787233,,,0.6273131518882593,20.0,12.636520406208088,12.96296296296296,0,646.6275659824048,0.0,1.6103629677819054
21.177777777777777,102.75938189845475,198.51063829787233,,,0.8163664305395156,19.77342945417096,17.522513891550105,12.96296296296296,0,646.6275659824048,0.0,0.9155255688779168
22.93777777777778,92.43929359823399,198.51063829787233,,,1.0869881512062491,19.382080329557155,20.61697643226672,12.96296296296296,0,646.6275659824048,0.0,0.7818185210545412
26.897777777777776,96.99227373068433,198.51063829787233,,,1.4161263628840857,16.39546858908342,23.855144663728687,12.96296296296296,0,646.6275659824048,0.0,0.5942157053600612
20.297777777777778,116.08719646799116,198.51063829787233,,,0.8735189007811294,19.382080329557155,14.13105958995976,12.96296296296296,0,646.6275659824048,0.0,1.300617692189761
22.302222222222223,87.08609271523179,198.51063829787233,,,0.9024361410943084,18.475798146240987,25.21555853611803,12.674897119341562,0,646.6275659824048,0.0,0.9709398281755577
21.764444444444443,90.34216335540839,198.51063829787233,,,0.8900235520919533,18.908341915550977,22.283962444912817,12.674897119341562,0,646.6275659824048,0.0,1.5008989559163166
21.96,92.46688741721854,198.51063829787233,,,0.8130927806927408,19.752832131822863,27.87890400459859,12.674897119341562,0,646.6275659824048,0.0,0.9790313306031208
21.666666666666668,98.67549668874173,198.51063829787233,,,0.7463921650647003,19.17610710607621,27.24659896531903,12.674897119341562,0,646.6275659824048,0.0,0.6592939093544916
19.711111111111112,100.19315673289182,198.51063829787233,,,0.6871936636688522,19.77342945417096,20.94270933128952,12.674897119341562,0,646.6275659824048,0.0,0.8616061975131359
18.0,129.63576158940396,198.51063829787233,,,0.4910474770162501,20.0,18.126077792680594,12.674897119341562,0,646.6275659824048,0.0,4.309939498625827
18.635555555555555,127.92494481236201,198.51063829787233,,,0.5057789013267375,15.427394438722965,21.948649166507,12.674897119341562,0,646.6275659824048,0.0,1.113885957809542
18.293333333333333,119.09492273730685,198.51063829787233,,,0.6263583373496168,20.0,23.24200038321518,12.674897119341562,0,646.6275659824048,0.0,2.8144108995089123
19.075555555555557,101.29690949227373,198.51063829787233,,,0.60630723203812,20.0,26.65261544357157,12.674897119341562,0,646.6275659824048,0.0,1.5994042028605635
21.47111111111111,101.26931567328917,198.51063829787233,,,0.6948321799779938,20.0,27.237018585936006,12.674897119341562,0,646.6275659824048,0.0,1.077824315375046
19.613333333333333,99.77924944812361,198.51063829787233,,,0.7818567050714295,19.17610710607621,17.129718336846146,12.674897119341562,0,646.6275659824048,0.0,2.786940928772749
19.711111111111112,120.77814569536423,198.51063829787233,,,0.651729123662123,16.992790937178167,18.87334738455643,12.674897119341562,0,646.6275659824048,0.0,4.6670715977137425
18.0,108.63686534216335,198.51063829787233,,,0.40347734361501886,20.0,20.32956505077601,12.674897119341562,0,646.6275659824048,0.0,7.6334238058992545
21.373333333333335,109.63024282560707,198.51063829787233,,,0.06615500732024478,20.0,5.527878904004599,11.275720164609055,0,646.6275659824048,0.0,2.327740579171288
29.195555555555554,78.69757174392936,198.51063829787233,,,0.21224163173257912,20.0,19.611036597049242,11.275720164609055,0,646.6275659824048,0.0,1.3425644723809897
23.964444444444446,118.07395143487858,198.51063829787233,,,0.4434431521610638,19.567456230690013,19.69726001149646,8.724279835390945,0,646.6275659824048,0.0,0.8314690319915009
29.0,99.80684326710818,198.51063829787233,,,0.4581745764715512,20.0,31.52902854953057,8.724279835390945,0,646.6275659824048,0.0,1.622119755584699
22.88888888888889,73.12362030905076,198.51063829787233,,,0.38656348607334806,20.0,21.038513125119753,8.724279835390945,0,646.6275659824048,0.0,5.746830275594393
23.964444444444446,103.78035320088298,198.51063829787233,,,0.5427438641799055,20.0,29.66085456984097,8.724279835390945,0,646.6275659824048,0.0,1.5785544501127795
24.306666666666665,140.0662251655629,198.51063829787233,,,0.5787540124944304,20.0,10.22226480168615,8.724279835390945,0,646.6275659824048,0.0,2.11360069272882
23.524444444444445,100.63465783664458,198.51063829787233,,,0.6271767498113103,20.0,15.271124736539571,8.724279835390945,0,646.6275659824048,0.0,3.2201324762942245
18.977777777777778,147.2682119205298,198.51063829787233,,,0.7210213787521937,20.0,9.17800344893658,12.674897119341562,0,646.6275659824048,0.0,5.141040990501504
19.075555555555557,125.38631346578366,198.51063829787233,,,0.9617710445671055,20.0,27.524429967426716,12.098765432098768,0,646.6275659824048,0.0,2.0319550841250993
19.22222222222222,116.39072847682118,198.51063829787233,,,0.9410379288708635,18.105046343975282,30.858401992718914,12.098765432098768,0,646.6275659824048,0.0,1.217027605297433
20.64,118.73620309050771,198.51063829787233,,,0.7064263565186553,17.754891864057672,16.698601264610083,12.098765432098768,0,646.6275659824048,0.0,2.9149505428129157
19.857777777777777,102.12472406181016,198.51063829787233,,,0.9179859778664897,20.0,22.95458900172447,12.098765432098768,0,646.6275659824048,0.0,8.264345191878418
19.662222222222223,107.97461368653421,198.51063829787233,,,0.9062553992488793,15.159629248197735,31.260777926805904,13.703703703703702,0,646.6275659824048,0.0,1.3269636870365566
23.72,86.67218543046357,198.51063829787233,,,0.9947803471887533,20.0,27.30408124161717,13.703703703703702,0,646.6275659824048,0.0,1.2454866748162412
22.497777777777777,88.54856512141279,198.51063829787233,,,1.0161954732697398,19.031925849639546,23.424027591492628,13.703703703703702,0,646.6275659824048,0.0,0.7886118313298839
25.724444444444444,84.1335540838852,198.51063829787233,,,1.1206794642126419,17.44593202883625,19.994251772370188,9.4238683127572,0,646.6275659824048,0.0,1.3534782782667572
22.106666666666666,109.49227373068432,198.51063829787233,,,1.216979330538606,16.93099897013388,24.353324391645913,9.4238683127572,0,646.6275659824048,0.0,0.791739856229996
21.275555555555556,92.57726269315674,198.51063829787233,,,1.2738589966263218,13.944387229660142,19.199080283579235,8.189300411522632,0,646.6275659824048,0.0,0.9875027368812905
19.613333333333333,112.52759381898454,198.51063829787233,,,1.063936200201875,19.052523171987644,22.370185859360035,12.098765432098768,0,646.6275659824048,0.0,1.7819491270528856
20.54222222222222,88.52097130242825,198.51063829787233,,,1.1839700279169587,11.699279093717818,21.80494347576164,8.189300411522632,0,646.6275659824048,0.0,1.3758453984651884
20.884444444444444,85.29249448123619,198.51063829787233,,,1.0002364302667117,15.61277033985582,25.301781950565243,12.098765432098768,0,646.6275659824048,0.0,4.232396402018301
20.933333333333334,104.60816777041943,198.51063829787233,,,1.0994007402086043,15.489186405767247,25.21555853611803,12.098765432098768,0,646.6275659824048,0.0,0.827335048670404
20.2,111.67218543046357,198.51063829787233,,,1.1438678172939647,19.09371781668383,27.00708948074344,12.098765432098768,0,646.6275659824048,0.0,1.0489583665842865
22.644444444444446,93.90176600441501,198.51063829787233,,,1.2591275723158348,17.136972193614827,26.700517340486684,8.189300411522632,0,646.6275659824048,0.0,0.9537845841761278
22.448888888888888,99.55849889624724,198.51063829787233,,,1.3075503096327148,18.8259526261586,31.347001341253115,8.189300411522632,0,646.6275659824048,0.0,1.1302679063970862
23.42666666666667,78.42163355408388,198.51063829787233,,,1.460593439969446,14.809474768280122,27.438206552979498,8.189300411522632,0,646.6275659824048,0.0,0.7235853302263642
22.546666666666667,89.98344370860926,198.51063829787233,,,1.6180014367685438,17.50772399588054,27.54359072619276,13.497942386831275,0,646.6275659824048,0.0,0.62658845892565
21.275555555555556,87.08609271523179,198.51063829787233,,,1.490329092744319,18.970133882595263,25.359264226863388,13.497942386831275,0,646.6275659824048,0.0,1.5631222611517515
22.106666666666666,109.43708609271523,198.51063829787233,,,1.3573370677190844,18.887744593202882,29.392603947116307,14.609053497942385,0,646.6275659824048,0.0,1.2536916988086302
20.24888888888889,95.03311258278146,198.51063829787233,,,1.1907901317644067,18.61997940267765,27.783100210768353,14.609053497942385,0,646.6275659824048,0.0,1.6201527977783043
19.808888888888887,118.21192052980132,198.51063829787233,,,1.0702106957415272,20.0,24.82276298141407,14.609053497942385,0,646.6275659824048,0.0,1.70517033405013
19.662222222222223,139.10044150110377,198.51063829787233,,,0.9425383517173023,17.50772399588054,22.74382065529795,14.609053497942385,0,646.6275659824048,0.0,1.536675108474913
21.813333333333333,108.36092715231788,198.51063829787233,,,0.9379006811010375,18.743563336766222,19.793063805326693,14.609053497942385,0,646.6275659824048,0.0,1.0547738178358788
20.68888888888889,106.23620309050773,198.51063829787233,,,1.0047376988060273,18.4346035015448,21.62291626748419,14.609053497942385,0,646.6275659824048,0.0,2.4777801206430765
23.915555555555557,99.08940397350992,198.51063829787233,,,1.2760414298575058,19.42327497425335,27.25617934470205,14.609053497942385,0,646.6275659824048,0.0,1.0922640336257619
24.551111111111112,91.00441501103752,198.51063829787233,,,1.1937909774572832,20.0,25.46464840007665,14.609053497942385,0,646.6275659824048,0.0,0.6361759732619623
23.084444444444443,97.24061810154527,198.51063829787233,,,1.1577808291427583,20.0,28.013029315960917,14.609053497942385,0,646.6275659824048,0.0,1.1195047132804945
20.835555555555555,110.87196467991168,198.51063829787233,,,1.0448399094290208,19.299691040164777,21.967809925273045,14.609053497942385,0,646.6275659824048,0.0,1.4382373000840285
21.324444444444445,111.3962472406181,198.51063829787233,,,1.1707390264529096,18.928939237899073,27.7639394520023,14.609053497942385,0,646.6275659824048,0.0,1.1987742368540901
22.84,94.31567328918322,198.51063829787233,,,1.2854531731669836,19.25849639546859,26.633454684805525,14.609053497942385,0,646.6275659824048,0.0,0.706053554303996
21.715555555555554,90.59050772626932,198.51063829787233,,,1.4573197901226709,19.299691040164777,25.771220540333406,14.609053497942385,0,646.6275659824048,0.0,1.1148188577977174
22.448888888888888,95.25386313465782,198.51063829787233,,,1.5440715110622085,19.732234809474768,25.138915501053845,13.497942386831275,0,646.6275659824048,0.0,1.0478568702127058
21.91111111111111,98.50993377483442,198.51063829787233,,,1.4395875201193065,19.64984552008239,27.36156351791531,13.497942386831275,0,646.6275659824048,0.0,0.8451950255524678
22.106666666666666,93.34988962472406,198.51063829787233,,,1.6286407987705624,18.475798146240987,30.542249473079135,13.497942386831275,0,646.6275659824048,0.0,0.7543451783907094
22.986666666666665,94.15011037527594,198.51063829787233,,,1.6717438550864334,19.629248197734295,29.641693811074926,13.497942386831275,0,646.6275659824048,0.0,0.6108606643057178
23.42666666666667,92.88079470198676,198.51063829787233,,,1.6894761250897978,18.31101956745623,26.211917991952483,13.497942386831275,0,646.6275659824048,0.0,0.571412482516555
24.25777777777778,91.41832229580572,198.51063829787233,,,1.804735880111668,19.855818743563336,36.712013795746316,13.497942386831275,0,646.6275659824048,0.0,0.9263550765719814
22.84,96.8543046357616,198.51063829787233,,,1.8639343815075162,18.78475798146241,30.341061506035636,13.497942386831275,0,646.6275659824048,0.0,1.06859872127511
22.448888888888888,95.25386313465782,198.51063829787233,,,1.781683929107294,17.21936148300721,28.396244491281863,13.497942386831275,0,646.6275659824048,0.0,0.5334445769736904
21.764444444444443,97.68211920529802,198.51063829787233,,,1.9791941365293857,17.50772399588054,23.13661621000192,13.497942386831275,0,646.6275659824048,0.0,0.5240548823939069
22.155555555555555,91.97019867549669,198.51063829787233,,,2.250088661350017,15.942327497425335,22.753401034680977,13.497942386831275,0,646.6275659824048,0.0,0.9210150671215921
22.84,90.01103752759383,198.51063829787233,,,2.2554083423510267,16.642636457260554,26.25023950948458,13.497942386831275,0,646.6275659824048,0.0,0.8706216081217599
25.333333333333332,85.78918322295806,198.51063829787233,,,2.165928579872509,16.786817713697218,24.1425560452194,13.497942386831275,0,646.6275659824048,0.0,0.7637247571874886
23.57333333333333,90.53532008830021,198.51063829787233,,,2.0022460875337598,17.940267765190526,30.082391262694003,13.497942386831275,0,646.6275659824048,0.0,0.540161456888556
24.20888888888889,85.65121412803532,198.51063829787233,,,1.9607798561412761,17.61071060762101,26.96876796321135,13.497942386831275,0,646.6275659824048,0.0,0.414386306916453
25.08888888888889,83.83002207505518,198.51063829787233,,,2.1889805308768833,16.49845520082389,26.403525579612957,13.497942386831275,0,646.6275659824048,0.0,0.7472866098054758
25.43111111111111,73.62030905077262,198.51063829787233,,,2.2806427265865836,17.91967044284243,28.28127993868558,13.497942386831275,0,646.6275659824048,0.0,0.6535728720776066
26.017777777777777,81.70529801324503,198.51063829787233,,,2.501341287089998,12.873326467559219,25.368844606246405,11.11111111111111,0,646.6275659824048,0.0,0.8804103141422692
25.284444444444443,84.21633554083886,198.51063829787233,,,2.641971828424374,9.330587023686922,21.05767388388581,11.11111111111111,0,646.6275659824048,0.0,0.35487065959850683
24.844444444444445,92.54966887417218,198.51063829787233,,,2.3759877783739056,16.848609680741504,22.906687104809354,11.11111111111111,0,646.6275659824048,0.0,0.4235882975227121
24.893333333333334,104.05629139072848,198.51063829787233,,,1.924224099518955,18.86714727085479,23.395286453343555,8.189300411522632,0,646.6275659824048,0.0,0.4963432568415288
24.893333333333334,95.25386313465782,198.51063829787233,,,2.426320144768071,14.026776519052522,22.65759724085074,8.02469135802469,0,646.6275659824048,0.0,1.749960773241461
25.382222222222225,85.95474613686534,198.51063829787233,,,2.3107875855923035,11.081359423274977,20.61697643226672,8.02469135802469,0,646.6275659824048,0.0,1.4688993623459985
25.284444444444443,90.17660044150111,198.51063829787233,,,2.596822740954269,16.70442842430484,24.96646867215942,8.02469135802469,0,646.6275659824048,0.0,0.4880831580305605
25.137777777777778,80.73951434878586,198.51063829787233,,,2.686711709663632,18.08444902162719,25.560452193906887,6.049382716049384,0,646.6275659824048,0.0,0.45319719437634404
26.897777777777776,84.85099337748343,198.51063829787233,,,2.410088297611145,14.850669412976313,27.553171105575785,8.02469135802469,0,646.6275659824048,0.0,0.40040067492504205
30.124444444444443,77.40066225165563,198.51063829787233,,,1.9141303458247327,13.326467559217301,32.755317110557584,9.4238683127572,0,646.6275659824048,0.0,0.5215888792926325
22.302222222222223,95.28145695364238,198.51063829787233,,,1.7734998044903567,19.052523171987644,17.876987928721977,8.189300411522632,0,646.6275659824048,0.0,0.904741020219427
22.05777777777778,111.72737306843267,198.51063829787233,,,1.4682319562785877,19.464469618949536,24.9185667752443,8.189300411522632,0,646.6275659824048,0.0,0.717860921021811
23.72,96.77152317880794,198.51063829787233,,,1.6036792186889033,18.681771369721936,28.00344893657789,9.4238683127572,0,646.6275659824048,0.0,0.5468243859607319
21.422222222222224,113.962472406181,198.51063829787233,,,1.3246005692513343,19.44387229660144,16.698601264610083,9.4238683127572,0,646.6275659824048,0.0,1.6878835848716442
22.693333333333335,94.97792494481237,198.51063829787233,,,1.4198092189617078,19.320288362512873,25.138915501053845,9.4238683127572,0,646.6275659824048,0.0,1.149454174828605
26.017777777777777,81.40176600441501,198.51063829787233,,,1.1206794642126419,17.52832131822863,25.560452193906887,9.4238683127572,0,646.6275659824048,0.0,1.6103629677819054
26.8,74.86203090507726,198.51063829787233,,,3.129882057670798,12.729145211122557,25.684997125886188,6.049382716049384,0,646.6275659824048,0.0,0.6538943291819659
27.142222222222223,66.58388520971303,198.51063829787233,,,3.003710136493012,14.830072090628219,30.55182985246216,6.049382716049384,0,646.6275659824048,0.0,0.6408753164554116
27.77777777777778,64.56953642384106,198.51063829787233,,,3.11133137520574,15.262615859938206,33.53132784058249,6.049382716049384,0,646.6275659824048,0.0,0.6434582130491802
26.21333333333333,73.97902869757175,198.51063829787233,,,4.049368458383727,7.703398558187436,21.08641502203487,6.049382716049384,0,646.6275659824048,0.0,0.3160687639457308
25.626666666666665,82.03642384105959,198.51063829787233,,,3.538815484363776,8.032955715756952,22.13067637478445,8.148148148148147,0,646.6275659824048,0.0,0.2666351803554191
25.92,74.4205298013245,198.51063829787233,,,3.9039638443561366,10.092687950566429,26.355623682697843,8.148148148148147,0,646.6275659824048,0.0,0.41220129778752085
24.893333333333334,86.56181015452539,198.51063829787233,,,3.2958833853176808,15.83934088568486,24.458708564859172,8.148148148148147,0,646.6275659824048,0.0,0.6390286240691794
25.626666666666665,76.82119205298012,198.51063829787233,,,2.75900481044658,10.360453141091659,22.45640927380725,8.148148148148147,0,646.6275659824048,0.0,0.5428072961321293
22.986666666666665,95.060706401766,197.87234042553195,,,0.942947557948149,18.496395468589085,18.135658172063614,9.218106995884773,0,1000.0,0.0,0.016245947504930882
18.977777777777778,111.36865342163355,197.87234042553195,,,0.8536041975465815,19.64984552008239,17.75244299674267,9.218106995884773,0,1000.0,0.0,0.01989999312126756
19.515555555555554,127.12472406181014,197.87234042553195,,,0.9452663932562814,19.588053553038105,14.677141214792108,9.218106995884773,0,1000.0,0.0,0.02260765103875604
22.204444444444444,95.08830022075054,197.87234042553195,,,1.0073293382680575,19.752832131822863,23.20367886568308,9.218106995884773,0,1000.0,0.0,0.011174568292100652
25.382222222222225,82.06401766004416,197.87234042553195,,,1.337149560330639,16.601441812564367,23.20367886568308,9.218106995884773,0,1000.0,0.0,0.01180174683836822
26.21333333333333,78.36644591611478,192.12765957446808,,,1.7078904054779074,10.525231719876418,20.559494155968576,8.230452674897117,0,338.3431085043988,0.0,0.018769273376562944
27.53333333333333,82.72626931567328,192.12765957446808,,,1.7078904054779074,8.177136972193615,22.65759724085074,8.230452674897117,0,338.3431085043988,0.0,0.030712641176991583
26.84888888888889,93.79139072847681,192.12765957446808,,,2.276550664278115,5.334706488156541,20.205020118796707,8.230452674897117,0,338.3431085043988,0.0,0.019407691681724196
25.186666666666667,103.55960264900662,192.12765957446808,,,2.276550664278115,14.418125643666324,17.522513891550105,8.230452674897117,0,338.3431085043988,0.0,0.031839988994028096
24.502222222222223,84.1335540838852,192.12765957446808,,,2.4049050186870846,13.944387229660142,21.392987162291625,8.230452674897117,0,338.3431085043988,0.0,0.029454912156788342
25.92,80.87748344370861,192.12765957446808,,,1.745264574561922,12.852729145211123,23.548572523471933,8.230452674897117,0,338.3431085043988,0.0,0.0261661587044964
24.11111111111111,86.89293598233995,192.12765957446808,,,1.732715583482618,14.54170957775489,19.237401801111325,8.230452674897117,0,338.3431085043988,0.0,0.01927731047855746
23.76888888888889,84.7682119205298,192.12765957446808,,,1.8667988251234442,15.818743563336765,23.625215558536123,8.230452674897117,0,338.3431085043988,0.0,0.024509418243567373
26.506666666666668,71.90949227373068,203.61702127659575,,Right,1.8400640180414483,13.635427394438722,29.047710289327462,7.73662551440329,0,420.4545454545455,0.0,0.006329108233033473
25.626666666666665,70.28145695364239,203.61702127659575,,Right,1.5793996489919888,15.200823892893924,24.516190841157314,7.73662551440329,0,420.4545454545455,0.0,0.004377886089089926
27.240000000000002,60.78918322295806,203.61702127659575,,Right,1.4157171566532385,18.146240988671472,32.71699559302549,7.73662551440329,0,420.4545454545455,0.0,0.006118924741721581
26.31111111111111,63.10706401766004,203.61702127659575,,Right,1.7177113550182326,17.79608650875386,30.973366545315194,7.73662551440329,0,420.4545454545455,0.0,0.011607299009507488
21.373333333333335,66.97019867549669,203.61702127659575,,Right,1.8760741663559728,16.04531410916581,23.653956696685192,7.73662551440329,0,420.4545454545455,0.0,0.004618416929414764
