AtBat,Doubles,Triples,StolenBases,TotalBases,Strikeouts,MVPs,TotalGames,CSingles,CTriples,CScores,CStolenBases,CStrikeouts,Region,Tier,Catches,Saves,Fouls,Endorsements,NewRegion
293,27.42616033755274,0.5,34.61538461538462,95.86776859504133,26.666666666666668,0.0,58.57203933304831,36.45343367826905,0.2737226277372263,26.80221811460259,26.220614828209765,13.409961685823754,East,Upper,485.48621190130626,33.53658536585366,31.25,,North
315,33.755274261603375,3.5,27.692307692307693,125.6198347107438,74.28571428571429,5.652173913043478,733.2193244976486,488.59360301034803,18.886861313868614,295.74861367837343,374.32188065099456,359.1954022988506,West,Lower,687.9535558780841,43.69918699186992,15.625,8.51619644723093,South
479,54.43037974683544,9.0,76.15384615384615,238.01652892561984,144.76190476190476,0.8695652173913043,343.0953398888414,266.3452492944497,17.244525547445257,206.09981515711644,240.50632911392407,251.91570881226056,East,Lower,957.9100145137882,83.33333333333333,21.875,8.620689655172415,North
496,59.07172995780591,10.0,75.0,257.8512396694215,70.47619047619048,4.3478260869565215,1199.0166737922189,923.6829727187205,61.587591240875916,764.3253234750463,757.6853526220615,339.08045977011494,West,Upper,217.70682148040638,11.178861788617887,4.6875,9.03866248693835,South
321,36.28691983122363,5.0,45.0,138.84297520661158,57.14285714285714,0.43478260869565216,80.58999572466865,57.03198494825965,3.2846715328467155,43.438077634011094,41.59132007233273,31.60919540229885,West,Upper,876.2699564586356,40.65040650406504,6.25,0.5015673981191223,South
594,70.88607594936708,2.0,85.38461538461539,168.59504132231405,66.66666666666666,4.3478260869565215,938.2214621633176,663.8052681091251,5.200729927007299,462.10720887245844,303.79746835443035,185.82375478927204,East,Lower,306.966618287373,427.8455284552846,39.0625,14.263322884012538,North
185,15.18987341772152,0.5,26.53846153846154,26.446280991735538,40.0,0.43478260869565216,41.68448054724241,22.342427093132645,0.2737226277372263,26.80221811460259,8.1374321880651,22.988505747126435,West,Upper,82.72859216255443,129.0650406504065,10.9375,0.052246603970741906,North
298,30.37974683544304,0.0,27.692307692307693,79.33884297520662,13.333333333333334,0.8695652173913043,104.74561778537836,61.147695202257765,0.0,36.96857670979668,33.45388788426763,11.494252873563218,East,Lower,131.71262699564585,287.6016260162602,14.0625,0.6792058516196446,North
323,33.755274261603375,3.0,30.0,105.78512396694215,15.238095238095239,0.43478260869565216,68.83283454467721,48.21260583254939,1.6423357664233578,28.65064695009242,30.741410488245933,7.662835249042146,West,Lower,155.66037735849056,294.7154471544716,29.6875,0.1567398119122257,South
401,38.39662447257383,8.5,56.53846153846154,218.18181818181816,123.80952380952381,5.217391304347826,1108.807182556648,780.8090310442145,69.25182481751825,723.6598890942699,804.7016274864376,829.5019157088124,East,Upper,0.0,0.0,0.0,21.577847439916408,North
574,66.66666666666666,10.5,123.46153846153845,247.93388429752068,112.38095238095238,3.9130434782608696,985.8914065840102,761.994355597366,24.635036496350363,647.8743068391867,455.6962025316456,467.4329501915709,East,Upper,259.0711175616836,452.23577235772353,34.375,9.39692789968652,North
202,21.940928270042196,2.0,35.769230769230774,85.9504132231405,51.42857142857142,3.4782608695652173,396.96451474989306,272.22483537158985,4.105839416058394,176.52495378927912,168.17359855334539,154.21455938697318,West,Lower,330.91436865021774,45.73170731707317,17.1875,9.299895506792058,South
418,47.257383966244724,6.5,55.38461538461539,201.65289256198346,89.52380952380953,1.3043478260869565,319.1534843950406,228.1279397930386,11.222627737226277,188.53974121996302,184.44846292947557,194.44444444444443,West,Upper,229.68069666182873,11.178861788617887,10.9375,10.083594566353186,South
239,24.894514767932492,0.0,34.61538461538462,36.36363636363637,41.904761904761905,2.1739130434782608,410.8593415989739,297.5070555032926,1.094890510948905,284.6580406654344,93.12839059674504,198.27586206896552,East,Upper,131.71262699564585,153.4552845528455,9.375,13.218390804597702,North
196,17.72151898734177,3.5,33.46153846153846,89.25619834710744,57.14285714285714,5.217391304347826,686.6182129115006,482.71401693320786,9.854014598540147,346.5804066543438,262.2061482820977,227.96934865900383,West,Upper,87.08272859216255,45.73170731707317,12.5,3.605015673981191,South
183,16.033755274261605,1.5,23.076923076923077,49.586776859504134,20.952380952380953,0.8695652173913043,38.90551517742625,22.342427093132645,0.8211678832116789,17.56007393715342,14.466546112115731,10.53639846743295,East,Lower,128.44702467343978,0.0,0.0,,North
568,66.24472573839662,10.0,102.6923076923077,247.93388429752068,139.04761904761904,6.086956521739131,1720.6070970500214,1334.0780809031044,48.448905109489054,964.8798521256931,897.8300180831827,701.1494252873563,West,Lower,114.29608127721335,294.7154471544716,15.625,14.78578892371996,South
190,18.9873417721519,1.0,27.692307692307693,26.446280991735538,28.57142857142857,1.7391304347826086,98.33262077811031,57.61994355597366,1.3686131386861313,59.14972273567468,20.795660036166364,37.35632183908046,East,Lower,111.03047895500727,179.8780487804878,25.0,2.246603970741902,North
407,43.459915611814345,3.0,65.76923076923077,142.1487603305785,123.80952380952381,4.782608695652174,1114.5788798631893,866.6509877704609,27.37226277372263,593.3456561922366,594.9367088607595,625.4789272030652,East,Lower,992.7431059506532,89.4308943089431,14.0625,,North
127,13.080168776371309,4.0,18.461538461538463,72.72727272727273,26.666666666666668,3.0434782608695654,151.3467293715263,103.48071495766699,6.569343065693431,60.99815157116451,74.14104882459313,53.63984674329502,West,Lower,219.88388969521043,22.357723577235774,3.125,1.4106583072100314,South
413,38.39662447257383,8.0,83.07692307692308,158.67768595041323,123.80952380952381,0.0,84.22402736212057,51.740357478833495,4.37956204379562,65.61922365988909,43.399638336347195,62.26053639846743,West,Upper,304.78955007256894,9.146341463414634,7.8125,0.6792058516196446,South
426,45.56962025316456,1.5,63.46153846153846,142.1487603305785,118.0952380952381,0.0,87.00299273193671,61.73565380997178,0.8211678832116789,49.90757855822551,38.87884267631103,59.38697318007663,East,Lower,392.9608127721335,22.357723577235774,3.125,0.9926854754440961,South
22,3.79746835443038,0.5,4.615384615384616,6.6115702479338845,1.9047619047619049,2.1739130434782608,13.894826849080804,12.935089369708374,0.5474452554744526,7.393715341959335,8.1374321880651,2.8735632183908044,East,Lower,883.8896952104499,85.3658536585366,17.1875,,North
472,48.52320675105485,8.0,69.23076923076924,204.9586776859504,140.95238095238096,2.1739130434782608,407.225309961522,285.1599247412982,18.33941605839416,222.73567467652495,226.94394213381554,229.88505747126436,West,Lower,563.8606676342525,55.89430894308943,4.6875,11.128526645768025,South
629,70.46413502109705,9.0,84.23076923076923,337.1900826446281,76.19047619047619,7.391304347826086,1796.7079948696023,1446.3781749764817,44.89051094890511,930.6839186691312,969.258589511754,385.0574712643678,East,Upper,1161.4658925979681,159.55284552845526,21.875,14.82062695924765,North
587,68.35443037974683,2.0,106.15384615384616,168.59504132231405,133.33333333333331,2.1739130434782608,572.0393330483113,436.8532455315146,4.653284671532846,407.5785582255083,179.02350813743217,303.63984674329504,East,Upper,472.4238026124819,9.146341463414634,4.6875,14.576802507836991,North
324,30.37974683544304,2.0,36.92307692307693,59.50413223140496,41.904761904761905,2.608695652173913,408.72167592988455,286.33584195672626,3.5583941605839415,268.0221811460259,97.6491862567812,172.41379310344828,West,Upper,241.6545718432511,3.048780487804878,4.6875,13.392539184952978,South
474,54.008438818565395,5.0,57.69230769230769,185.12396694214877,76.19047619047619,3.9130434782608696,494.2283026934587,352.77516462841015,16.697080291970803,226.43253234750463,295.6600361663653,159.00383141762453,West,Lower,796.8069666182874,84.34959349593495,20.3125,14.263322884012538,South
550,63.71308016877637,3.0,106.15384615384616,122.31404958677685,154.2857142857143,1.7391304347826086,489.31167165455327,369.82596425211665,8.75912408759124,321.6266173752311,164.55696202531647,295.0191570881226,West,Lower,285.1959361393324,334.349593495935,25.0,11.650992685475444,South
513,57.383966244725734,10.0,103.84615384615384,314.04958677685954,171.42857142857142,5.652173913043478,1107.7383497221035,810.2069614299154,45.43795620437957,704.2513863216267,663.6528028933092,750.9578544061302,East,Lower,290.63860667634253,5.08130081300813,4.6875,17.398119122257054,North
313,35.0210970464135,4.5,48.46153846153847,99.17355371900827,74.28571428571429,6.956521739130435,1468.7900812312953,1075.376293508937,61.31386861313869,953.7892791127541,781.1934900542497,1041.1877394636017,East,Lower,138.24383164005806,224.59349593495935,10.9375,,North
419,45.14767932489451,3.0,63.46153846153846,119.00826446280992,41.904761904761905,0.8695652173913043,122.27447627191107,85.25399811853245,2.18978102189781,73.01293900184842,41.59132007233273,29.693486590038315,West,Lower,246.0087082728592,7.113821138211382,6.25,0.8881922675026124,South
517,59.07172995780591,13.5,80.76923076923076,287.603305785124,99.04761904761905,3.4782608695652173,759.2988456605386,582.0790216368767,58.85036496350365,502.7726432532348,589.5117540687161,322.79693486590037,West,Lower,1500.0,103.65853658536585,12.5,,South
583,70.46413502109705,8.5,95.76923076923076,264.4628099173554,106.66666666666667,1.7391304347826086,347.798204360838,263.4054562558796,12.043795620437956,201.47874306839185,188.06509945750452,130.26819923371647,East,Upper,118.65021770682146,296.7479674796748,39.0625,11.389759665621735,North
204,20.253164556962027,3.0,26.53846153846154,82.64462809917356,22.857142857142858,2.608695652173913,275.7588713125267,178.73941674506116,7.39051094890511,115.52680221811461,119.3490054249548,63.2183908045977,East,Lower,456.09579100145135,46.74796747967479,7.8125,4.858934169278997,North
379,44.303797468354425,5.0,43.84615384615385,198.34710743801654,57.14285714285714,5.652173913043478,1322.7875160324925,1118.2972718720603,39.96350364963504,792.9759704251387,726.0397830018084,546.9348659003831,West,Lower,78.3744557329463,172.7642276422764,37.5,16.353187042842215,South
161,14.767932489451477,0.0,21.923076923076923,33.057851239669425,32.38095238095238,1.3043478260869565,221.03463018383925,141.11006585136406,0.8211678832116789,143.25323475046213,77.75768535262206,102.4904214559387,East,Upper,76.19738751814224,151.4227642276423,18.75,,North
268,24.894514767932492,2.5,27.692307692307693,82.64462809917356,28.57142857142857,0.43478260869565216,70.75673364685763,43.508936970837254,1.3686131386861313,30.499075785582257,26.220614828209765,17.241379310344826,West,Lower,481.1320754716981,59.959349593495936,9.375,0.4702194357366771,South
346,40.92827004219409,2.5,35.769230769230774,175.20661157024793,57.14285714285714,6.521739130434783,1259.9401453612654,947.2013170272812,64.32481751824818,723.6598890942699,814.6473779385171,536.3984674329502,East,Upper,0.0,0.0,0.0,,North
241,25.31645569620253,0.5,39.23076923076923,39.66942148760331,26.666666666666668,0.0,47.456177853783664,33.51364063969896,0.2737226277372263,30.499075785582257,10.849909584086799,13.409961685823754,West,Lower,180.6966618287373,174.7967479674797,15.625,,South
181,16.877637130801688,0.5,17.30769230769231,69.42148760330579,62.857142857142854,0.43478260869565216,45.53227875160325,27.04609595484478,1.094890510948905,17.56007393715342,26.220614828209765,43.10344827586207,East,Upper,354.86211901306245,29.471544715447155,7.8125,0.0,North
216,22.362869198312236,0.0,24.230769230769234,59.50413223140496,28.57142857142857,7.391304347826086,1560.2821718683197,1130.0564440263406,12.591240875912408,734.7504621072088,566.9077757685352,462.64367816091954,West,Lower,112.1190130624093,85.3658536585366,7.8125,,South
200,23.628691983122362,3.0,26.53846153846154,46.28099173553719,26.666666666666668,3.4782608695652173,533.7751175716118,399.8118532455315,12.591240875912408,341.9593345656192,207.95660036166365,186.7816091954023,West,Lower,75.1088534107402,1.016260162601626,1.5625,,South
217,18.9873417721519,3.5,36.92307692307693,62.8099173553719,17.142857142857142,1.3043478260869565,144.29243266353143,91.72154280338664,8.75912408759124,78.55822550831792,68.71609403254972,30.651340996168585,East,Upper,334.1799709724238,25.40650406504065,1.5625,2.3510971786833856,North
194,16.455696202531644,3.5,21.923076923076923,95.86776859504133,57.14285714285714,4.3478260869565215,890.1239846088073,626.175917215428,17.51824817518248,448.2439926062847,445.750452079566,582.3754789272031,East,Upper,353.77358490566036,22.357723577235774,3.125,,North
254,28.270042194092827,1.0,32.30769230769231,85.9504132231405,41.904761904761905,2.1739130434782608,209.49123557075671,136.40639698965194,5.748175182481752,98.8909426987061,105.7866184448463,113.02681992337165,East,Upper,390.7837445573295,30.48780487804878,6.25,4.963427377220481,North
416,55.27426160337553,3.5,65.76923076923077,161.98347107438016,62.857142857142854,0.8695652173913043,195.16887558785805,158.16086547507058,6.569343065693431,103.51201478743069,109.40325497287522,76.62835249042146,West,Lower,79.46298984034833,179.8780487804878,28.125,3.082549634273772,South
205,23.628691983122362,4.0,39.23076923076923,105.78512396694215,17.142857142857142,1.7391304347826086,157.54595981188544,110.53621825023518,8.75912408759124,107.20887245841035,96.74502712477396,48.85057471264368,East,Upper,63.13497822931785,4.065040650406504,6.25,3.761755485893417,North
542,58.64978902953587,6.0,53.07692307692308,247.93388429752068,78.0952380952381,6.521739130434783,1513.467293715263,1250.0,64.32481751824818,911.275415896488,984.629294755877,412.83524904214556,East,Upper,758.7082728592162,61.99186991869919,14.0625,,North
526,61.18143459915611,6.5,81.92307692307692,231.40495867768593,160.0,2.1739130434782608,561.9923044035912,418.03857008466605,21.076642335766422,324.3992606284658,309.2224231464738,276.8199233716475,West,Lower,329.82583454281564,9.146341463414634,14.0625,15.62173458725183,South
457,42.19409282700422,7.0,48.46153846153847,208.26446280991738,41.904761904761905,6.956521739130435,1389.9102180418981,1036.5710253998118,76.91605839416059,926.0628465804066,883.3634719710668,592.911877394636,East,Lower,423.4397677793904,39.63414634146341,6.25,16.875653082549636,North
214,21.940928270042196,1.0,34.61538461538462,95.86776859504133,43.80952380952381,0.43478260869565216,44.24967935014964,32.337723424270926,0.5474452554744526,28.65064695009242,28.933092224231462,25.862068965517242,West,Upper,118.65021770682146,7.113821138211382,4.6875,0.052246603970741906,South
19,2.5316455696202533,0.0,1.153846153846154,6.6115702479338845,1.9047619047619049,1.3043478260869565,4.7028644719965795,5.291627469426152,0.2737226277372263,1.8484288354898337,3.6166365280289328,3.831417624521073,East,Upper,0.0,0.0,0.0,,North
591,70.46413502109705,9.5,92.3076923076923,238.01652892561984,74.28571428571429,3.4782608695652173,953.1851218469432,766.1100658513641,30.93065693430657,585.0277264325323,509.04159132007237,305.55555555555554,East,Lower,72.93178519593613,149.390243902439,6.25,23.667711598746084,North
403,42.19409282700422,6.0,51.92307692307692,175.20661157024793,74.28571428571429,4.782608695652174,1096.8362548097477,837.8410159924741,45.43795620437957,689.463955637708,602.1699819168174,503.8314176245211,East,Upper,343.97677793904205,6.097560975609756,7.8125,12.695924764890282,North
405,42.616033755274266,9.0,56.53846153846154,280.9917355371901,38.095238095238095,2.1739130434782608,199.0166737922189,133.46660395108185,7.937956204379562,90.57301293900184,124.77396021699819,61.30268199233717,West,Lower,175.25399129172715,10.16260162601626,4.6875,7.262277951933124,South
244,24.050632911392405,4.5,32.30769230769231,82.64462809917356,66.66666666666666,1.3043478260869565,281.31680205215906,193.4383819379116,13.412408759124087,150.64695009242143,161.84448462929475,185.82375478927204,West,Lower,154.57184325108852,14.227642276422763,3.125,5.694879832810868,South
235,25.31645569620253,1.5,27.692307692307693,128.92561983471074,40.0,5.652173913043478,835.1859769132109,602.6575729068674,9.58029197080292,406.6543438077634,362.56781193490053,318.9655172413793,East,Upper,462.6269956458636,43.69918699186992,6.25,,North
313,32.48945147679325,3.0,36.92307692307693,135.53719008264463,22.857142857142858,4.782608695652174,795.8529286019667,566.7920978363123,9.58029197080292,377.07948243992604,290.2350813743219,162.8352490421456,West,Lower,115.38461538461539,209.34959349593495,10.9375,7.297115987460814,South
627,74.26160337552743,12.5,113.07692307692308,267.7685950413223,133.33333333333331,2.1739130434782608,682.129115006413,542.6857949200377,36.4051094890511,487.9852125693161,426.7631103074141,299.808429118774,East,Upper,261.2481857764877,489.8373983739837,20.3125,26.802507836990596,North
416,47.257383966244724,12.0,66.92307692307692,228.099173553719,30.476190476190478,0.0,84.86532706284737,64.08748824082784,6.569343065693431,52.68022181146026,62.386980108499095,15.325670498084293,East,Upper,220.97242380261247,71.13821138211382,15.625,0.4702194357366771,North
155,18.143459915611814,3.0,24.230769230769234,76.03305785123968,28.57142857142857,6.521739130434783,1413.4245404018811,958.3725305738476,26.824817518248175,644.1774491682071,597.6491862567813,744.2528735632184,West,Upper,57.69230769230769,89.4308943089431,4.6875,4.336468129571578,South
236,23.20675105485232,0.0,31.153846153846157,49.586776859504134,20.952380952380953,1.3043478260869565,234.28815733219324,156.3969896519285,0.2737226277372263,106.28465804066543,57.866184448462924,54.59770114942529,East,Lower,136.06676342525398,202.2357723577236,20.3125,3.3960292580982236,North
216,21.940928270042196,0.5,35.769230769230774,49.586776859504134,41.904761904761905,1.3043478260869565,193.88627618640444,121.11947318908749,2.4635036496350367,108.13308687615526,62.386980108499095,109.19540229885058,West,Lower,79.46298984034833,154.47154471544715,17.1875,3.2915360501567394,South
24,0.8438818565400843,0.0,1.153846153846154,0.0,3.8095238095238098,0.8695652173913043,29.92731936725096,14.111006585136407,0.0,17.56007393715342,10.849909584086799,8.620689655172413,East,Lower,87.08272859216255,4.065040650406504,0.0,,North
585,58.22784810126582,15.5,107.3076923076923,310.74380165289256,118.0952380952381,6.956521739130435,1609.020949123557,1162.9821260583255,86.22262773722628,1053.6044362292052,1066.003616636528,696.360153256705,East,Upper,0.0,0.0,0.0,18.443051201671892,North
191,15.18987341772152,2.0,13.846153846153847,56.19834710743802,26.666666666666668,1.3043478260869565,161.1799914493373,93.4854186265287,4.37956204379562,55.45286506469501,66.90777576853526,49.808429118773944,West,Upper,425.61683599419445,38.61788617886179,12.5,,South
199,21.940928270042196,2.5,33.46153846153846,72.72727272727273,40.0,0.8695652173913043,105.81445061992305,68.20319849482597,2.18978102189781,51.75600739371534,36.166365280289334,37.35632183908046,East,Lower,165.45718432510887,3.048780487804878,7.8125,0.1567398119122257,North
521,59.49367088607595,10.0,77.30769230769229,284.297520661157,85.71428571428571,1.3043478260869565,170.1581872595126,118.17968015051741,6.021897810218978,90.57301293900184,93.12839059674504,74.71264367816092,East,Upper,116.47314949201741,245.9349593495935,35.9375,0.7836990595611284,North
419,47.257383966244724,0.5,50.769230769230774,89.25619834710744,83.80952380952381,4.782608695652174,954.4677212483966,721.4252116650988,8.75912408759124,564.6950092421442,311.03074141048825,404.2145593869731,East,Upper,229.68069666182873,2.032520325203252,1.5625,,North
311,33.755274261603375,1.5,48.46153846153847,99.17355371900827,49.523809523809526,6.956521739130435,1758.8713125267209,1289.9811853245533,27.37226277372263,877.0794824399261,821.880650994575,660.919540229885,West,Lower,166.54571843251088,226.6260162601626,15.625,5.276907001044933,South
138,12.658227848101266,4.0,20.76923076923077,69.42148760330579,72.38095238095238,0.8695652173913043,48.097477554510476,28.80997177798683,3.2846715328467155,29.57486136783734,28.933092224231462,52.68199233716476,West,Upper,265.60232220609583,21.34146341463415,6.25,,South
512,54.85232067510548,13.0,79.61538461538461,317.35537190082647,99.04761904761905,5.652173913043478,1138.948268490808,819.0263405456257,60.492700729927,657.1164510166359,736.8896925858951,524.904214559387,East,Lower,129.5355587808418,219.5121951219512,18.75,16.353187042842215,North
507,51.0548523206751,14.5,90.0,280.9917355371901,173.33333333333334,7.391304347826086,1654.9807610089783,1142.403574788335,94.98175182481752,1085.0277264325323,1041.5913200723328,1321.83908045977,East,Upper,879.5355587808417,109.7560975609756,3.125,9.770114942528735,North
529,57.383966244725734,13.0,99.23076923076923,320.6611570247934,184.76190476190476,6.086956521739131,1419.8375374091493,1047.1542803386642,79.65328467153286,999.0757855822551,858.0470162748643,947.3180076628353,East,Upper,304.78955007256894,10.16260162601626,7.8125,18.094733542319748,North
424,49.789029535864984,3.0,65.76923076923077,152.06611570247935,24.761904761904763,3.4782608695652173,776.4001710132535,612.6528692380057,8.75912408759124,425.13863216266174,272.1518987341772,107.27969348659003,East,Upper,243.83164005805514,290.650406504065,12.5,16.353187042842215,South
351,40.50632911392405,2.0,63.46153846153846,95.86776859504133,74.28571428571429,1.3043478260869565,264.856776400171,205.1975540921919,4.37956204379562,180.22181146025878,99.45750452079565,112.0689655172414,West,Lower,246.0087082728592,7.113821138211382,4.6875,2.978056426332288,North
195,22.78481012658228,2.5,27.692307692307693,109.09090909090908,57.14285714285714,3.0434782608695654,276.6139375801625,196.37817497648163,6.843065693430657,132.1626617375231,134.71971066907776,146.55172413793105,West,Upper,90.34833091436865,2.032520325203252,1.5625,,South
388,43.037974683544306,7.5,68.07692307692308,155.37190082644628,74.28571428571429,2.1739130434782608,460.66695168875583,323.96519285042336,21.8978102189781,262.47689463955635,247.7396021699819,178.16091954022988,East,Lower,198.11320754716982,9.146341463414634,6.25,5.381400208986416,North
339,40.08438818565401,2.0,42.69230769230769,95.86776859504133,43.80952380952381,1.3043478260869565,223.38606241983754,168.15616180620884,3.010948905109489,112.75415896487985,97.6491862567812,52.68199233716476,East,Lower,113.20754716981132,216.46341463414635,14.0625,4.336468129571578,North
561,49.36708860759494,17.5,80.76923076923076,310.74380165289256,62.857142857142854,6.521739130434783,1423.2578024796921,923.6829727187205,120.985401459854,831.7929759704251,1094.0325497287522,582.3754789272031,East,Lower,503.9912917271408,32.520325203252035,12.5,,North
255,29.11392405063291,3.5,56.53846153846154,115.70247933884296,81.9047619047619,6.086956521739131,1345.019238991022,974.247412982126,42.153284671532845,940.8502772643253,549.7287522603978,785.44061302682,West,Upper,55.515239477503634,54.8780487804878,12.5,7.993730407523511,South
677,100.0,15.5,135.0,373.55371900826447,100.95238095238095,1.7391304347826086,471.14151346729375,430.9736594543744,25.456204379562042,321.6266173752311,362.56781193490053,163.79310344827587,East,Upper,1498.911465892598,101.6260162601626,9.375,39.86415882967607,North
227,18.9873417721519,3.5,26.53846153846154,66.11570247933885,22.857142857142858,1.7391304347826086,279.17913638306965,188.1467544684854,12.043795620437956,143.25323475046213,142.85714285714286,64.17624521072797,East,Lower,100.14513788098694,2.032520325203252,3.125,,North
614,68.35443037974683,14.5,102.6923076923077,274.38016528925624,142.85714285714286,4.3478260869565215,1068.4053014108595,813.7347130761995,72.8102189781022,750.4621072088725,743.2188065099458,590.9961685823754,West,Lower,329.82583454281564,6.097560975609756,9.375,38.29676071055381,South
329,34.59915611814346,4.5,57.69230769230769,128.92561983471074,106.66666666666667,3.4782608695652173,814.236853356135,555.032925682032,39.68978102189781,530.4990757855824,477.3960216998192,608.2375478927204,East,Lower,300.4354136429608,6.097560975609756,3.125,11.128526645768025,North
637,72.9957805907173,15.5,102.6923076923077,383.4710743801653,106.66666666666667,5.652173913043478,1433.9461308251389,1187.6763875823142,67.60948905109488,902.9574861367837,988.245931283906,474.1379310344828,West,Lower,302.61248185776486,9.146341463414634,14.0625,20.35876698014629,South
280,34.177215189873415,8.0,50.769230769230774,148.7603305785124,89.52380952380953,0.43478260869565216,87.4305258657546,64.08748824082784,6.843065693430657,55.45286506469501,63.291139240506325,60.3448275862069,East,Upper,161.10304789550074,4.065040650406504,3.125,0.8881922675026124,North
155,16.877637130801688,6.0,24.230769230769234,95.86776859504133,41.904761904761905,6.521739130434783,1152.2017956391621,784.3367826904986,49.54379562043796,688.539741219963,727.8481012658228,838.1226053639847,East,Lower,179.60812772133528,9.146341463414634,1.5625,4.022988505747127,North
458,47.67932489451477,6.5,77.30769230769229,188.4297520661157,91.42857142857143,1.3043478260869565,284.52330055579307,172.859830667921,7.664233576642336,146.95009242144178,111.21157323688969,116.85823754789273,East,Lower,267.77939042089986,395.3252032520325,28.125,8.51619644723093,North
314,34.59915611814346,6.5,45.0,152.06611570247935,30.476190476190478,1.7391304347826086,307.39632321504916,235.7714016933208,7.664233576642336,143.25323475046213,143.7613019891501,72.79693486590038,East,Lower,580.1886792452831,40.65040650406504,6.25,7.607105538140021,North
475,51.47679324894515,13.5,87.6923076923077,307.43801652892563,137.14285714285714,1.3043478260869565,382.8559213339033,274.5766698024459,29.56204379562044,268.9463955637708,310.126582278481,255.7471264367816,West,Upper,246.0087082728592,10.16260162601626,9.375,24.085684430512018,South
317,32.48945147679325,3.5,40.38461538461538,115.70247933884296,60.952380952380956,0.0,63.70243693886277,43.508936970837254,1.916058394160584,31.423290203327173,31.645569620253163,30.651340996168585,East,Upper,48.98403483309144,123.98373983739837,40.625,0.052246603970741906,North
511,57.80590717299579,12.5,87.6923076923077,317.35537190082647,116.1904761904762,0.8695652173913043,122.48824283882001,94.0733772342427,7.664233576642336,79.48243992606285,99.45750452079565,68.00766283524905,East,Lower,170.899854862119,7.113821138211382,12.5,1.619644723092999,North
278,28.691983122362867,1.5,27.692307692307693,69.42148760330579,55.23809523809524,3.0434782608695654,440.35912783240707,329.84477892756354,8.75912408759124,237.52310536044362,173.59855334538878,155.17241379310346,West,Lower,154.57184325108852,213.41463414634146,15.625,,South
382,49.789029535864984,6.5,62.307692307692314,191.73553719008265,68.57142857142857,4.782608695652174,451.9025224454895,346.89557855127,11.222627737226277,264.3253234750462,265.82278481012656,217.4329501915709,West,Lower,64.22351233671989,158.53658536585365,14.0625,11.024033437826542,South
565,62.0253164556962,12.0,103.84615384615384,343.801652892562,146.66666666666666,5.652173913043478,1553.655408294143,1222.3659454374413,83.485401459854,1048.0591497227356,1115.732368896926,757.6628352490421,East,Upper,317.8519593613933,9.146341463414634,7.8125,37.49132706374086,North
277,29.535864978902953,1.0,31.153846153846157,95.86776859504133,26.666666666666668,6.086956521739131,1268.277041470714,966.0159924741298,16.423357664233578,695.0092421441775,538.878842676311,248.08429118773947,West,Lower,391.87227866473154,32.520325203252035,7.8125,,South
415,48.10126582278481,13.5,111.92307692307692,234.7107438016529,129.52380952380952,0.8695652173913043,147.92646430098333,105.83254938852305,12.317518248175181,143.25323475046213,107.59493670886076,94.82758620689656,West,Lower,298.25834542815676,2.032520325203252,10.9375,4.858934169278997,South
424,45.9915611814346,7.5,80.76923076923076,155.37190082644628,68.57142857142857,2.608695652173913,451.2612227447627,317.4976481655691,10.401459854014599,308.68761552680223,157.3236889692586,247.1264367816092,West,Lower,317.8519593613933,6.097560975609756,4.6875,8.829676071055381,South
495,63.29113924050633,8.5,70.38461538461539,277.68595041322317,148.57142857142858,3.9130434782608696,1198.1616075245831,984.8306679209784,75.27372262773723,816.0813308687616,917.7215189873417,679.1187739463602,East,Upper,1137.5181422351234,89.4308943089431,20.3125,50.0,North
524,55.27426160337553,4.5,79.61538461538461,155.37190082644628,102.85714285714285,0.43478260869565216,203.7195382642155,150.51740357478835,3.832116788321168,112.75415896487985,83.18264014466546,86.20689655172414,East,Upper,230.76923076923077,332.3170731707317,31.25,,North
233,20.253164556962027,1.0,47.30769230769231,76.03305785123968,34.285714285714285,3.0434782608695654,284.52330055579307,195.20225776105363,1.916058394160584,152.49537892791128,110.30741410488245,101.53256704980843,East,Upper,111.03047895500727,134.14634146341464,15.625,6.426332288401254,North
395,44.303797468354425,8.0,55.38461538461539,185.12396694214877,66.66666666666666,3.9130434782608696,488.2428388200085,333.3725305738476,23.54014598540146,244.91682070240296,292.0433996383363,237.54789272030652,East,Upper,771.7706821480406,41.666666666666664,10.9375,,North
397,47.67932489451477,11.5,77.30769230769229,221.48760330578514,100.95238095238095,5.217391304347826,1190.6797776827702,957.1966133584197,65.96715328467153,836.4140480591498,837.251356238698,685.823754789272,East,Upper,265.60232220609583,2.032520325203252,6.25,,North
210,15.18987341772152,4.0,17.30769230769231,62.8099173553719,28.57142857142857,2.1739130434782608,208.42240273621206,141.11006585136406,9.854014598540147,97.96672828096119,103.0741410488246,50.76628352490422,East,Upper,43.54136429608128,116.86991869918698,23.4375,,North
420,39.66244725738397,11.5,63.46153846153846,191.73553719008265,70.47619047619048,0.8695652173913043,134.03163745190253,79.37441204139228,8.485401459854014,70.24029574861368,69.62025316455697,58.429118773946364,West,Lower,224.2380261248186,10.16260162601626,10.9375,,South
566,64.55696202531645,11.0,87.6923076923077,277.68595041322317,81.9047619047619,5.652173913043478,1299.9144933732364,928.3866415804328,35.85766423357664,685.7670979667283,626.5822784810126,287.35632183908046,East,Lower,343.97677793904205,446.13821138211387,15.625,14.263322884012538,North
641,83.12236286919831,15.5,116.53846153846155,357.02479338842977,78.0952380952381,1.7391304347826086,451.04745617785375,356.30291627469427,25.182481751824817,273.5674676524954,288.42676311030743,112.0689655172414,East,Upper,292.81567489114656,17.276422764227643,15.625,23.145245559038663,North
215,21.09704641350211,2.0,21.923076923076923,59.50413223140496,20.952380952380953,0.0,41.898247114151346,27.634054562558795,1.094890510948905,16.635859519408502,16.2748643761302,10.53639846743295,East,Upper,126.2699564586357,5.08130081300813,18.75,0.052246603970741906,North
441,53.58649789029536,8.0,80.76923076923076,241.32231404958677,152.38095238095238,5.652173913043478,1422.8302693458743,1229.4214487300094,57.20802919708029,989.8336414048059,949.367088607595,665.7088122605364,East,Lower,105.58780841799711,221.5447154471545,25.0,29.93730407523511,North
325,31.645569620253166,8.0,38.07692307692307,171.900826446281,70.47619047619048,1.7391304347826086,317.870884993587,204.0216368767639,19.434306569343068,179.29759704251384,198.01084990958407,204.9808429118774,West,Lower,790.2757619738752,88.41463414634146,4.6875,6.635318704284221,North
490,52.320675105485236,12.0,93.46153846153847,347.10743801652893,118.0952380952381,5.217391304347826,1292.0051303976059,965.4280338664157,74.17883211678831,781.8853974121996,903.254972875226,651.3409961685824,West,Upper,945.9361393323658,63.008130081300806,12.5,38.831159874608154,South
574,63.71308016877637,15.5,105.0,333.88429752066116,121.90476190476191,0.8695652173913043,206.49850363403164,150.51740357478835,14.507299270072993,135.85951940850276,156.41952983725133,90.99616858237547,West,Lower,1363.9332365747462,112.8048780487805,17.1875,3.082549634273772,South
284,26.582278481012654,7.0,34.61538461538462,138.84297520661158,45.714285714285715,7.391304347826086,1497.2210346301838,1129.4684854186266,95.25547445255475,910.3512014787431,1120.253164556962,637.9310344827586,West,Upper,104.49927431059506,4.065040650406504,6.25,,South
596,71.72995780590718,17.0,105.0,357.02479338842977,99.04761904761905,2.1739130434782608,607.7383497221034,425.68203198494825,29.288321167883215,332.71719038817,362.56781193490053,214.55938697318007,East,Lower,128.44702467343978,339.4308943089431,32.8125,17.398119122257054,North
472,49.36708860759494,6.0,72.6923076923077,178.51239669421489,57.14285714285714,1.3043478260869565,165.45532278751602,107.59642521166509,3.832116788321168,93.3456561922366,72.33273056057867,47.89272030651341,East,Lower,248.1857764876633,383.130081300813,40.625,1.8286311389759664,North
283,32.06751054852321,7.0,51.92307692307692,155.37190082644628,49.523809523809526,6.521739130434783,1458.1017528858486,1120.6491063029164,70.89416058394161,844.731977818854,964.7377938517179,522.9885057471264,East,Lower,156.7489114658926,6.097560975609756,7.8125,13.218390804597702,North
408,39.24050632911392,2.0,48.46153846153847,119.00826446280992,125.71428571428571,3.4782608695652173,759.7263787943566,506.8203198494826,16.14963503649635,395.5637707948244,330.0180831826401,392.72030651341,West,Lower,306.966618287373,494.9186991869919,29.6875,9.770114942528735,South
327,35.44303797468354,1.5,34.61538461538462,145.45454545454547,38.095238095238095,3.0434782608695654,453.3988884138521,331.60865475070557,4.37956204379562,198.7060998151571,188.06509945750452,89.08045977011494,East,Upper,99.05660377358491,188.00813008130083,18.75,6.165099268547544,North
370,40.08438818565401,10.5,56.53846153846154,152.06611570247935,114.28571428571428,6.086956521739131,1489.3116716545533,1157.1025399811854,63.229927007299274,987.985212569316,863.4719710669078,882.183908045977,West,Upper,149.12917271407838,5.08130081300813,14.0625,13.915005224660396,South
354,32.06751054852321,8.0,41.53846153846154,181.8181818181818,78.0952380952381,8.26086956521739,1859.1278324070115,1274.6942615239886,105.1094890510949,1082.2550831792976,1145.5696202531647,1012.4521072796935,West,Lower,90.34833091436865,176.8292682926829,25.0,2.7690700104493207,South
539,58.22784810126582,2.5,107.3076923076923,191.73553719008265,131.42857142857142,1.7391304347826086,309.9615220179564,214.60489181561618,3.2846715328467155,227.35674676524954,113.9240506329114,189.6551724137931,East,Lower,502.90275761973874,9.146341463414634,10.9375,6.948798328108673,North
340,35.0210970464135,5.5,71.53846153846155,109.09090909090908,89.52380952380953,1.7391304347826086,320.0085506626763,218.7206020696143,11.496350364963504,261.55268022181144,127.48643761301989,209.77011494252872,West,Upper,201.3788098693759,8.130081300813009,6.25,6.948798328108673,North
510,52.742616033755276,1.0,48.46153846153847,145.45454545454547,66.66666666666666,4.3478260869565215,1184.9080803762292,925.4468485418627,12.043795620437956,648.7985212569316,469.25858951175405,245.21072796934868,West,Lower,225.32656023222063,363.8211382113821,31.25,14.00208986415883,South
315,24.47257383966245,8.0,51.92307692307692,119.00826446280992,110.47619047619048,5.217391304347826,995.7246686618214,615.5926622765758,73.35766423357664,628.4658040665433,707.0524412296564,667.6245210727969,East,Lower,0.0,0.0,0.0,,North
282,32.48945147679325,6.5,42.69230769230769,168.59504132231405,55.23809523809524,1.7391304347826086,348.4395040615648,263.9934148635936,19.98175182481752,194.08502772643251,253.1645569620253,132.183908045977,East,Lower,729.3178519593614,57.926829268292686,7.8125,9.03866248693835,North
380,50.210970464135016,2.5,62.307692307692314,168.59504132231405,59.04761904761905,3.0434782608695654,662.462590850791,526.8109125117592,25.182481751824817,409.42698706099816,378.84267631103074,229.88505747126436,East,Lower,257.98258345428155,8.130081300813009,1.5625,11.128526645768025,North
584,66.24472573839662,7.5,80.76923076923076,277.68595041322317,80.0,1.7391304347826086,500.0,371.5898400752587,15.875912408759124,243.99260628465805,285.7142857142857,128.35249042145594,West,Upper,360.3047895500726,20.32520325203252,6.25,12.434691745036574,South
570,70.88607594936708,10.5,83.07692307692308,290.90909090909093,72.38095238095238,2.608695652173913,798.4181274048739,630.8795860771402,38.32116788321168,453.7892791127542,532.5497287522604,251.91570881226056,East,Lower,321.11756168359943,15.24390243902439,7.8125,18.443051201671892,North
306,43.459915611814345,7.0,57.69230769230769,191.73553719008265,47.61904761904761,2.608695652173913,627.4048738777255,480.95014111006583,15.054744525547445,288.354898336414,340.8679927667269,179.11877394636016,West,Upper,126.2699564586357,225.609756097561,23.4375,14.263322884012538,South
220,22.362869198312236,5.0,34.61538461538462,128.92561983471074,59.04761904761905,1.7391304347826086,249.25181701581872,173.447789275635,10.94890510948905,133.08687615526802,139.24050632911394,122.60536398467434,West,Upper,54.426705370101594,138.21138211382114,31.25,4.806687565308255,South
278,29.11392405063291,3.5,25.384615384615387,122.31404958677685,34.285714285714285,7.391304347826086,1532.0649850363402,1221.190028222013,52.007299270073,863.2162661737524,983.7251356238698,615.9003831417624,East,Lower,0.0,0.0,0.0,5.381400208986416,North
445,41.35021097046413,0.5,53.07692307692308,79.33884297520662,55.23809523809524,1.3043478260869565,128.04617357845234,73.49482596425212,0.2737226277372263,65.61922365988909,28.02893309222423,45.97701149425287,East,Lower,302.61248185776486,421.7479674796748,25.0,0.41797283176593525,North
143,16.033755274261605,2.5,20.76923076923077,99.17355371900827,28.57142857142857,3.4782608695652173,132.53527148354,86.4299153339605,4.37956204379562,73.01293900184842,87.70343580470163,58.429118773946364,West,Lower,150.2177068214804,15.24390243902439,1.5625,2.246603970741902,South
185,16.455696202531644,2.0,26.53846153846154,36.36363636363637,34.285714285714285,0.8695652173913043,107.95211628901241,71.14299153339606,1.916058394160584,52.68022181146026,33.45388788426763,45.019157088122604,West,Upper,105.58780841799711,2.032520325203252,3.125,0.4702194357366771,South
589,71.30801687763713,20.0,123.46153846153845,357.02479338842977,131.42857142857142,2.1739130434782608,492.9457032920051,370.4139228598307,35.03649635036496,341.9593345656192,339.9638336347197,227.96934865900383,East,Upper,400.58055152394775,20.32520325203252,4.6875,24.45141065830721,North
343,43.037974683544306,3.0,55.38461538461539,119.00826446280992,76.19047619047619,6.086956521739131,923.2578024796923,699.0827845719662,19.16058394160584,536.0443622920518,380.6509945750452,311.30268199233717,East,Upper,229.68069666182873,56.91056910569105,20.3125,7.575757575757576,North
284,28.691983122362867,0.5,38.07692307692307,59.50413223140496,47.61904761904761,1.7391304347826086,296.7079948696024,209.90122295390404,1.6423357664233578,127.54158964879852,88.60759493670886,106.32183908045977,East,Upper,132.80116110304792,142.27642276422765,7.8125,,South
438,43.037974683544306,1.0,75.0,105.78512396694215,135.23809523809524,0.43478260869565216,89.99572466866182,58.20790216368768,0.5474452554744526,60.99815157116451,28.933092224231462,68.00766283524905,East,Lower,300.4354136429608,7.113821138211382,14.0625,0.6792058516196446,South
600,60.337552742616026,16.5,98.07692307692308,386.77685950413223,123.80952380952381,0.43478260869565216,144.71996579734932,99.36500470366887,10.401459854014599,92.42144177449168,117.54068716094034,66.0919540229885,East,Lower,347.2423802612482,4.065040650406504,21.875,2.037617554858934,North
663,83.96624472573839,14.5,124.61538461538463,400.0,60.952380952380956,1.3043478260869565,305.2586575459598,235.18344308560677,15.602189781021897,193.1608133086876,200.7233273056058,65.13409961685824,East,Upper,262.3367198838897,8.130081300813009,9.375,3.8140020898641587,North
232,22.78481012658228,4.5,39.23076923076923,76.03305785123968,85.71428571428571,4.782608695652174,937.5801624625909,710.8419567262465,53.1021897810219,647.8743068391867,637.4321880650995,598.6590038314176,West,Upper,678.1567489114659,35.56910569105691,4.6875,25.757575757575758,South
479,55.69620253164557,5.0,55.38461538461539,238.01652892561984,104.76190476190477,6.956521739130435,1593.202223172296,1259.9952963311384,41.87956204379562,904.8059149722736,933.0922242314648,818.007662835249,West,Lower,257.98258345428155,5.08130081300813,6.25,14.750950888192266,South
209,18.565400843881857,0.0,43.84615384615385,62.8099173553719,80.0,3.9130434782608696,820.8636169303122,536.2182502351834,6.295620437956204,513.8632162661737,252.26039783001806,457.85440613026816,East,Lower,143.6865021770682,208.33333333333334,7.8125,,North
528,55.27426160337553,10.5,70.38461538461539,244.6280991735537,78.0952380952381,2.1739130434782608,560.4959384352287,392.1683913452493,26.55109489051095,251.3863216266174,346.2929475587703,216.4750957854406,West,Upper,963.3526850507982,106.70731707317073,12.5,19.662131661442007,South
160,16.033755274261605,4.0,20.76923076923077,102.4793388429752,41.904761904761905,5.652173913043478,450.8336896109449,316.90968955785513,15.328467153284672,280.0369685767098,242.3146473779385,285.4406130268199,East,Upper,35.92162554426705,3.048780487804878,0.0,4.336468129571578,North
599,76.79324894514767,5.0,92.3076923076923,244.6280991735537,60.952380952380956,1.7391304347826086,526.507054296708,418.03857008466605,7.39051094890511,304.06654343807764,294.75587703435804,151.34099616858236,East,Upper,251.45137880986937,380.0813008130081,28.125,14.78578892371996,North
497,56.9620253164557,3.5,66.92307692307692,125.6198347107438,49.523809523809526,4.3478260869565215,823.4288157332193,624.412041392286,10.94890510948905,414.97227356746765,331.8264014466546,230.84291187739464,East,Upper,330.91436865021774,352.64227642276427,15.625,16.353187042842215,North
210,29.11392405063291,6.5,36.92307692307693,168.59504132231405,53.333333333333336,6.086956521739131,859.5553655408294,662.041392285983,26.55109489051095,501.84842883548987,417.72151898734177,527.7777777777778,East,Upper,0.0,0.0,0.0,6.217345872518287,North
225,25.31645569620253,2.5,36.92307692307693,85.9504132231405,49.523809523809526,4.3478260869565215,331.124412141941,237.53527751646283,6.843065693430657,185.76709796672827,167.26943942133818,246.16858237547893,East,Lower,143.6865021770682,9.146341463414634,0.0,,North
151,16.877637130801688,2.0,30.0,69.42148760330579,36.19047619047619,0.43478260869565216,57.50320649850364,37.62935089369709,2.4635036496350367,40.66543438077634,35.2622061482821,33.524904214559385,East,Lower,30.478955007256893,56.91056910569105,3.125,0.5747126436781609,North
278,35.86497890295359,2.0,38.07692307692307,125.6198347107438,85.71428571428571,0.0,55.36554082941428,48.21260583254939,1.094890510948905,29.57486136783734,34.35804701627486,43.10344827586207,West,Lower,111.03047895500727,4.065040650406504,3.125,0.8881922675026124,South
341,39.66244725738397,3.0,55.38461538461539,138.84297520661158,38.095238095238095,3.9130434782608696,629.5425395468149,472.71872060206965,22.17153284671533,349.35304990757857,386.9801084990958,211.68582375478928,West,Lower,171.98838896952103,4.065040650406504,7.8125,0.6792058516196446,South
537,61.60337552742617,11.5,66.92307692307692,290.90909090909093,89.52380952380953,3.9130434782608696,582.5138948268491,426.8579492003763,26.55109489051095,278.18853974122,317.3598553345389,166.66666666666666,West,Upper,100.14513788098694,261.1788617886179,31.25,4.38871473354232,South
399,42.616033755274266,1.5,64.61538461538461,112.39669421487604,64.76190476190476,1.7391304347826086,139.16203505771696,95.83725305738476,1.094890510948905,81.33086876155268,43.399638336347195,51.724137931034484,East,Lower,229.68069666182873,9.146341463414634,4.6875,0.2612330198537095,North
309,39.24050632911392,2.5,42.69230769230769,105.78512396694215,49.523809523809526,5.217391304347826,983.1124412141942,779.6331138287863,15.602189781021897,568.3918669131239,471.97106690777576,417.6245210727969,West,Upper,175.25399129172715,3.048780487804878,4.6875,11.128526645768025,South
401,41.77215189873418,1.0,69.23076923076924,62.8099173553719,53.333333333333336,1.3043478260869565,183.19794784095768,137.58231420507997,0.5474452554744526,115.52680221811461,39.78300180831827,52.68199233716476,West,Upper,210.08708272859218,11.178861788617887,6.25,,South
336,38.81856540084388,4.5,40.38461538461538,152.06611570247935,43.80952380952381,6.086956521739131,1231.295425395468,944.2615239887111,35.03649635036496,673.7523105360443,669.9819168173599,476.0536398467433,East,Lower,0.0,0.0,0.0,,North
616,68.35443037974683,13.5,95.76923076923076,353.71900826446284,60.952380952380956,0.8695652173913043,303.12099187687045,219.30856067732833,17.791970802919707,166.358595194085,205.24412296564196,78.544061302682,East,Lower,119.73875181422352,313.0081300813008,23.4375,2.7690700104493207,North
219,19.40928270042194,4.0,27.692307692307693,85.9504132231405,32.38095238095238,4.782608695652174,249.89311671654553,165.80432737535278,6.295620437956204,91.49722735674678,113.01989150090415,60.3448275862069,East,Lower,283.0188679245283,58.94308943089431,6.25,,North
579,72.9957805907173,3.5,77.30769230769229,257.8512396694215,110.47619047619048,2.1739130434782608,648.5677640017101,515.0517403574788,8.75912408759124,337.3382624768946,304.7016274864376,208.81226053639844,West,Upper,304.78955007256894,486.7886178861789,7.8125,12.31974921630094,South
165,16.033755274261605,1.0,15.0,29.75206611570248,30.476190476190478,0.8695652173913043,37.83668234288157,23.518344308560675,0.5474452554744526,15.711645101663587,9.041591320072333,17.241379310344826,East,Lower,361.3933236574746,19.308943089430894,3.125,0.1567398119122257,South
618,83.96624472573839,10.0,113.07692307692308,363.6363636363636,118.0952380952381,5.217391304347826,1519.4527575887132,1269.4026340545624,96.07664233576642,1019.4085027726431,1165.4611211573238,540.2298850574713,East,Upper,359.21625544267056,16.260162601626018,12.5,49.00731452455591,North
257,27.42616033755274,2.5,35.769230769230774,85.9504132231405,60.952380952380956,5.652173913043478,831.7657118426678,573.2596425211665,9.032846715328468,477.818853974122,292.94755877034356,365.90038314176246,West,Lower,94.70246734397678,168.6991869918699,21.875,3.8140020898641587,North
315,31.645569620253166,6.5,40.38461538461538,198.34710743801654,47.61904761904761,0.8695652173913043,130.61137238135956,86.4299153339605,6.569343065693431,61.92236598890943,84.99095840867993,52.68199233716476,West,Upper,542.089985486212,39.63414634146341,20.3125,1.8286311389759664,South
591,65.82278481012658,8.0,103.84615384615384,257.8512396694215,49.523809523809526,1.3043478260869565,427.74690038477985,315.7337723424271,14.233576642335766,285.5822550831793,204.33996383363473,87.16475095785441,West,Upper,315.67489114658923,447.1544715447154,39.0625,11.964472309299895,South
404,38.39662447257383,5.5,62.307692307692314,161.98347107438016,34.285714285714285,2.1739130434782608,285.3783668234288,188.73471307619943,8.211678832116789,172.82809611829944,122.0614828209765,60.3448275862069,East,Upper,241.6545718432511,5.08130081300813,7.8125,4.858934169278997,North
315,30.37974683544304,2.5,26.53846153846154,122.31404958677685,30.476190476190478,1.3043478260869565,92.13339033775118,61.147695202257765,1.6423357664233578,34.195933456561924,41.59132007233273,26.81992337164751,East,Lower,247.09724238026124,15.24390243902439,4.6875,0.8881922675026124,North
249,28.691983122362867,3.0,36.92307692307693,62.8099173553719,38.095238095238095,1.3043478260869565,146.0025651988029,120.53151458137347,2.7372262773722627,88.72458410351202,43.399638336347195,42.1455938697318,West,Upper,112.1190130624093,8.130081300813009,3.125,,South
429,37.9746835443038,6.0,47.30769230769231,138.84297520661158,108.57142857142857,5.217391304347826,1190.8935442496795,819.0263405456257,22.718978102189784,533.271719038817,523.508137432188,616.8582375478927,East,Lower,746.7343976777939,46.74796747967479,6.25,15.830721003134796,South
212,22.362869198312236,6.5,32.30769230769231,145.45454545454547,34.285714285714285,0.43478260869565216,45.74604531851219,32.337723424270926,3.5583941605839415,27.726432532347506,41.59132007233273,19.157088122605366,East,Upper,264.51378809869374,23.373983739837396,7.8125,,North
453,42.19409282700422,1.5,53.07692307692308,142.1487603305785,116.1904761904762,0.8695652173913043,198.58914065840105,125.82314205079962,1.6423357664233578,87.8003696857671,65.0994575045208,87.16475095785441,West,Lower,271.044992743106,451.219512195122,25.0,2.664576802507837,South
161,17.72151898734177,2.0,19.615384615384617,85.9504132231405,41.904761904761905,0.8695652173913043,147.0713980333476,102.89275634995296,5.748175182481752,70.24029574861368,89.51175406871609,72.79693486590038,East,Lower,326.5602322206096,12.195121951219512,3.125,,North
184,19.40928270042194,2.5,23.076923076923077,92.56198347107438,34.285714285714285,4.3478260869565215,707.1398033347584,520.931326434619,20.255474452554743,386.3216266173752,345.38878842676314,291.18773946360153,West,Lower,53.33817126269957,2.032520325203252,0.0,7.993730407523511,South
591,77.21518987341773,10.0,95.76923076923076,261.1570247933885,72.38095238095238,1.7391304347826086,356.99016673792215,269.28504233301976,10.94890510948905,201.47874306839185,176.3110307414105,78.544061302682,West,Lower,329.82583454281564,12.195121951219512,7.8125,11.755485893416928,South
181,24.050632911392405,3.0,39.23076923076923,76.03305785123968,41.904761904761905,0.0,34.63018383924754,31.749764816556915,1.6423357664233578,30.499075785582257,20.795660036166364,21.0727969348659,West,Lower,95.7910014513788,0.0,4.6875,0.39707419017763845,South
441,49.36708860759494,14.0,96.92307692307693,284.297520661157,129.52380952380952,3.0434782608695654,578.0247969217614,438.61712135465666,34.48905109489051,399.2606284658041,379.746835443038,295.97701149425285,East,Upper,206.82148040638606,2.032520325203252,3.125,25.757575757575758,North
490,62.869198312236286,10.5,79.61538461538461,191.73553719008265,66.66666666666666,5.652173913043478,1305.4724241128686,1078.904045155221,33.120437956204384,907.5785582255083,639.2405063291139,574.7126436781609,East,Upper,104.49927431059506,5.08130081300813,4.6875,19.48798328108673,South
551,71.72995780590718,6.5,108.46153846153845,274.38016528925624,179.04761904761907,5.217391304347826,1297.776827704147,1079.4920037629352,35.03649635036496,894.6395563770794,813.74321880651,878.352490421456,West,Upper,1305.1523947750363,151.4227642276423,7.8125,36.206896551724135,South
550,61.60337552742617,14.5,98.07692307692308,300.8264462809918,135.23809523809524,2.1739130434782608,597.9050876442925,476.8344308560677,32.02554744525547,373.3826247689464,428.57142857142856,305.55555555555554,East,Lower,1325.834542815675,105.69105691056912,15.625,25.966562173458723,North
283,30.801687763713083,2.0,39.23076923076923,95.86776859504133,41.904761904761905,3.9130434782608696,833.6896109448483,622.0602069614299,23.266423357664234,465.80406654343807,412.2965641952984,271.0727969348659,West,Lower,157.83744557329462,5.08130081300813,10.9375,14.00208986415883,South
560,67.51054852320675,13.0,102.6923076923077,317.35537190082647,125.71428571428571,1.3043478260869565,378.36682342881574,273.9887111947319,17.791970802919707,214.4177449168207,235.08137432188067,148.46743295019158,West,Lower,361.3933236574746,9.146341463414634,12.5,11.650992685475444,South
328,37.9746835443038,6.0,58.84615384615385,142.1487603305785,62.857142857142854,0.43478260869565216,69.04660111158616,52.916274694261524,3.2846715328467155,46.21072088724584,39.78300180831827,31.60919540229885,West,Upper,157.83744557329462,59.959349593495936,12.5,1.2016718913270636,South
586,66.66666666666666,6.0,83.07692307692308,261.1570247933885,100.95238095238095,3.4782608695652173,654.7669944420693,515.0517403574788,22.718978102189784,334.5656192236599,431.2839059674503,282.5670498084291,West,Upper,197.02467343976775,13.21138211382114,6.25,20.393584117032397,South
503,56.9620253164557,2.5,71.53846153846155,158.67768595041323,158.0952380952381,3.9130434782608696,727.6613937580163,567.9680150517404,5.474452554744525,376.15526802218113,273.9602169981917,396.55172413793105,West,Lower,70.75471698113208,262.1951219512195,12.5,13.74085684430512,South
344,35.44303797468354,12.0,79.61538461538461,211.5702479338843,167.61904761904762,2.608695652173913,190.67977768277044,123.47130761994356,17.51824817518248,137.7079482439926,141.0488245931284,179.11877394636016,East,Lower,0.0,0.0,0.0,4.858934169278997,North
680,93.67088607594937,15.5,137.3076923076923,317.35537190082647,64.76190476190476,0.8695652173913043,408.0803762291578,342.7798682972719,9.58029197080292,241.21996303142328,181.73598553345388,87.16475095785441,East,Lower,466.9811320754717,8.130081300813009,9.375,6.217345872518287,North
279,26.582278481012654,0.0,35.769230769230774,85.9504132231405,57.14285714285714,0.0,55.579307396323216,35.277516462841014,0.0,27.726432532347506,23.508137432188065,28.735632183908045,West,Lower,116.47314949201741,208.33333333333334,25.0,0.1567398119122257,South
484,53.16455696202531,10.0,76.15384615384615,214.87603305785123,127.6190476190476,2.608695652173913,638.5207353569901,493.88523047977424,31.751824817518248,402.0332717190388,414.1048824593129,361.1111111111111,West,Upper,1339.9854862119014,81.30081300813008,10.9375,23.31939393939394,South
431,53.16455696202531,4.0,88.84615384615385,148.7603305785124,110.47619047619048,0.43478260869565216,138.52073535699017,107.59642521166509,2.4635036496350367,107.20887245841035,57.866184448462924,84.2911877394636,West,Upper,308.05515239477506,8.130081300813009,4.6875,2.8213166144200628,South
283,29.11392405063291,4.0,38.07692307692307,122.31404958677685,51.42857142857142,4.782608695652174,953.3988884138521,716.1335841956726,25.72992700729927,513.8632162661737,436.7088607594937,294.06130268199234,East,Upper,169.81132075471697,2.032520325203252,3.125,3.2915360501567394,North
491,59.07172995780591,5.5,88.84615384615385,155.37190082644628,70.47619047619048,6.086956521739131,913.2107738349722,726.716839134525,22.99270072992701,567.4676524953788,388.7884267631103,325.6704980842912,East,Upper,260.15965166908563,8.130081300813009,3.125,9.561128526645767,North
199,21.518987341772153,4.5,30.0,92.56198347107438,40.0,2.1739130434782608,168.02052159042327,109.94825964252117,8.211678832116789,103.51201478743069,107.59493670886076,83.33333333333333,West,Lower,255.8055152394775,22.357723577235774,7.8125,4.127481713688611,South
589,62.447257383966246,10.5,102.6923076923077,284.297520661157,121.90476190476191,2.608695652173913,756.5198802907225,543.2737535277516,27.91970802919708,473.19778188539743,425.85895117540684,336.2068965517241,East,Upper,403.8461538461538,6.097560975609756,9.375,15.047021943573668,North
327,35.0210970464135,11.0,61.15384615384615,204.9586776859504,72.38095238095238,3.9130434782608696,909.3629756306115,657.9256820319849,58.02919708029197,532.3475046210721,632.9113924050633,319.92337164750955,East,Upper,525.7619738751814,48.78048780487805,9.375,15.308254963427379,South
464,53.58649789029536,14.0,77.30769230769229,310.74380165289256,99.04761904761905,5.217391304347826,1241.9837537409148,910.1599247412983,57.481751824817515,682.9944547134935,759.493670886076,432.9501915708812,East,Lower,0.0,0.0,0.0,10.867293625914314,North
166,13.924050632911392,0.0,23.076923076923077,42.97520661157025,32.38095238095238,0.0,31.42368533561351,17.638758231420507,0.0,17.56007393715342,11.754068716094032,16.28352490421456,West,Upper,69.66618287373004,120.9349593495935,14.0625,,South
338,38.39662447257383,9.0,48.46153846153847,198.34710743801654,40.0,0.8695652173913043,141.72723386062418,106.42050799623706,9.854014598540147,80.40665434380777,101.26582278481011,47.89272030651341,East,Upper,0.0,0.0,0.0,1.619644723092999,North
508,61.18143459915611,4.0,92.3076923076923,145.45454545454547,87.61904761904762,3.4782608695652173,668.875587858059,535.6302916274694,11.222627737226277,526.8022181146026,261.30198915009044,312.2605363984674,East,Lower,266.6908563134978,5.08130081300813,14.0625,,North
584,65.82278481012658,10.0,109.61538461538461,241.32231404958677,120.0,3.9130434782608696,1001.4963659683625,773.7535277516464,25.456204379562042,668.2070240295749,471.97106690777576,551.7241379310344,East,Upper,300.4354136429608,427.8455284552846,17.1875,7.366771159874608,North
216,22.362869198312236,1.0,31.153846153846157,82.64462809917356,62.857142857142854,0.0,42.11201368106028,29.397930385700846,0.5474452554744526,24.029574861367838,22.60397830018083,31.60919540229885,West,Lower,345.06531204644415,36.58536585365854,1.5625,0.1567398119122257,South
625,75.10548523206751,2.0,108.46153846153845,198.34710743801654,123.80952380952381,1.7391304347826086,358.4865327062847,277.516462841016,3.2846715328467155,198.7060998151571,147.37793851717902,159.00383141762453,East,Upper,329.82583454281564,457.3170731707317,21.875,10.606060606060606,North
243,21.940928270042196,2.0,20.76923076923077,85.9504132231405,51.42857142857142,1.3043478260869565,178.28131680205215,131.7027281279398,6.295620437956204,92.42144177449168,99.45750452079565,72.79693486590038,West,Upper,116.47314949201741,3.048780487804878,4.6875,,South
489,54.85232067510548,9.5,88.84615384615385,181.8181818181818,64.76190476190476,2.608695652173913,434.3736639589568,320.4374412041392,16.970802919708028,276.3401109057301,237.79385171790236,146.55172413793105,East,Lower,337.4455732946299,9.146341463414634,14.0625,14.890282131661442,North
209,23.20675105485232,6.0,25.384615384615387,119.00826446280992,36.19047619047619,0.43478260869565216,42.11201368106028,31.749764816556915,3.2846715328467155,21.256931608133087,33.45388788426763,18.199233716475096,West,Upper,218.79535558780842,6.097560975609756,4.6875,0.4702194357366771,South
407,38.81856540084388,4.0,54.230769230769226,99.17355371900827,57.14285714285714,0.43478260869565216,203.07823856348867,132.87864534336782,3.832116788321168,110.90573012939002,62.386980108499095,65.13409961685824,West,Lower,187.2278664731495,322.1544715447154,39.0625,1.7241379310344827,South
490,62.0253164556962,7.0,73.84615384615385,257.8512396694215,93.33333333333333,5.217391304347826,722.7447627191107,585.6067732831609,30.93065693430657,410.35120147874306,443.94213381555153,288.3141762452107,East,Upper,0.0,0.0,0.0,13.218390804597702,South
209,24.47257383966245,3.0,23.076923076923077,122.31404958677685,51.42857142857142,1.3043478260869565,184.90808037622915,120.53151458137347,3.832116788321168,60.07393715341959,95.84086799276672,88.12260536398468,West,Upper,451.74165457184324,35.56910569105691,4.6875,,South
442,54.85232067510548,9.0,78.46153846153847,254.54545454545453,62.857142857142854,2.1739130434782608,298.6318939717828,231.65569143932265,12.864963503649635,193.1608133086876,183.54430379746836,130.26819923371647,East,Upper,253.62844702467345,7.113821138211382,10.9375,10.083594566353186,North
317,36.708860759493675,1.5,46.15384615384615,105.78512396694215,36.19047619047619,3.0434782608695654,539.5468148781531,418.03857008466605,7.664233576642336,247.6894639556377,244.122965641953,113.02681992337165,East,Lower,239.47750362844704,16.260162601626018,6.25,,North
288,27.004219409282697,4.0,34.61538461538462,119.00826446280992,51.42857142857142,3.4782608695652173,597.6913210773835,408.0432737535278,15.054744525547445,290.2033271719039,293.8517179023508,181.0344827586207,West,Upper,281.93033381712627,30.48780487804878,15.625,12.173458725182863,North
209,22.362869198312236,1.5,28.846153846153847,46.28099173553719,22.857142857142858,0.0,40.615647712697736,29.397930385700846,0.8211678832116789,22.181146025878004,12.658227848101264,11.494252873563218,East,Lower,111.03047895500727,6.097560975609756,4.6875,0.01044932079414838,North
303,29.535864978902953,1.5,20.76923076923077,99.17355371900827,68.57142857142857,0.8695652173913043,69.47413424540402,42.33301975540922,0.8211678832116789,17.56007393715342,32.5497287522604,43.10344827586207,West,Upper,509.4339622641509,47.764227642276424,9.375,0.6792058516196446,South
330,32.06751054852321,9.5,54.230769230769226,175.20661157024793,51.42857142857142,2.1739130434782608,408.0803762291578,301.0348071495767,24.635036496350363,227.35674676524954,260.3978300180832,154.21455938697318,West,Lower,162.19158200290275,8.130081300813009,9.375,12.591431556948798,South
504,50.210970464135016,14.0,81.92307692307692,234.7107438016529,102.85714285714285,0.8695652173913043,227.8751603249252,149.92944496707432,14.78102189781022,137.7079482439926,150.99457504520794,109.19540229885058,East,Upper,112.1190130624093,287.6016260162602,29.6875,2.246603970741902,North
258,24.894514767932492,4.0,32.30769230769231,109.09090909090908,34.285714285714285,0.8695652173913043,132.32150491663106,97.60112888052682,4.653284671532846,73.01293900184842,67.8119349005425,34.48275862068965,East,Lower,389.6952104499274,32.520325203252035,12.5,1.452455590386625,North
20,0.0,0.0,0.0,0.0,0.0,0.43478260869565216,4.7028644719965795,2.9397930385700843,0.5474452554744526,4.621072088724585,6.329113924050632,3.831417624521073,West,Upper,84.90566037735849,223.5772357723577,9.375,43.04771159874608,South
374,39.24050632911392,2.5,41.53846153846154,85.9504132231405,118.0952380952381,2.608695652173913,416.63103890551514,302.7986829727187,7.116788321167883,166.358595194085,179.9276672694394,275.8620689655172,West,Lower,822.9317851959361,65.04065040650407,23.4375,16.875653082549636,South
211,17.72151898734177,5.0,30.0,115.70247933884296,74.28571428571429,0.8695652173913043,102.39418554938007,65.8513640639699,3.832116788321168,53.60443622920518,49.728752260397826,74.71264367816092,East,Lower,503.9912917271408,32.520325203252035,12.5,1.09717868338558,North
299,31.223628691983123,3.0,43.84615384615385,76.03305785123968,49.523809523809526,0.8695652173913043,119.9230440359128,91.72154280338664,2.18978102189781,64.69500924214418,29.8372513562387,42.1455938697318,West,Upper,230.76923076923077,1.016260162601626,3.125,1.5151515151515151,South
576,70.042194092827,4.0,102.6923076923077,161.98347107438016,108.57142857142857,1.3043478260869565,171.65455322787514,134.05456255879585,5.200729927007299,121.0720887245841,75.04520795660036,75.67049808429118,West,Upper,353.77358490566036,12.195121951219512,12.5,2.978056426332288,South
381,45.9915611814346,4.5,70.38461538461539,148.7603305785124,60.952380952380956,2.608695652173913,640.4446344591706,488.00564440263406,10.94890510948905,415.89648798521256,225.13562386980107,160.91954022988506,West,Upper,248.1857764876633,7.113821138211382,7.8125,15.308254963427379,South
288,31.645569620253166,3.5,39.23076923076923,122.31404958677685,28.57142857142857,1.3043478260869565,347.3706712270201,237.53527751646283,4.37956204379562,182.07024029574862,108.499095840868,108.2375478927203,West,Lower,220.97242380261247,3.048780487804878,4.6875,3.605015673981191,South
369,38.81856540084388,4.5,49.61538461538461,138.84297520661158,93.33333333333333,1.7391304347826086,264.856776400171,187.55879586077143,14.78102189781022,166.358595194085,160.03616636528028,150.3831417624521,East,Upper,162.19158200290275,1.016260162601626,9.375,5.903866248693835,North
330,31.645569620253166,6.0,40.38461538461538,135.53719008264463,89.52380952380953,1.3043478260869565,288.15733219324494,189.32267168391346,15.054744525547445,153.41959334565618,179.02350813743217,159.96168582375478,West,Lower,557.3294629898403,30.48780487804878,7.8125,,South
547,57.383966244725734,1.0,66.92307692307692,155.37190082644628,22.857142857142858,0.43478260869565216,217.82813168020525,156.98494825964252,0.8211678832116789,118.29944547134936,72.33273056057867,22.988505747126435,East,Lower,284.10740203193035,466.4634146341464,34.375,2.246603970741902,North
572,63.71308016877637,9.0,121.15384615384616,161.98347107438016,123.80952380952381,0.43478260869565216,205.0021376656691,144.04985888993417,9.854014598540147,154.34380776340112,82.27848101265823,96.74329501915709,East,Lower,353.77358490566036,13.21138211382114,4.6875,2.7690700104493207,North
359,35.0210970464135,2.0,53.07692307692308,89.25619834710744,40.0,4.782608695652174,1063.0611372381359,736.7121354656632,10.127737226277372,645.1016635859519,349.00542495479203,370.6896551724138,West,Lower,164.36865021770683,8.130081300813009,7.8125,,South
514,60.337552742616026,0.0,77.30769230769229,178.51239669421489,150.47619047619048,3.4782608695652173,1008.9781958101753,684.9717779868297,3.5583941605839415,537.8927911275416,338.15551537070525,505.7471264367816,West,Upper,249.2743105950653,460.3658536585366,23.4375,39.132706374085686,South
359,33.33333333333333,7.5,51.92307692307692,158.67768595041323,120.0,2.608695652173913,315.0919196237709,208.725305738476,16.697080291970803,161.73752310536042,182.64014466546112,167.62452107279694,West,Lower,742.3802612481858,94.51219512195122,20.3125,13.218390804597702,South
526,68.35443037974683,6.0,101.53846153846155,165.28925619834712,146.66666666666666,1.3043478260869565,328.55921333903376,273.9887111947319,10.401459854014599,225.5083179297597,150.99457504520794,166.66666666666666,East,Lower,272.13352685050796,11.178861788617887,1.5625,14.263322884012538,North
313,34.59915611814346,4.5,49.61538461538461,135.53719008264463,57.14285714285714,5.652173913043478,1253.9546814878154,904.868297271872,28.467153284671532,693.1608133086876,645.5696202531645,512.4521072796936,West,Lower,63.13497822931785,143.29268292682926,35.9375,7.993730407523511,South
540,56.540084388185655,15.0,94.61538461538461,290.90909090909093,104.76190476190477,0.0,111.37238135955536,77.02257761053622,8.211678832116789,74.86136783733826,79.56600361663654,52.68199233716476,East,Lower,170.899854862119,6.097560975609756,21.875,2.1839080459770113,North
437,51.47679324894515,4.5,71.53846153846155,181.8181818181818,76.19047619047619,3.4782608695652173,880.7182556648141,704.9623706491063,21.624087591240876,623.8447319778188,352.622061482821,348.65900383141764,East,Upper,89.25979680696662,172.7642276422764,23.4375,24.921630094043888,North
551,67.08860759493672,11.5,99.23076923076923,297.5206611570248,165.71428571428572,1.7391304347826086,473.70671227020097,351.59924741298215,20.529197080291972,256.007393715342,296.5641952983725,261.4942528735632,East,Lower,1332.365747460087,116.86991869918698,17.1875,,North
237,21.518987341772153,0.0,17.30769230769231,82.64462809917356,57.14285714285714,10.0,3000.0,2500.0,43.7956204379562,2000.0,1188.0650994575046,1500.0,West,Lower,569.3033381712627,43.69918699186992,9.375,14.263322884012538,South
236,23.20675105485232,3.0,47.30769230769231,62.8099173553719,40.0,1.7391304347826086,264.6430098332621,191.08654750705549,6.569343065693431,152.49537892791128,113.01989150090415,100.57471264367815,East,Upper,187.2278664731495,1.016260162601626,6.25,2.560083594566353,North
473,64.55696202531645,3.0,70.38461538461539,158.67768595041323,55.23809523809524,2.1739130434782608,416.20350577169734,330.4327375352775,7.937956204379562,230.1293900184843,227.8481012658228,170.49808429118775,East,Upper,920.8998548621189,85.3658536585366,14.0625,10.71055381400209,North
309,29.957805907172997,0.0,38.07692307692307,102.4793388429752,49.523809523809526,1.7391304347826086,71.61179991449337,45.86077140169332,0.0,36.96857670979668,28.933092224231462,24.904214559386972,West,Upper,127.35849056603773,273.3739837398374,18.75,1.3061650992685474,South
271,32.06751054852321,2.5,40.38461538461538,95.86776859504133,62.857142857142854,4.782608695652174,1050.4489097905087,796.0959548447789,13.138686131386862,581.3308687615527,393.3092224231465,386.0153256704981,East,Lower,67.48911465892598,91.46341463414635,4.6875,7.993730407523511,North
357,40.08438818565401,3.5,57.69230769230769,148.7603305785124,74.28571428571429,1.7391304347826086,293.9290294997862,199.90592662276575,11.77007299270073,163.58595194085026,173.59855334538878,130.26819923371647,East,Lower,181.78519593613933,2.032520325203252,6.25,4.858934169278997,North
216,23.20675105485232,2.0,25.384615384615387,59.50413223140496,28.57142857142857,4.782608695652174,593.6297563061137,388.64063969896523,11.77007299270073,244.91682070240296,274.8643761301989,189.6551724137931,East,Upper,425.61683599419445,44.71544715447155,6.25,3.8140020898641587,North
256,29.11392405063291,6.5,48.46153846153847,119.00826446280992,83.80952380952381,6.521739130434783,1504.7028644719965,1082.4317968015052,85.40145985401459,890.9426987060998,1019.8915009041591,948.2758620689656,West,Upper,44.62989840348331,119.91869918699187,12.5,20.532915360501566,North
466,45.14767932489451,16.5,86.53846153846153,284.297520661157,137.14285714285714,0.8695652173913043,135.31423685335614,81.13828786453433,12.043795620437956,93.3456561922366,98.55334538878841,97.70114942528735,East,Upper,311.3207547169811,8.130081300813009,12.5,3.082549634273772,North
327,28.270042194092827,6.5,48.46153846153847,95.86776859504133,85.71428571428571,7.391304347826086,840.1026079521164,549.7412982126058,21.350364963503647,403.88170055452866,343.58047016274867,446.36015325670496,East,Upper,717.343976777939,53.861788617886184,10.9375,6.948798328108673,North
462,49.789029535864984,8.0,56.53846153846154,214.87603305785123,70.47619047619048,2.608695652173913,451.47498931167166,340.42803386641583,18.886861313868614,224.5841035120148,260.3978300180832,143.67816091954023,East,Upper,942.6705370101596,66.0569105691057,9.375,,North
341,45.9915611814346,4.5,51.92307692307692,161.98347107438016,87.61904761904762,3.4782608695652173,494.2283026934587,384.5249294449671,13.686131386861314,229.20517560073935,291.1392405063291,262.4521072796935,East,Upper,273.22206095791,9.146341463414634,6.25,10.292580982236155,North
608,67.08860759493672,14.0,150.0,244.6280991735537,169.52380952380952,3.0434782608695654,866.1821291150063,692.615239887112,28.193430656934307,795.7486136783733,377.0343580470162,678.1609195402299,East,Upper,463.71552975326557,4.065040650406504,9.375,33.49007314524556,North
419,42.19409282700422,9.0,75.0,191.73553719008265,175.23809523809524,8.26086956521739,2032.706284737067,1473.4242709313264,150.0,1393.7153419593346,1500.0,1285.4406130268198,East,Lower,0.0,0.0,0.0,8.77742946708464,North
33,2.109704641350211,0.0,2.307692307692308,13.223140495867769,13.333333333333334,0.0,2.992731936725096,1.175917215428034,0.0,0.9242144177449169,3.6166365280289328,6.704980842911877,East,Lower,223.14949201741652,5.08130081300813,6.25,,North
376,34.177215189873415,10.5,48.46153846153847,198.34710743801654,66.66666666666666,1.7391304347826086,374.30525865754595,237.53527751646283,31.47810218978102,219.0388170055453,270.34358047016275,150.3831417624521,East,Lower,0.0,0.0,0.0,7.471264367816093,North
486,60.75949367088608,5.5,58.84615384615385,251.2396694214876,76.19047619047619,4.3478260869565215,843.9504061564771,645.5785512699906,18.33941605839416,378.003696857671,449.36708860759495,272.0306513409962,West,Upper,95.7910014513788,207.3170731707317,25.0,9.03866248693835,North
186,18.143459915611814,3.5,32.30769230769231,52.892561983471076,20.952380952380953,0.0,35.69901667379222,23.518344308560675,1.916058394160584,24.953789279112755,14.466546112115731,10.53639846743295,West,Lower,107.76487663280116,3.048780487804878,1.5625,,South
307,33.33333333333333,0.5,48.46153846153847,119.00826446280992,55.23809523809524,2.608695652173913,513.4672937152629,383.349012229539,4.927007299270073,349.35304990757857,179.02350813743217,176.24521072796935,East,Lower,157.83744557329462,2.032520325203252,3.125,,North
246,31.645569620253166,2.5,40.38461538461538,128.92561983471074,24.761904761904763,2.1739130434782608,190.89354424967934,135.23047977422388,3.2846715328467155,93.3456561922366,86.79927667269439,76.62835249042146,East,Upper,47.8955007256894,0.0,1.5625,3.8140020898641587,North
205,21.518987341772153,4.0,35.769230769230774,89.25619834710744,32.38095238095238,4.782608695652174,1093.4159897392049,775.5174035747883,15.328467153284672,593.3456561922366,402.3508137432188,439.6551724137931,East,Upper,168.72278664731496,3.048780487804878,3.125,6.948798328108673,North
348,37.552742616033754,5.5,57.69230769230769,148.7603305785124,81.9047619047619,3.9130434782608696,485.0363403163745,358.6547507055503,11.77007299270073,271.7190388170055,246.83544303797467,257.66283524904213,East,Upper,65.31204644412192,178.8617886178862,9.375,7.993730407523511,North
523,56.540084388185655,4.0,60.0,145.45454545454547,99.04761904761905,3.4782608695652173,715.9042325780248,523.8711194731891,10.675182481751824,347.50462107208875,256.78119349005425,283.5249042145594,West,Lower,399.4920174165457,482.7235772357724,29.6875,14.263322884012538,South
312,28.270042194092827,1.0,36.92307692307693,72.72727272727273,45.714285714285715,0.0,62.63360410431809,37.62935089369709,0.5474452554744526,28.65064695009242,19.891500904159134,22.988505747126435,East,Upper,93.61393323657475,152.4390243902439,23.4375,0.052246603970741906,North
496,49.789029535864984,4.0,65.76923076923077,109.09090909090908,40.0,2.608695652173913,713.7665669089355,516.2276575729069,9.854014598540147,336.4140480591497,253.1645569620253,158.04597701149424,West,Lower,168.72278664731496,377.0325203252032,45.3125,16.875653082549636,South
126,10.970464135021098,1.5,9.230769230769232,33.057851239669425,9.523809523809524,1.3043478260869565,47.0286447199658,26.458137347130762,0.8211678832116789,13.863216266173753,11.754068716094032,13.409961685823754,West,Upper,206.82148040638606,2.032520325203252,14.0625,2.560083594566353,South
275,28.270042194092827,2.5,48.46153846153847,138.84297520661158,116.1904761904762,2.1739130434782608,201.3681060282172,137.58231420507997,4.37956204379562,117.37523105360444,94.03254972875226,164.75095785440612,West,Upper,197.02467343976775,3.048780487804878,3.125,2.58098223615465,South
627,74.68354430379746,7.0,78.46153846153847,251.2396694214876,87.61904761904762,2.1739130434782608,668.448054724241,527.9868297271872,20.255474452554743,455.637707948244,311.9349005424955,231.80076628352492,West,Upper,336.3570391872279,500.0,7.8125,14.054336468129572,South
394,35.86497890295359,0.5,43.84615384615385,92.56198347107438,68.57142857142857,1.3043478260869565,228.7302265925609,154.63311382878646,0.8211678832116789,85.95194085027727,64.19529837251356,72.79693486590038,West,Upper,220.97242380261247,375.0,25.0,3.8140020898641587,South
208,23.628691983122362,4.0,36.92307692307693,82.64462809917356,34.285714285714285,0.8695652173913043,135.52800342026507,97.60112888052682,4.653284671532846,89.64879852125692,48.8245931283906,59.38697318007663,West,Upper,45.71843251088534,95.52845528455285,20.3125,1.5151515151515151,South
382,42.19409282700422,8.0,57.69230769230769,181.8181818181818,41.904761904761905,0.0,77.59726378794356,57.03198494825965,4.37956204379562,45.28650646950092,49.728752260397826,21.0727969348659,East,Lower,217.70682148040638,7.113821138211382,9.375,0.6269592476489028,North
459,47.257383966244724,10.0,68.07692307692308,188.4297520661157,129.52380952380952,4.782608695652174,1139.162035057717,802.5634995296331,42.42700729927007,658.0406654343808,596.745027124774,704.0229885057472,East,Lower,0.0,0.0,0.0,14.054336468129572,North
549,62.447257383966246,3.5,84.23076923076923,155.37190082644628,80.0,0.0,113.29628046173579,85.25399811853245,1.916058394160584,66.54343807763401,42.495479204339965,40.229885057471265,West,Lower,277.5761973875181,457.3170731707317,26.5625,1.5151515151515151,South
288,26.160337552742618,1.5,28.846153846153847,109.09090909090908,30.476190476190478,3.9130434782608696,569.2603676784951,389.8165569143932,10.401459854014599,290.2033271719039,234.17721518987344,195.4022988505747,East,Lower,146.95210449927433,261.1788617886179,10.9375,5.7297178683385575,North
303,35.0210970464135,2.0,40.38461538461538,105.78512396694215,43.80952380952381,0.43478260869565216,62.63360410431809,48.80056444026341,1.094890510948905,35.12014787430684,28.933092224231462,22.03065134099617,West,Lower,194.8476052249637,5.08130081300813,4.6875,,South
522,68.35443037974683,4.5,94.61538461538461,152.06611570247935,118.0952380952381,5.217391304347826,1500.213766566909,1184.736594543744,41.87956204379562,963.0314232902033,747.7396021699819,512.4521072796936,East,Upper,383.1640058055152,9.146341463414634,1.5625,19.48798328108673,North
512,48.9451476793249,14.5,62.307692307692314,290.90909090909093,81.9047619047619,2.1739130434782608,370.02992731936723,239.88711194731889,27.37226277372263,187.6155268022181,249.54792043399638,148.46743295019158,East,Lower,1345.4281567489115,99.59349593495935,28.125,0.6792058516196446,North
220,27.42616033755274,2.5,23.076923076923077,92.56198347107438,24.761904761904763,0.8695652173913043,57.930739632321504,44.68485418626529,1.3686131386861313,24.029574861367838,28.02893309222423,14.367816091954023,East,Lower,305.878084179971,21.34146341463415,4.6875,0.4702194357366771,North
522,58.64978902953587,8.0,84.23076923076923,254.54545454545453,114.28571428571428,1.3043478260869565,151.9880290722531,106.42050799623706,6.021897810218978,85.02772643253235,95.84086799276672,82.37547892720306,West,Upper,1436.8650217706822,168.6991869918699,26.5625,2.7690700104493207,South
461,46.835443037974684,9.0,62.307692307692314,178.51239669421489,66.66666666666666,0.43478260869565216,141.29970072680632,91.72154280338664,6.569343065693431,69.31608133086877,67.8119349005425,46.93486590038314,East,Lower,120.82728592162555,229.6747967479675,17.1875,1.4106583072100314,North
581,60.75949367088608,8.5,76.15384615384615,224.79338842975207,40.0,0.43478260869565216,173.57845233005557,121.11947318908749,5.748175182481752,97.04251386321626,77.75768535262206,38.31417624521073,West,Upper,348.3309143686502,472.5609756097561,50.0,1.8286311389759664,South
530,66.66666666666666,1.5,94.61538461538461,165.28925619834712,89.52380952380953,2.1739130434782608,342.0265070542967,248.11853245531515,3.010948905109489,200.55452865064697,134.71971066907776,156.1302681992337,East,Lower,213.35268505079827,359.7560975609756,23.4375,8.51619644723093,North
557,59.49367088607595,10.5,66.92307692307692,267.7685950413223,43.80952380952381,7.391304347826086,1868.3197947840958,1516.3452492944496,74.17883211678831,1050.8317929759705,1174.502712477396,457.85440613026816,West,Lower,1262.699564586357,53.861788617886184,10.9375,28.89237199582027,South
439,40.08438818565401,0.0,50.769230769230774,119.00826446280992,123.80952380952381,1.3043478260869565,147.92646430098333,84.66603951081844,0.2737226277372263,61.92236598890943,50.632911392405056,94.82758620689656,West,Upper,249.2743105950653,412.6016260162602,34.375,1.7241379310344827,South
453,43.037974683544306,4.0,61.15384615384615,109.09090909090908,99.04761904761905,0.43478260869565216,104.3180846515605,69.96707431796801,2.18978102189781,57.30129390018484,35.2622061482821,55.55555555555555,East,Lower,314.58635703918725,413.6178861788618,9.375,0.7836990595611284,North
528,51.0548523206751,0.5,77.30769230769229,148.7603305785124,97.14285714285714,1.3043478260869565,362.76186404446344,234.59548447789274,3.2846715328467155,194.08502772643251,132.00723327305604,148.46743295019158,East,Lower,227.50362844702468,378.0487804878049,26.5625,5.903866248693835,North
633,88.18565400843882,3.0,105.0,185.12396694214877,112.38095238095238,2.1739130434782608,652.201795639162,510.3480714957667,5.200729927007299,387.2458410351202,207.95660036166365,262.4521072796935,West,Lower,399.4920174165457,439.0243902439024,25.0,0.4702194357366771,South
16,0.42194092827004215,0.0,1.153846153846154,0.0,0.0,0.43478260869565216,1.923899102180419,0.0,0.0,0.0,0.0,0.0,East,Upper,268.86792452830184,4.065040650406504,12.5,,North
562,70.88607594936708,8.5,101.53846153846155,241.32231404958677,100.95238095238095,3.0434782608695654,675.9298845660538,492.1213546566322,16.697080291970803,414.97227356746765,309.2224231464738,357.27969348659,East,Upper,382.07547169811323,449.1869918699187,26.5625,9.665621734587251,North
281,31.645569620253166,1.5,48.46153846153847,82.64462809917356,38.095238095238095,3.0434782608695654,564.1299700726806,383.9369708372531,13.138686131386862,298.52125693160815,271.24773960217,171.455938697318,East,Upper,115.38461538461539,146.34146341463415,10.9375,5.7297178683385575,North
593,63.71308016877637,11.5,79.61538461538461,247.93388429752068,100.95238095238095,2.1739130434782608,587.0029927319367,400.98777046095955,36.4051094890511,340.1109057301294,347.19710669077756,307.4712643678161,East,Lower,342.88824383164007,10.16260162601626,9.375,18.234064785788924,North
687,89.45147679324894,5.0,105.0,214.87603305785123,51.42857142857142,1.3043478260869565,320.4360837964942,261.0536218250235,4.105839416058394,180.22181146025878,123.86980108499095,85.24904214559388,East,Upper,320.0290275761974,452.23577235772353,20.3125,5.903866248693835,North
368,43.037974683544306,1.5,55.38461538461539,92.56198347107438,102.85714285714285,3.0434782608695654,401.45361265498076,287.5117591721543,2.4635036496350367,190.38817005545286,146.47377938517178,189.6551724137931,West,Lower,227.50362844702468,250.0,4.6875,5.416238244514106,South
263,29.11392405063291,0.5,30.0,76.03305785123968,57.14285714285714,1.3043478260869565,185.7631466438649,126.99905926622766,2.4635036496350367,75.78558225508318,74.14104882459313,82.37547892720306,West,Upper,88.17126269956458,149.390243902439,6.25,3.8140020898641587,South
642,88.60759493670885,7.0,123.46153846153845,195.04132231404958,99.04761904761905,1.7391304347826086,501.28259940145364,450.376293508937,7.39051094890511,324.3992606284658,207.95660036166365,184.86590038314176,West,Lower,366.8359941944847,19.308943089430894,6.25,14.054336468129572,South
265,28.270042194092827,4.0,30.0,99.17355371900827,55.23809523809524,2.608695652173913,281.7443351859769,196.96613358419566,8.75912408759124,123.84473197781885,147.37793851717902,122.60536398467434,West,Lower,100.14513788098694,5.08130081300813,4.6875,7.471264367816093,North
289,26.160337552742618,3.5,41.53846153846154,135.53719008264463,83.80952380952381,6.956521739130435,1578.2385634886705,1146.519285042333,53.37591240875912,1029.5748613678372,830.9222423146473,1104.4061302681991,East,Lower,180.6966618287373,214.43089430894307,10.9375,,North
559,59.07172995780591,1.0,55.38461538461539,201.65289256198346,139.04761904761904,3.0434782608695654,671.8683197947842,511.5239887111947,4.37956204379562,388.17005545286503,315.55153707052443,343.86973180076626,West,Upper,383.1640058055152,420.73170731707313,14.0625,17.92058516196447,South
520,50.210970464135016,8.5,61.15384615384615,145.45454545454547,40.0,1.3043478260869565,194.10004275331337,131.11476952022576,6.021897810218978,97.04251386321626,72.33273056057867,49.808429118773944,East,Lower,76.19738751814224,146.34146341463415,17.1875,2.4555903866248694,North
19,1.2658227848101267,0.5,2.307692307692308,9.917355371900827,1.9047619047619049,0.0,0.0,0.0,0.2737226277372263,0.9242144177449169,2.7124773960216997,0.9578544061302683,West,Lower,753.2656023222061,71.13821138211382,12.5,17.81609195402299,North
205,17.72151898734177,1.0,27.692307692307693,56.19834710743802,38.095238095238095,2.608695652173913,178.49508336896108,126.41110065851365,3.2846715328467155,96.11829944547135,89.51175406871609,68.00766283524905,West,Upper,142.5979680696662,6.097560975609756,1.5625,4.580292580982236,South
193,19.40928270042194,5.0,24.230769230769234,95.86776859504133,45.714285714285715,2.1739130434782608,238.77725523728088,148.16556914393226,11.496350364963504,118.29944547134936,125.67811934900543,101.53256704980843,East,Lower,325.47169811320754,13.21138211382114,7.8125,3.709508881922675,North
181,18.9873417721519,0.5,21.923076923076923,59.50413223140496,32.38095238095238,1.7391304347826086,196.23770842240276,137.58231420507997,2.4635036496350367,80.40665434380777,85.89511754068717,99.61685823754789,East,Upper,40.275761973875184,99.59349593495935,14.0625,,North
213,25.31645569620253,2.0,19.615384615384617,72.72727272727273,5.714285714285714,6.956521739130435,864.044463445917,670.8607714016932,22.718978102189784,450.0924214417745,443.94213381555153,233.71647509578546,East,Lower,193.7590711175617,45.73170731707317,6.25,3.5005224660397074,North
510,61.60337552742617,5.0,64.61538461538461,171.900826446281,100.95238095238095,2.608695652173913,609.8760153911928,480.36218250235186,17.244525547445257,282.8096118299446,307.4141048824593,166.66666666666666,West,Upper,881.7126269956459,100.60975609756098,28.125,22.622779519331242,South
578,57.80590717299579,0.5,64.61538461538461,195.04132231404958,64.76190476190476,0.8695652173913043,294.99786233433093,207.54938852304798,1.916058394160584,136.7837338262477,145.56962025316454,83.33333333333333,West,Upper,144.77503628447025,377.0325203252032,31.25,1.9331243469174502,South
200,21.09704641350211,1.0,16.153846153846153,95.86776859504133,47.61904761904761,9.565217391304348,2086.147926464301,1603.9510818438382,103.74087591240875,1174.6765249537893,1493.6708860759495,886.015325670498,West,Lower,433.2365747460087,29.471544715447155,10.9375,,South
441,47.257383966244724,2.5,87.6923076923077,171.900826446281,144.76190476190476,1.7391304347826086,326.42154766994446,231.06773283160868,4.653284671532846,207.94824399260628,134.71971066907776,182.95019157088123,East,Lower,174.1654571843251,294.7154471544716,17.1875,7.471264367816093,North
172,17.29957805907173,1.5,19.615384615384617,46.28099173553719,28.57142857142857,3.9130434782608696,869.3886276186404,673.8005644402633,15.602189781021897,534.1959334565619,328.2097649186257,388.88888888888886,West,Lower,70.75471698113208,0.0,0.0,17.398119122257054,South
580,81.43459915611815,4.5,105.0,204.9586776859504,148.57142857142858,3.0434782608695654,716.7592988456605,602.0696142991534,13.138686131386862,557.3012939001848,283.90596745027125,449.2337164750958,West,Upper,293.90420899854865,13.21138211382114,9.375,,South
127,13.080168776371309,2.0,16.153846153846153,82.64462809917356,22.857142857142858,7.826086956521739,1790.722530996152,1409.9247412982127,66.24087591240877,967.6524953789279,1218.8065099457503,784.4827586206897,West,Lower,181.78519593613933,18.29268292682927,9.375,9.03866248693835,South
279,28.691983122362867,2.0,40.38461538461538,102.4793388429752,60.952380952380956,1.3043478260869565,286.4471996579735,206.37347130761995,8.485401459854014,165.43438077634013,133.81555153707052,151.34099616858236,West,Upper,144.77503628447025,175.8130081300813,14.0625,4.38871473354232,South
480,46.835443037974684,9.0,57.69230769230769,234.7107438016529,83.80952380952381,2.608695652173913,643.8648995297135,450.964252116651,30.10948905109489,311.46025878003695,367.0886075949367,228.92720306513408,West,Upper,102.322206095791,274.39024390243907,25.0,14.263322884012538,South
600,58.22784810126582,0.0,108.46153846153845,95.86776859504133,114.28571428571428,0.43478260869565216,260.1539119281744,179.32737535277516,0.2737226277372263,184.84288354898337,62.386980108499095,105.36398467432952,West,Upper,326.5602322206096,12.195121951219512,14.0625,1.9331243469174502,South
610,78.05907172995781,9.5,123.46153846153845,323.9669421487603,140.95238095238096,2.1739130434782608,579.0936297563061,440.3809971777987,18.886861313868614,367.83733826247686,330.92224231464735,273.9463601532567,West,Upper,1286.647314949202,97.5609756097561,20.3125,25.757575757575758,South
360,33.755274261603375,2.5,42.69230769230769,145.45454545454547,70.47619047619048,2.608695652173913,480.76100897819583,330.4327375352775,11.222627737226277,256.93160813308685,232.36889692585896,235.63218390804596,West,Upper,185.05079825834542,288.6178861788618,4.6875,9.561128526645767,South
387,51.89873417721519,0.5,77.30769230769229,89.25619834710744,68.57142857142857,2.608695652173913,375.37409149209066,295.1552210724365,1.6423357664233578,250.46210720887245,113.01989150090415,185.82375478927204,West,Upper,202.46734397677795,294.7154471544716,26.5625,10.083594566353186,South
580,86.91983122362869,4.0,123.46153846153845,234.7107438016529,200.0,1.7391304347826086,589.7819581017528,572.6716839134525,8.75912408759124,437.15341959334563,291.1392405063291,399.42528735632186,East,Upper,131.71262699564585,271.3414634146342,29.6875,32.02716823406478,North
408,48.9451476793249,5.5,76.15384615384615,135.53719008264463,64.76190476190476,0.0,83.15519452757589,66.43932267168391,3.010948905109489,60.07393715341959,37.070524412296564,32.56704980842912,West,Lower,1025.399129172714,73.17073170731707,17.1875,1.09717868338558,South
593,72.15189873417721,11.0,94.61538461538461,330.57851239669424,108.57142857142857,0.0,122.70200940572894,98.77704609595484,6.021897810218978,74.86136783733826,90.41591320072332,54.59770114942529,East,Lower,1330.188679245283,141.26016260162604,23.4375,2.037617554858934,North
221,21.940928270042196,1.0,24.230769230769234,76.03305785123968,41.904761904761905,3.0434782608695654,223.17229585292858,164.0404515522107,4.105839416058394,97.96672828096119,112.11573236889691,101.53256704980843,West,Upper,353.77358490566036,58.94308943089431,9.375,,South
497,53.16455696202531,3.5,75.0,158.67768595041323,70.47619047619048,1.7391304347826086,573.7494655835827,471.5428033866416,8.75912408759124,349.35304990757857,281.19349005424954,132.183908045977,West,Upper,353.77358490566036,9.146341463414634,4.6875,13.218390804597702,South
492,56.9620253164557,2.5,87.6923076923077,165.28925619834712,179.04761904761907,4.782608695652174,1174.0059854638735,886.0536218250236,10.675182481751824,828.0961182994455,407.7757685352622,838.1226053639847,East,Upper,340.711175616836,387.1951219512195,31.25,16.875653082549636,North
475,52.742616033755276,1.5,70.38461538461539,142.1487603305785,99.04761904761905,2.1739130434782608,359.3415989739205,252.23424270931326,1.916058394160584,199.63031423290204,84.08679927667269,139.84674329501917,East,Lower,40.275761973875184,114.83739837398375,10.9375,6.635318704284221,North
573,60.337552742616026,4.5,98.07692307692308,198.34710743801654,148.57142857142858,3.0434782608695654,679.5639162035058,501.52869238005644,26.55109489051095,433.456561922366,379.746835443038,318.00766283524905,East,Upper,1430.3338171262699,133.130081300813,18.75,18.65203761755486,North
631,71.30801687763713,4.5,88.84615384615385,145.45454545454547,59.04761904761905,4.3478260869565215,1045.1047456177853,854.3038570084666,8.211678832116789,715.3419593345656,322.7848101265823,238.5057471264368,East,Lower,444.1219158200291,4.065040650406504,4.6875,19.48798328108673,North
