GoalsScored,AssistsMade,RedCards,YellowCards,PenaltiesScored,FreeKicksScored,SeasonsPlayed,CareerGoals,CareerAssists,CareerRedCards,CareerYellowCards,CareerPenalties,CareerFreeKicks,CurrentTeam,HomeOrAway,SavesMade,Interceptions,FoulsCommitted,PlayerSalary,NewTeam
196.0,66.0,5.0,12.0,25.0,4.0,14.0,4060.0,1250.0,25.0,500.0,140.0,132.0,Los Angeles Lakers,Home,189.0,91.0,15.0,965.8920912166241,Seaside Sharks
55.0,25.0,4.0,14.0,3.0,2.0,1.0,267.0,78.0,21.0,46.0,12.0,13.0,Manchester United,Away,336.0,52.0,4.0,315.97292214021735,Capital City Cyclones
99.0,55.0,1.0,17.0,2.0,13.0,16.0,5252.0,1612.0,94.0,708.0,270.0,402.0,Manchester United,Away,46.0,222.0,29.0,964.4851784787335,Capital City Cyclones
298.0,152.0,34.0,88.0,67.0,38.0,3.0,483.0,191.0,27.0,95.0,45.0,38.0,Los Angeles Lakers,Away,459.0,35.0,10.0,2003.741406679054,Seaside Sharks
168.0,68.0,4.0,17.0,18.0,31.0,8.0,1564.0,642.0,12.0,191.0,71.0,51.0,Manchester United,Away,931.0,85.0,35.0,2457.4104726079304,Capital City Cyclones
158.0,47.0,13.0,24.0,20.0,26.0,13.0,6632.0,1864.0,172.0,817.0,365.0,448.0,Los Angeles Lakers,Away,71.0,41.0,1.0,876.9373591186398,Seaside Sharks
142.0,48.0,27.0,12.0,25.0,8.0,18.0,5700.0,1648.0,135.0,696.0,333.0,229.0,Manchester United,Home,624.0,122.0,16.0,772.541095104396,Capital City Cyclones
285.0,146.0,23.0,43.0,32.0,15.0,11.0,4962.0,1614.0,196.0,738.0,422.0,307.0,Los Angeles Lakers,Away,91.0,96.0,13.0,4027.406125884523,Seaside Sharks
34.0,6.0,2.0,1.0,6.0,2.0,18.0,6872.0,2015.0,203.0,881.0,446.0,453.0,Los Angeles Lakers,Away,422.0,19.0,7.0,1338.641710992943,Capital City Cyclones
194.0,75.0,44.0,32.0,41.0,56.0,9.0,1923.0,543.0,116.0,272.0,129.0,161.0,Los Angeles Lakers,Home,455.0,179.0,9.0,1251.93950311058,Seaside Sharks
61.0,27.0,2.0,6.0,4.0,15.0,6.0,1074.0,378.0,29.0,210.0,39.0,169.0,Los Angeles Lakers,Away,232.0,82.0,17.0,639.6632791173873,Capital City Cyclones
444.0,141.0,50.0,78.0,67.0,80.0,20.0,8176.0,2319.0,253.0,1243.0,495.0,693.0,Los Angeles Lakers,Away,538.0,216.0,21.0,927.9182596470315,Seaside Sharks
13.0,0.0,6.0,0.0,10.0,9.0,4.0,271.0,88.0,0.0,41.0,11.0,15.0,Manchester United,Home,417.0,3.0,0.0,2020.6788110781877,Capital City Cyclones
205.0,79.0,20.0,27.0,24.0,12.0,10.0,2812.0,829.0,34.0,290.0,94.0,64.0,Manchester United,Home,61.0,167.0,19.0,2349.09405809211,Capital City Cyclones
367.0,165.0,44.0,89.0,74.0,70.0,14.0,7108.0,2345.0,159.0,1197.0,398.0,466.0,Los Angeles Lakers,Away,218.0,70.0,33.0,4798.50619632214,Seaside Sharks
108.0,58.0,8.0,15.0,18.0,15.0,3.0,1214.0,617.0,26.0,250.0,59.0,98.0,Manchester United,Away,719.0,146.0,35.0,2094.6066284399863,Capital City Cyclones
200.0,105.0,27.0,36.0,34.0,16.0,17.0,6641.0,2145.0,173.0,952.0,414.0,463.0,Los Angeles Lakers,Home,736.0,102.0,35.0,1330.9525572192401,Seaside Sharks
67.0,14.0,1.0,8.0,0.0,9.0,1.0,143.0,58.0,4.0,11.0,0.0,0.0,Los Angeles Lakers,Away,570.0,57.0,33.0,408.71033816129386,Seaside Sharks
61.0,31.0,6.0,10.0,11.0,27.0,17.0,7997.0,2386.0,188.0,1210.0,433.0,632.0,Los Angeles Lakers,Home,405.0,87.0,7.0,4710.687720948197,Seaside Sharks
203.0,72.0,34.0,51.0,52.0,61.0,19.0,7377.0,2362.0,235.0,1167.0,484.0,580.0,Los Angeles Lakers,Away,635.0,98.0,26.0,4598.915596980263,Seaside Sharks
96.0,21.0,20.0,7.0,27.0,27.0,6.0,1815.0,574.0,150.0,305.0,171.0,122.0,Los Angeles Lakers,Home,664.0,46.0,2.0,2753.85608341188,Capital City Cyclones
63.0,21.0,7.0,8.0,12.0,17.0,19.0,8497.0,2497.0,194.0,969.0,518.0,514.0,Los Angeles Lakers,Away,228.0,49.0,15.0,573.1153375813593,Capital City Cyclones
16.0,8.0,9.0,1.0,16.0,0.0,19.0,5302.0,1280.0,203.0,598.0,414.0,380.0,Los Angeles Lakers,Home,114.0,66.0,12.0,923.2502807967668,Seaside Sharks
186.0,66.0,34.0,30.0,32.0,28.0,20.0,9735.0,2779.0,270.0,1362.0,549.0,622.0,Los Angeles Lakers,Away,748.0,63.0,9.0,1648.5687870976546,Seaside Sharks
70.0,35.0,31.0,22.0,32.0,23.0,19.0,8723.0,2472.0,293.0,1222.0,586.0,593.0,Manchester United,Away,321.0,104.0,32.0,3529.094497052882,Seaside Sharks
170.0,69.0,4.0,31.0,19.0,52.0,7.0,3130.0,980.0,123.0,564.0,230.0,236.0,Manchester United,Away,608.0,71.0,22.0,2125.3647620273478,Capital City Cyclones
104.0,42.0,2.0,7.0,13.0,11.0,17.0,6747.0,2088.0,144.0,816.0,410.0,403.0,Los Angeles Lakers,Home,549.0,156.0,37.0,1597.905867461033,Seaside Sharks
156.0,68.0,24.0,34.0,19.0,27.0,16.0,6975.0,2029.0,253.0,983.0,428.0,521.0,Manchester United,Home,456.0,148.0,13.0,1514.174945974551,Seaside Sharks
364.0,119.0,45.0,38.0,58.0,15.0,8.0,3907.0,1049.0,184.0,541.0,230.0,272.0,Manchester United,Home,220.0,244.0,21.0,3523.512098630057,Capital City Cyclones
167.0,53.0,38.0,44.0,52.0,65.0,20.0,9557.0,2685.0,295.0,1349.0,585.0,680.0,Los Angeles Lakers,Away,156.0,135.0,27.0,928.0260326305487,Seaside Sharks
452.0,189.0,15.0,69.0,50.0,15.0,9.0,5230.0,1658.0,128.0,823.0,265.0,261.0,Los Angeles Lakers,Home,57.0,112.0,9.0,1327.4473161862934,Seaside Sharks
198.0,84.0,40.0,67.0,59.0,76.0,4.0,1758.0,522.0,142.0,376.0,131.0,194.0,Los Angeles Lakers,Away,199.0,90.0,21.0,1915.3897391208802,Seaside Sharks
183.0,97.0,23.0,23.0,51.0,42.0,7.0,789.0,342.0,45.0,112.0,86.0,98.0,Los Angeles Lakers,Away,504.0,21.0,5.0,682.6463489857663,Capital City Cyclones
400.0,189.0,16.0,64.0,42.0,9.0,2.0,461.0,196.0,14.0,80.0,19.0,12.0,Los Angeles Lakers,Home,497.0,120.0,15.0,2374.6946453338865,Seaside Sharks
30.0,2.0,0.0,1.0,0.0,3.0,18.0,4177.0,1165.0,38.0,480.0,162.0,357.0,Los Angeles Lakers,Home,499.0,231.0,30.0,185.39510923396404,Capital City Cyclones
57.0,21.0,12.0,16.0,8.0,14.0,13.0,4024.0,1313.0,188.0,806.0,300.0,460.0,Los Angeles Lakers,Away,108.0,81.0,4.0,3142.7829539353515,Seaside Sharks
304.0,130.0,27.0,61.0,49.0,62.0,13.0,4309.0,1224.0,207.0,733.0,295.0,445.0,Los Angeles Lakers,Away,392.0,144.0,15.0,3384.170531013597,Seaside Sharks
264.0,124.0,18.0,32.0,41.0,5.0,5.0,2540.0,804.0,69.0,355.0,118.0,57.0,Manchester United,Home,736.0,153.0,26.0,1999.9528572304496,Capital City Cyclones
111.0,30.0,13.0,6.0,10.0,3.0,3.0,780.0,268.0,47.0,110.0,58.0,51.0,Manchester United,Away,230.0,85.0,17.0,206.9572625477639,Capital City Cyclones
488.0,200.0,28.0,70.0,45.0,21.0,2.0,414.0,128.0,11.0,57.0,13.0,17.0,Manchester United,Away,210.0,124.0,14.0,1754.8403357841246,Capital City Cyclones
213.0,119.0,11.0,28.0,30.0,12.0,14.0,4005.0,1386.0,25.0,477.0,181.0,111.0,Los Angeles Lakers,Home,316.0,52.0,3.0,3744.4606287126767,Capital City Cyclones
242.0,123.0,39.0,36.0,59.0,61.0,17.0,8333.0,2762.0,179.0,1157.0,493.0,473.0,Manchester United,Home,957.0,174.0,29.0,4755.618220243276,Capital City Cyclones
304.0,120.0,18.0,46.0,40.0,15.0,3.0,1175.0,411.0,16.0,128.0,66.0,76.0,Manchester United,Home,888.0,203.0,39.0,446.36008431673457,Capital City Cyclones
400.0,140.0,26.0,81.0,33.0,82.0,4.0,1193.0,516.0,80.0,259.0,113.0,137.0,Los Angeles Lakers,Away,400.0,30.0,13.0,1592.4290086986157,Seaside Sharks
40.0,23.0,28.0,13.0,23.0,41.0,20.0,7871.0,2360.0,254.0,1191.0,509.0,601.0,Los Angeles Lakers,Away,329.0,29.0,5.0,2965.854245278591,Seaside Sharks
328.0,115.0,7.0,56.0,24.0,39.0,11.0,4287.0,1167.0,122.0,600.0,243.0,413.0,Los Angeles Lakers,Home,37.0,199.0,31.0,1860.5161651760711,Seaside Sharks
413.0,157.0,17.0,44.0,29.0,28.0,1.0,990.0,427.0,21.0,153.0,58.0,33.0,Manchester United,Away,761.0,166.0,15.0,828.0629379406712,Capital City Cyclones
57.0,39.0,1.0,7.0,4.0,8.0,16.0,3071.0,905.0,8.0,387.0,97.0,232.0,Manchester United,Away,498.0,114.0,22.0,274.72447830395635,Capital City Cyclones
82.0,16.0,26.0,12.0,14.0,10.0,9.0,1810.0,605.0,43.0,211.0,102.0,83.0,Los Angeles Lakers,Away,365.0,9.0,0.0,746.0963191088384,Capital City Cyclones
88.0,32.0,25.0,6.0,22.0,7.0,12.0,3497.0,947.0,216.0,450.0,338.0,172.0,Manchester United,Away,493.0,102.0,5.0,1157.5132738944005,Capital City Cyclones
147.0,43.0,37.0,19.0,30.0,11.0,6.0,901.0,324.0,40.0,174.0,54.0,96.0,Los Angeles Lakers,Home,228.0,46.0,19.0,386.9689725757033,Seaside Sharks
56.0,20.0,12.0,2.0,9.0,10.0,17.0,5568.0,1784.0,217.0,871.0,427.0,469.0,Manchester United,Home,411.0,54.0,10.0,4317.386469882172,Capital City Cyclones
106.0,25.0,2.0,13.0,3.0,7.0,1.0,221.0,78.0,0.0,33.0,2.0,14.0,Manchester United,Away,649.0,192.0,50.0,184.83671361597553,Capital City Cyclones
77.0,20.0,29.0,24.0,25.0,8.0,13.0,2802.0,734.0,115.0,381.0,152.0,206.0,Manchester United,Away,501.0,94.0,15.0,734.3489976366327,Seaside Sharks
200.0,102.0,30.0,30.0,32.0,22.0,17.0,6182.0,1959.0,82.0,760.0,284.0,446.0,Manchester United,Home,189.0,258.0,22.0,897.1657661667464,Capital City Cyclones
361.0,111.0,13.0,53.0,19.0,72.0,6.0,2638.0,738.0,43.0,429.0,93.0,288.0,Los Angeles Lakers,Home,458.0,298.0,34.0,977.6220364832398,Capital City Cyclones
11.0,10.0,0.0,2.0,3.0,6.0,9.0,1931.0,792.0,38.0,414.0,95.0,210.0,Los Angeles Lakers,Away,1.0,10.0,0.0,1062.2085100109016,Capital City Cyclones
149.0,45.0,8.0,31.0,19.0,60.0,6.0,1897.0,493.0,26.0,255.0,66.0,175.0,Manchester United,Home,106.0,188.0,46.0,201.32730964016855,Capital City Cyclones
273.0,131.0,12.0,71.0,41.0,82.0,9.0,2882.0,951.0,40.0,492.0,116.0,197.0,Los Angeles Lakers,Away,107.0,140.0,14.0,3022.7373626339463,Capital City Cyclones
365.0,178.0,46.0,82.0,64.0,42.0,19.0,9742.0,2908.0,232.0,1435.0,551.0,588.0,Los Angeles Lakers,Home,194.0,12.0,11.0,3321.1857413511475,Seaside Sharks
321.0,135.0,46.0,57.0,68.0,26.0,14.0,7289.0,2273.0,235.0,998.0,428.0,505.0,Los Angeles Lakers,Home,376.0,173.0,19.0,3914.0172192916534,Seaside Sharks
180.0,101.0,5.0,53.0,11.0,50.0,4.0,679.0,259.0,0.0,158.0,7.0,128.0,Manchester United,Away,25.0,233.0,42.0,1957.4437757733003,Capital City Cyclones
43.0,28.0,0.0,2.0,0.0,4.0,15.0,3245.0,997.0,20.0,421.0,115.0,240.0,Manchester United,Away,22.0,43.0,11.0,1110.0095266886365,Capital City Cyclones
206.0,116.0,11.0,44.0,19.0,22.0,3.0,1346.0,555.0,64.0,283.0,86.0,106.0,Manchester United,Home,492.0,71.0,37.0,1982.6927035908848,Capital City Cyclones
182.0,70.0,10.0,17.0,13.0,20.0,13.0,3329.0,917.0,132.0,517.0,176.0,202.0,Manchester United,Away,265.0,245.0,36.0,1854.192927673176,Capital City Cyclones
118.0,56.0,12.0,17.0,28.0,3.0,5.0,815.0,326.0,79.0,192.0,63.0,50.0,Los Angeles Lakers,Away,328.0,29.0,3.0,636.0425001346529,Seaside Sharks
211.0,77.0,37.0,27.0,62.0,54.0,20.0,9398.0,2753.0,292.0,1232.0,590.0,603.0,Los Angeles Lakers,Home,270.0,37.0,1.0,4466.308904019101,Seaside Sharks
10.0,7.0,6.0,4.0,2.0,24.0,6.0,1841.0,658.0,34.0,370.0,63.0,167.0,Los Angeles Lakers,Home,74.0,93.0,5.0,713.4963845582146,Seaside Sharks
324.0,137.0,13.0,66.0,23.0,19.0,15.0,6517.0,1972.0,79.0,788.0,278.0,280.0,Manchester United,Away,145.0,101.0,22.0,2230.566118246782,Capital City Cyclones
149.0,86.0,13.0,16.0,24.0,23.0,15.0,4314.0,1443.0,51.0,541.0,210.0,303.0,Los Angeles Lakers,Home,945.0,186.0,33.0,2153.720781549749,Capital City Cyclones
16.0,1.0,6.0,3.0,4.0,36.0,16.0,3840.0,1005.0,80.0,592.0,156.0,454.0,Los Angeles Lakers,Away,460.0,122.0,8.0,825.4514239197139,Seaside Sharks
11.0,0.0,5.0,2.0,7.0,33.0,13.0,4793.0,1412.0,198.0,757.0,415.0,490.0,Los Angeles Lakers,Away,344.0,13.0,2.0,952.2008871091989,Seaside Sharks
33.0,4.0,14.0,9.0,7.0,20.0,11.0,1022.0,311.0,41.0,143.0,57.0,112.0,Los Angeles Lakers,Away,477.0,9.0,8.0,1524.7074299981032,Seaside Sharks
399.0,145.0,29.0,72.0,40.0,79.0,14.0,5867.0,1669.0,102.0,813.0,247.0,560.0,Los Angeles Lakers,Away,977.0,74.0,4.0,4322.747163991785,Seaside Sharks
208.0,75.0,44.0,66.0,33.0,84.0,3.0,627.0,241.0,39.0,124.0,51.0,100.0,Los Angeles Lakers,Home,413.0,9.0,0.0,1439.1144787767728,Seaside Sharks
169.0,75.0,43.0,31.0,58.0,20.0,11.0,2811.0,851.0,99.0,337.0,164.0,183.0,Los Angeles Lakers,Away,366.0,93.0,7.0,1975.3750562685325,Seaside Sharks
59.0,11.0,15.0,12.0,18.0,31.0,19.0,4701.0,1310.0,123.0,724.0,258.0,365.0,Los Angeles Lakers,Home,32.0,16.0,3.0,2616.159091938047,Seaside Sharks
12.0,5.0,18.0,2.0,16.0,22.0,8.0,2581.0,813.0,76.0,344.0,184.0,227.0,Manchester United,Away,102.0,65.0,35.0,279.6520516390157,Capital City Cyclones
193.0,94.0,7.0,41.0,17.0,71.0,15.0,6368.0,1916.0,71.0,912.0,217.0,579.0,Manchester United,Away,118.0,274.0,44.0,1289.4007438354004,Capital City Cyclones
346.0,168.0,23.0,87.0,44.0,66.0,4.0,1405.0,546.0,79.0,422.0,120.0,224.0,Manchester United,Away,248.0,113.0,18.0,3768.518857792228,Capital City Cyclones
256.0,85.0,43.0,33.0,64.0,12.0,8.0,1267.0,400.0,101.0,171.0,112.0,41.0,Los Angeles Lakers,Home,875.0,151.0,48.0,1050.8909805833114,Seaside Sharks
43.0,16.0,2.0,12.0,4.0,9.0,1.0,320.0,100.0,2.0,60.0,4.0,75.0,Manchester United,Home,323.0,78.0,28.0,1611.8268408511854,Capital City Cyclones
44.0,9.0,28.0,9.0,19.0,10.0,15.0,3704.0,996.0,84.0,557.0,182.0,474.0,Los Angeles Lakers,Away,183.0,39.0,23.0,142.2447329975675,Seaside Sharks
259.0,112.0,31.0,39.0,56.0,38.0,18.0,5405.0,1745.0,82.0,678.0,239.0,226.0,Los Angeles Lakers,Home,412.0,184.0,40.0,3100.2487813847265,Seaside Sharks
171.0,62.0,8.0,37.0,25.0,31.0,12.0,4074.0,1098.0,80.0,593.0,192.0,310.0,Manchester United,Home,15.0,233.0,48.0,1579.351308314348,Capital City Cyclones
29.0,15.0,26.0,13.0,16.0,2.0,9.0,1379.0,518.0,139.0,286.0,180.0,83.0,Manchester United,Home,101.0,0.0,0.0,733.0294291742931,Capital City Cyclones
251.0,114.0,36.0,55.0,40.0,46.0,3.0,1740.0,651.0,109.0,286.0,148.0,109.0,Manchester United,Home,791.0,198.0,24.0,2299.8904341034918,Capital City Cyclones
332.0,103.0,16.0,33.0,51.0,28.0,4.0,532.0,171.0,22.0,65.0,32.0,57.0,Manchester United,Away,440.0,271.0,49.0,1128.003870846166,Capital City Cyclones
237.0,76.0,39.0,39.0,51.0,74.0,5.0,2076.0,634.0,71.0,250.0,106.0,174.0,Manchester United,Home,410.0,165.0,35.0,1092.5564579992958,Capital City Cyclones
71.0,39.0,13.0,21.0,13.0,8.0,7.0,746.0,288.0,31.0,165.0,41.0,66.0,Los Angeles Lakers,Away,484.0,100.0,3.0,1344.1424810896217,Seaside Sharks
318.0,131.0,24.0,37.0,32.0,30.0,9.0,4320.0,1373.0,136.0,759.0,224.0,353.0,Los Angeles Lakers,Home,163.0,109.0,14.0,919.7608454979911,Capital City Cyclones
302.0,113.0,29.0,33.0,41.0,22.0,17.0,9522.0,2667.0,270.0,1188.0,544.0,496.0,Manchester United,Away,578.0,225.0,32.0,1264.4112361552745,Capital City Cyclones
391.0,181.0,28.0,93.0,58.0,55.0,5.0,1190.0,572.0,12.0,356.0,31.0,131.0,Manchester United,Home,73.0,108.0,27.0,1195.377266998097,Capital City Cyclones
54.0,9.0,25.0,3.0,21.0,8.0,19.0,8947.0,2582.0,224.0,1149.0,509.0,471.0,Los Angeles Lakers,Away,11.0,11.0,0.0,2686.573877326111,Seaside Sharks
10.0,0.0,0.0,0.0,1.0,1.0,13.0,1252.0,416.0,21.0,181.0,54.0,52.0,Manchester United,Home,15.0,27.0,12.0,379.41377885424146,Capital City Cyclones
477.0,142.0,22.0,54.0,62.0,64.0,20.0,9793.0,2868.0,288.0,1486.0,596.0,657.0,Manchester United,Away,86.0,275.0,16.0,4902.856446308674,Capital City Cyclones
181.0,101.0,21.0,46.0,20.0,61.0,17.0,8045.0,2400.0,176.0,1237.0,409.0,560.0,Los Angeles Lakers,Away,69.0,249.0,11.0,2930.2654681246377,Seaside Sharks
462.0,180.0,34.0,55.0,51.0,49.0,13.0,3811.0,1044.0,130.0,581.0,178.0,214.0,Los Angeles Lakers,Away,329.0,141.0,38.0,1939.8106142765675,Seaside Sharks
286.0,97.0,49.0,44.0,77.0,39.0,4.0,1720.0,535.0,218.0,439.0,190.0,138.0,Manchester United,Away,640.0,72.0,17.0,810.8703824758543,Capital City Cyclones
38.0,9.0,1.0,8.0,0.0,5.0,7.0,949.0,363.0,15.0,200.0,42.0,135.0,Los Angeles Lakers,Home,374.0,17.0,11.0,954.993926684563,Seaside Sharks
61.0,30.0,10.0,12.0,12.0,7.0,12.0,2687.0,854.0,64.0,366.0,163.0,198.0,Los Angeles Lakers,Away,399.0,144.0,6.0,2185.12452330635,Seaside Sharks
17.0,13.0,1.0,7.0,0.0,25.0,1.0,494.0,144.0,6.0,55.0,12.0,89.0,Manchester United,Away,184.0,152.0,32.0,1401.8166927399411,Capital City Cyclones
17.0,6.0,13.0,8.0,6.0,14.0,10.0,2860.0,875.0,161.0,489.0,189.0,295.0,Los Angeles Lakers,Home,2.0,3.0,3.0,787.6943900720626,Seaside Sharks
161.0,56.0,36.0,25.0,38.0,13.0,17.0,4151.0,1232.0,88.0,496.0,249.0,238.0,Los Angeles Lakers,Home,463.0,9.0,1.0,2454.8631870812724,Seaside Sharks
136.0,60.0,8.0,23.0,26.0,53.0,8.0,2613.0,872.0,23.0,312.0,112.0,130.0,Manchester United,Home,936.0,128.0,11.0,4092.198721011498,Capital City Cyclones
118.0,50.0,14.0,16.0,25.0,20.0,17.0,6809.0,2151.0,99.0,865.0,302.0,446.0,Los Angeles Lakers,Away,23.0,16.0,9.0,2512.688952769054,Seaside Sharks
217.0,103.0,15.0,66.0,18.0,48.0,1.0,208.0,69.0,7.0,32.0,7.0,17.0,Manchester United,Away,184.0,128.0,38.0,995.6278655099632,Capital City Cyclones
261.0,101.0,44.0,67.0,64.0,54.0,3.0,1886.0,699.0,106.0,388.0,131.0,123.0,Manchester United,Home,988.0,63.0,42.0,2855.75366832112,Capital City Cyclones
102.0,60.0,17.0,26.0,27.0,51.0,20.0,9161.0,2662.0,159.0,1102.0,432.0,536.0,Manchester United,Home,377.0,170.0,27.0,3678.4866969747363,Capital City Cyclones
390.0,119.0,10.0,66.0,18.0,72.0,14.0,6540.0,1958.0,76.0,888.0,224.0,478.0,Manchester United,Away,530.0,146.0,16.0,665.4214925082139,Capital City Cyclones
289.0,107.0,49.0,77.0,79.0,48.0,12.0,6228.0,1874.0,232.0,834.0,440.0,407.0,Los Angeles Lakers,Away,162.0,186.0,12.0,1500.974336787165,Seaside Sharks
113.0,66.0,23.0,42.0,16.0,6.0,3.0,498.0,168.0,59.0,106.0,24.0,40.0,Los Angeles Lakers,Away,107.0,6.0,0.0,228.11384689350223,Seaside Sharks
134.0,51.0,19.0,13.0,15.0,11.0,10.0,3583.0,1019.0,59.0,476.0,158.0,144.0,Manchester United,Away,36.0,59.0,33.0,253.80771855560104,Capital City Cyclones
107.0,26.0,38.0,9.0,26.0,1.0,3.0,718.0,253.0,138.0,132.0,90.0,125.0,Manchester United,Away,777.0,123.0,46.0,625.6054126083902,Seaside Sharks
32.0,1.0,24.0,10.0,7.0,8.0,1.0,535.0,177.0,30.0,126.0,20.0,125.0,Los Angeles Lakers,Away,527.0,28.0,17.0,238.96368851625533,Seaside Sharks
25.0,0.0,3.0,0.0,2.0,14.0,19.0,6331.0,1888.0,167.0,762.0,407.0,481.0,Los Angeles Lakers,Home,20.0,60.0,21.0,261.57618230935935,Capital City Cyclones
204.0,88.0,20.0,21.0,46.0,25.0,13.0,5086.0,1317.0,91.0,676.0,228.0,400.0,Manchester United,Away,937.0,111.0,14.0,884.7176026687033,Capital City Cyclones
61.0,31.0,1.0,6.0,1.0,1.0,15.0,3490.0,964.0,68.0,515.0,126.0,172.0,Los Angeles Lakers,Home,13.0,57.0,3.0,253.04112595245323,Seaside Sharks
29.0,1.0,13.0,4.0,15.0,3.0,11.0,3004.0,895.0,101.0,480.0,208.0,267.0,Manchester United,Away,556.0,4.0,1.0,256.8569352226037,Capital City Cyclones
459.0,167.0,44.0,61.0,63.0,30.0,20.0,8661.0,2537.0,285.0,1273.0,546.0,524.0,Los Angeles Lakers,Home,291.0,94.0,13.0,2446.815135301129,Seaside Sharks
341.0,132.0,26.0,67.0,40.0,69.0,19.0,9557.0,2751.0,279.0,1362.0,578.0,657.0,Manchester United,Away,60.0,126.0,9.0,3081.3466909458107,Capital City Cyclones
109.0,66.0,6.0,13.0,10.0,13.0,11.0,3745.0,1067.0,46.0,554.0,123.0,327.0,Manchester United,Home,583.0,235.0,20.0,1164.9886549073813,Capital City Cyclones
260.0,108.0,46.0,46.0,73.0,72.0,18.0,8248.0,2490.0,240.0,971.0,516.0,596.0,Manchester United,Away,275.0,42.0,7.0,3110.600053068308,Capital City Cyclones
30.0,1.0,7.0,1.0,9.0,1.0,8.0,1057.0,401.0,47.0,187.0,89.0,52.0,Manchester United,Away,191.0,65.0,35.0,451.9598605920841,Capital City Cyclones
314.0,107.0,38.0,76.0,39.0,49.0,9.0,2492.0,738.0,139.0,513.0,143.0,168.0,Manchester United,Away,541.0,21.0,13.0,1789.1603038378762,Seaside Sharks
175.0,73.0,7.0,13.0,28.0,32.0,10.0,4734.0,1516.0,106.0,625.0,291.0,426.0,Manchester United,Away,518.0,159.0,29.0,2322.7160143309384,Capital City Cyclones
61.0,21.0,1.0,2.0,7.0,7.0,12.0,1639.0,482.0,54.0,192.0,86.0,114.0,Manchester United,Home,197.0,82.0,33.0,1828.2595837315084,Capital City Cyclones
280.0,102.0,38.0,47.0,54.0,36.0,18.0,6732.0,2086.0,229.0,913.0,472.0,510.0,Manchester United,Home,256.0,53.0,31.0,2183.956250838495,Capital City Cyclones
220.0,112.0,15.0,41.0,28.0,50.0,6.0,1262.0,528.0,50.0,248.0,85.0,75.0,Los Angeles Lakers,Home,267.0,33.0,4.0,4103.307946618006,Capital City Cyclones
52.0,19.0,15.0,9.0,22.0,2.0,12.0,3039.0,958.0,92.0,410.0,203.0,157.0,Los Angeles Lakers,Away,358.0,37.0,2.0,1401.5026791932398,Capital City Cyclones
58.0,28.0,24.0,4.0,15.0,1.0,18.0,4675.0,1287.0,136.0,484.0,295.0,296.0,Los Angeles Lakers,Home,123.0,22.0,3.0,337.2542149846673,Seaside Sharks
20.0,8.0,8.0,6.0,2.0,2.0,3.0,467.0,154.0,51.0,70.0,52.0,40.0,Manchester United,Home,323.0,0.0,5.0,241.8916623171859,Capital City Cyclones
64.0,10.0,19.0,16.0,13.0,8.0,4.0,281.0,71.0,22.0,46.0,9.0,32.0,Manchester United,Away,6.0,14.0,1.0,140.3253719760108,Capital City Cyclones
295.0,142.0,35.0,73.0,38.0,13.0,10.0,2066.0,802.0,30.0,349.0,98.0,91.0,Los Angeles Lakers,Home,538.0,143.0,39.0,2784.4833173108113,Seaside Sharks
225.0,117.0,47.0,48.0,52.0,57.0,10.0,2334.0,772.0,109.0,397.0,140.0,192.0,Los Angeles Lakers,Home,103.0,172.0,9.0,3625.8516379495372,Seaside Sharks
449.0,124.0,16.0,61.0,23.0,28.0,16.0,4708.0,1403.0,114.0,680.0,211.0,254.0,Manchester United,Home,114.0,256.0,49.0,404.26898945359426,Capital City Cyclones
53.0,11.0,8.0,10.0,10.0,5.0,12.0,3977.0,1216.0,43.0,544.0,142.0,235.0,Los Angeles Lakers,Away,346.0,147.0,11.0,418.1964406176357,Capital City Cyclones
85.0,52.0,31.0,24.0,33.0,5.0,5.0,1567.0,673.0,111.0,440.0,123.0,95.0,Manchester United,Away,158.0,2.0,0.0,2697.051217937552,Seaside Sharks
60.0,11.0,1.0,5.0,3.0,16.0,1.0,209.0,73.0,0.0,33.0,0.0,18.0,Los Angeles Lakers,Away,540.0,241.0,48.0,122.63122378825368,Seaside Sharks
74.0,48.0,23.0,29.0,28.0,39.0,8.0,3230.0,891.0,105.0,445.0,190.0,335.0,Los Angeles Lakers,Away,500.0,48.0,21.0,1326.637633587014,Capital City Cyclones
187.0,105.0,18.0,45.0,21.0,7.0,16.0,5992.0,1999.0,96.0,930.0,239.0,276.0,Los Angeles Lakers,Away,341.0,91.0,10.0,3970.9490466563616,Seaside Sharks
458.0,175.0,25.0,90.0,57.0,79.0,16.0,7135.0,2131.0,117.0,977.0,349.0,532.0,Manchester United,Home,133.0,289.0,29.0,4746.510802895234,Capital City Cyclones
118.0,58.0,33.0,35.0,28.0,27.0,11.0,2253.0,715.0,64.0,352.0,132.0,179.0,Los Angeles Lakers,Home,712.0,19.0,6.0,3639.999139503101,Seaside Sharks
123.0,37.0,18.0,22.0,24.0,62.0,18.0,5347.0,1240.0,122.0,582.0,227.0,424.0,Los Angeles Lakers,Home,247.0,69.0,3.0,290.1412083909078,Seaside Sharks
16.0,9.0,6.0,1.0,3.0,0.0,13.0,4827.0,1295.0,177.0,540.0,321.0,191.0,Los Angeles Lakers,Away,19.0,155.0,32.0,447.7337428204903,Seaside Sharks
149.0,87.0,5.0,14.0,14.0,22.0,9.0,1471.0,595.0,18.0,171.0,73.0,63.0,Los Angeles Lakers,Home,952.0,154.0,42.0,4112.018350311095,Seaside Sharks
67.0,18.0,24.0,8.0,15.0,1.0,18.0,4701.0,1345.0,76.0,620.0,187.0,224.0,Manchester United,Away,10.0,87.0,3.0,234.15319395882986,Capital City Cyclones
262.0,90.0,6.0,47.0,20.0,38.0,2.0,1104.0,464.0,5.0,193.0,47.0,98.0,Manchester United,Home,408.0,286.0,34.0,1535.6097529655692,Capital City Cyclones
106.0,46.0,19.0,7.0,25.0,17.0,5.0,619.0,178.0,23.0,79.0,13.0,110.0,Manchester United,Home,99.0,128.0,7.0,424.84616255327904,Capital City Cyclones
135.0,71.0,27.0,50.0,22.0,12.0,16.0,5953.0,1721.0,186.0,872.0,349.0,499.0,Manchester United,Home,223.0,91.0,27.0,884.7054312455643,Capital City Cyclones
267.0,96.0,49.0,44.0,49.0,16.0,2.0,695.0,235.0,107.0,126.0,71.0,56.0,Manchester United,Home,515.0,225.0,37.0,2974.5570386896284,Seaside Sharks
88.0,51.0,22.0,11.0,40.0,11.0,16.0,6204.0,2012.0,264.0,923.0,494.0,349.0,Los Angeles Lakers,Home,124.0,23.0,5.0,2055.1525009850643,Seaside Sharks
39.0,7.0,20.0,4.0,15.0,23.0,12.0,2853.0,879.0,172.0,459.0,211.0,403.0,Los Angeles Lakers,Home,99.0,9.0,6.0,2044.886169241201,Capital City Cyclones
184.0,78.0,28.0,53.0,36.0,76.0,3.0,691.0,253.0,66.0,126.0,68.0,163.0,Manchester United,Home,788.0,98.0,8.0,2131.671271348342,Capital City Cyclones
432.0,198.0,28.0,92.0,47.0,79.0,13.0,6515.0,2007.0,127.0,828.0,382.0,363.0,Los Angeles Lakers,Home,607.0,41.0,21.0,3071.3585629877634,Seaside Sharks
101.0,54.0,20.0,18.0,34.0,27.0,20.0,8180.0,2465.0,230.0,987.0,537.0,523.0,Manchester United,Away,18.0,104.0,2.0,2462.7568944261648,Capital City Cyclones
23.0,3.0,2.0,2.0,3.0,2.0,18.0,7191.0,2179.0,134.0,951.0,326.0,530.0,Manchester United,Away,0.0,123.0,27.0,817.6307243448496,Capital City Cyclones
48.0,34.0,0.0,11.0,0.0,33.0,15.0,4616.0,1556.0,42.0,724.0,182.0,458.0,Manchester United,Home,286.0,154.0,13.0,985.0825906339252,Capital City Cyclones
235.0,136.0,15.0,58.0,33.0,26.0,2.0,1334.0,467.0,65.0,210.0,104.0,110.0,Manchester United,Away,644.0,70.0,13.0,4026.5207012495753,Capital City Cyclones
56.0,27.0,5.0,5.0,5.0,1.0,7.0,955.0,396.0,4.0,127.0,20.0,47.0,Manchester United,Away,150.0,130.0,46.0,259.1625126543912,Capital City Cyclones
189.0,92.0,10.0,21.0,36.0,15.0,15.0,5147.0,1363.0,44.0,563.0,180.0,268.0,Los Angeles Lakers,Away,522.0,67.0,3.0,2974.359684620421,Capital City Cyclones
386.0,180.0,19.0,44.0,46.0,11.0,11.0,6343.0,2077.0,211.0,904.0,446.0,270.0,Manchester United,Away,791.0,106.0,25.0,4375.292150826271,Capital City Cyclones
273.0,96.0,22.0,32.0,24.0,7.0,6.0,763.0,274.0,9.0,83.0,15.0,22.0,Los Angeles Lakers,Home,431.0,120.0,6.0,202.40994058451065,Seaside Sharks
499.0,200.0,19.0,87.0,46.0,26.0,1.0,568.0,185.0,35.0,65.0,33.0,32.0,Manchester United,Home,362.0,280.0,43.0,2293.2053321816034,Capital City Cyclones
114.0,50.0,16.0,20.0,17.0,20.0,7.0,1649.0,513.0,30.0,244.0,80.0,222.0,Los Angeles Lakers,Home,394.0,43.0,4.0,2562.7083325299345,Seaside Sharks
47.0,18.0,9.0,9.0,15.0,40.0,15.0,6565.0,2126.0,98.0,950.0,248.0,530.0,Los Angeles Lakers,Away,43.0,119.0,18.0,1021.9006483791684,Capital City Cyclones
215.0,86.0,33.0,27.0,41.0,37.0,7.0,1087.0,346.0,47.0,170.0,68.0,179.0,Manchester United,Away,376.0,52.0,2.0,561.8056607615441,Capital City Cyclones
99.0,25.0,9.0,22.0,14.0,13.0,14.0,2948.0,764.0,36.0,349.0,106.0,139.0,Manchester United,Home,184.0,114.0,10.0,1020.6864238555413,Capital City Cyclones
210.0,83.0,30.0,44.0,44.0,45.0,3.0,447.0,125.0,53.0,71.0,23.0,91.0,Los Angeles Lakers,Away,45.0,185.0,37.0,238.71459167859834,Seaside Sharks
120.0,39.0,11.0,11.0,16.0,45.0,11.0,3678.0,1079.0,61.0,494.0,141.0,269.0,Los Angeles Lakers,Away,278.0,121.0,29.0,2098.3654170564732,Seaside Sharks
86.0,52.0,33.0,22.0,44.0,10.0,4.0,490.0,183.0,53.0,108.0,30.0,78.0,Los Angeles Lakers,Home,154.0,1.0,2.0,611.369890301536,Seaside Sharks
13.0,10.0,9.0,7.0,8.0,1.0,4.0,520.0,215.0,41.0,68.0,56.0,24.0,Manchester United,Home,102.0,0.0,0.0,565.5853988249556,Capital City Cyclones
441.0,149.0,38.0,45.0,51.0,53.0,10.0,4693.0,1363.0,209.0,693.0,410.0,443.0,Los Angeles Lakers,Home,916.0,265.0,28.0,3608.610852293917,Seaside Sharks
40.0,10.0,3.0,1.0,3.0,12.0,16.0,6146.0,1895.0,154.0,840.0,367.0,554.0,Manchester United,Away,196.0,35.0,2.0,3590.7271415234773,Capital City Cyclones
153.0,67.0,5.0,22.0,11.0,4.0,12.0,3526.0,1058.0,18.0,458.0,113.0,146.0,Manchester United,Away,42.0,247.0,22.0,1536.5620122724206,Capital City Cyclones
281.0,147.0,48.0,64.0,59.0,52.0,12.0,5551.0,1730.0,222.0,852.0,407.0,462.0,Los Angeles Lakers,Away,179.0,115.0,21.0,3526.523324116877,Seaside Sharks
194.0,67.0,5.0,12.0,17.0,8.0,14.0,3647.0,1001.0,67.0,418.0,184.0,165.0,Los Angeles Lakers,Home,39.0,293.0,48.0,1317.773320353807,Capital City Cyclones
350.0,168.0,47.0,83.0,69.0,74.0,10.0,2147.0,631.0,118.0,369.0,142.0,230.0,Manchester United,Home,88.0,246.0,18.0,1078.8135215873745,Capital City Cyclones
320.0,97.0,49.0,78.0,65.0,85.0,14.0,4115.0,1168.0,206.0,676.0,305.0,422.0,Los Angeles Lakers,Home,996.0,39.0,22.0,4023.039250790295,Seaside Sharks
83.0,15.0,3.0,3.0,9.0,3.0,1.0,243.0,89.0,0.0,31.0,1.0,5.0,Manchester United,Home,777.0,152.0,29.0,891.8292301807298,Capital City Cyclones
117.0,58.0,35.0,37.0,25.0,24.0,4.0,749.0,319.0,115.0,207.0,68.0,134.0,Los Angeles Lakers,Home,32.0,2.0,1.0,296.9574156098997,Seaside Sharks
51.0,8.0,1.0,6.0,1.0,26.0,7.0,1599.0,498.0,36.0,216.0,77.0,145.0,Manchester United,Home,84.0,38.0,2.0,811.8132808619615,Capital City Cyclones
42.0,10.0,5.0,2.0,12.0,2.0,12.0,1184.0,415.0,28.0,142.0,70.0,108.0,Los Angeles Lakers,Home,267.0,26.0,1.0,418.0478269950947,Seaside Sharks
177.0,75.0,27.0,34.0,31.0,49.0,8.0,3720.0,1023.0,188.0,648.0,240.0,291.0,Los Angeles Lakers,Away,832.0,110.0,25.0,4096.560198889958,Seaside Sharks
141.0,45.0,3.0,12.0,8.0,6.0,14.0,5302.0,1288.0,45.0,704.0,164.0,302.0,Manchester United,Home,4.0,277.0,38.0,758.3957837251281,Capital City Cyclones
398.0,187.0,43.0,96.0,73.0,85.0,15.0,7745.0,2487.0,280.0,1324.0,526.0,565.0,Manchester United,Away,514.0,151.0,26.0,4983.1419999878635,Capital City Cyclones
436.0,162.0,15.0,55.0,34.0,31.0,10.0,2172.0,684.0,29.0,294.0,72.0,130.0,Los Angeles Lakers,Away,748.0,250.0,30.0,2089.2744682885204,Seaside Sharks
47.0,9.0,29.0,3.0,20.0,15.0,20.0,9207.0,2559.0,231.0,1206.0,525.0,646.0,Los Angeles Lakers,Home,145.0,10.0,0.0,478.9407936462225,Seaside Sharks
55.0,36.0,6.0,12.0,7.0,2.0,7.0,2321.0,760.0,81.0,375.0,121.0,99.0,Los Angeles Lakers,Away,345.0,33.0,3.0,1849.0518890332814,Seaside Sharks
66.0,37.0,2.0,2.0,6.0,12.0,5.0,647.0,250.0,37.0,97.0,31.0,119.0,Manchester United,Home,191.0,33.0,12.0,1391.5745960611803,Capital City Cyclones
170.0,84.0,10.0,33.0,16.0,12.0,12.0,5543.0,1866.0,46.0,806.0,198.0,350.0,Manchester United,Away,46.0,107.0,22.0,740.0167042778002,Capital City Cyclones
113.0,57.0,33.0,42.0,34.0,49.0,2.0,278.0,79.0,56.0,74.0,23.0,90.0,Manchester United,Home,185.0,20.0,1.0,472.1429991893767,Capital City Cyclones
282.0,107.0,26.0,34.0,37.0,13.0,6.0,972.0,341.0,19.0,138.0,51.0,69.0,Manchester United,Home,822.0,233.0,25.0,870.5883138202064,Capital City Cyclones
22.0,1.0,1.0,0.0,2.0,1.0,18.0,4539.0,1335.0,133.0,726.0,283.0,240.0,Manchester United,Home,73.0,55.0,1.0,2834.44620200163,Capital City Cyclones
16.0,14.0,2.0,11.0,3.0,16.0,1.0,157.0,66.0,0.0,23.0,1.0,12.0,Los Angeles Lakers,Home,320.0,7.0,1.0,1636.120337900834,Seaside Sharks
212.0,69.0,42.0,43.0,49.0,52.0,18.0,5447.0,1493.0,205.0,709.0,335.0,359.0,Manchester United,Away,294.0,107.0,41.0,942.4116499575553,Capital City Cyclones
170.0,63.0,10.0,24.0,14.0,5.0,6.0,957.0,348.0,41.0,185.0,59.0,44.0,Manchester United,Home,253.0,159.0,18.0,1862.4335073445861,Capital City Cyclones
155.0,57.0,4.0,21.0,8.0,43.0,1.0,229.0,75.0,3.0,23.0,8.0,38.0,Manchester United,Home,432.0,275.0,49.0,2033.6523040468041,Capital City Cyclones
146.0,67.0,5.0,26.0,9.0,31.0,16.0,7892.0,2677.0,94.0,1317.0,346.0,467.0,Los Angeles Lakers,Away,308.0,168.0,15.0,2320.199219216496,Seaside Sharks
163.0,80.0,37.0,52.0,41.0,51.0,5.0,2181.0,807.0,119.0,449.0,181.0,146.0,Los Angeles Lakers,Away,918.0,17.0,3.0,1946.3468546731551,Seaside Sharks
68.0,40.0,1.0,7.0,3.0,1.0,11.0,1179.0,471.0,33.0,140.0,84.0,27.0,Manchester United,Home,53.0,240.0,19.0,385.5632322792885,Capital City Cyclones
104.0,40.0,13.0,6.0,14.0,5.0,19.0,5842.0,1845.0,145.0,727.0,386.0,260.0,Manchester United,Away,53.0,20.0,3.0,2804.2464276592564,Capital City Cyclones
90.0,42.0,14.0,16.0,17.0,37.0,7.0,1045.0,451.0,9.0,177.0,29.0,56.0,Manchester United,Away,442.0,116.0,34.0,338.4032149414805,Capital City Cyclones
109.0,28.0,35.0,11.0,22.0,17.0,12.0,2755.0,725.0,84.0,303.0,170.0,144.0,Los Angeles Lakers,Away,220.0,23.0,23.0,195.97390023372643,Seaside Sharks
403.0,182.0,34.0,99.0,63.0,43.0,15.0,5624.0,1603.0,155.0,783.0,393.0,346.0,Manchester United,Home,554.0,32.0,1.0,3020.412652231546,Capital City Cyclones
291.0,108.0,27.0,53.0,43.0,42.0,19.0,8232.0,2577.0,248.0,1260.0,541.0,495.0,Los Angeles Lakers,Away,319.0,173.0,25.0,2886.6246415057362,Seaside Sharks
80.0,50.0,7.0,7.0,11.0,6.0,8.0,2140.0,680.0,30.0,214.0,101.0,123.0,Los Angeles Lakers,Away,250.0,99.0,17.0,2213.59069594963,Capital City Cyclones
14.0,2.0,10.0,0.0,4.0,6.0,13.0,2885.0,852.0,79.0,304.0,155.0,220.0,Los Angeles Lakers,Home,265.0,7.0,8.0,257.7608068661199,Capital City Cyclones
154.0,67.0,30.0,30.0,52.0,62.0,9.0,3413.0,977.0,222.0,558.0,340.0,355.0,Manchester United,Home,900.0,103.0,9.0,2467.4787494777793,Capital City Cyclones
182.0,97.0,42.0,30.0,66.0,29.0,18.0,9502.0,2767.0,253.0,1079.0,584.0,571.0,Manchester United,Away,268.0,38.0,2.0,1950.6131509451736,Capital City Cyclones
18.0,13.0,4.0,5.0,2.0,14.0,17.0,4507.0,1289.0,169.0,718.0,297.0,326.0,Manchester United,Home,78.0,48.0,6.0,2659.6505322956377,Capital City Cyclones
312.0,121.0,47.0,63.0,63.0,49.0,14.0,4536.0,1408.0,240.0,823.0,346.0,403.0,Los Angeles Lakers,Away,61.0,125.0,29.0,2787.32205684107,Seaside Sharks
59.0,13.0,2.0,10.0,2.0,41.0,13.0,2083.0,542.0,40.0,245.0,100.0,349.0,Los Angeles Lakers,Away,22.0,35.0,9.0,138.12447757957256,Capital City Cyclones
326.0,108.0,11.0,45.0,34.0,81.0,14.0,3863.0,1014.0,83.0,516.0,194.0,433.0,Los Angeles Lakers,Away,962.0,265.0,47.0,1574.3768988721745,Seaside Sharks
324.0,147.0,24.0,65.0,51.0,33.0,14.0,5361.0,1417.0,63.0,745.0,170.0,319.0,Los Angeles Lakers,Home,219.0,209.0,17.0,1012.6865766651327,Seaside Sharks
91.0,23.0,24.0,19.0,24.0,41.0,11.0,2772.0,856.0,168.0,466.0,198.0,284.0,Los Angeles Lakers,Home,904.0,1.0,0.0,3016.6645183407395,Seaside Sharks
58.0,7.0,19.0,11.0,7.0,2.0,2.0,188.0,59.0,29.0,18.0,4.0,6.0,Manchester United,Away,46.0,23.0,2.0,114.9873966632075,Capital City Cyclones
39.0,2.0,11.0,5.0,12.0,33.0,16.0,3904.0,1070.0,193.0,645.0,273.0,350.0,Los Angeles Lakers,Home,598.0,0.0,4.0,2480.275088765463,Seaside Sharks
159.0,59.0,32.0,32.0,25.0,10.0,10.0,2579.0,663.0,140.0,444.0,170.0,216.0,Los Angeles Lakers,Away,43.0,179.0,29.0,2155.0237002515396,Seaside Sharks
71.0,23.0,6.0,13.0,6.0,29.0,8.0,2383.0,660.0,21.0,389.0,46.0,285.0,Manchester United,Away,414.0,216.0,16.0,1715.3443419098112,Capital City Cyclones
427.0,184.0,33.0,91.0,58.0,89.0,19.0,9599.0,2788.0,270.0,1341.0,578.0,605.0,Los Angeles Lakers,Home,267.0,15.0,2.0,3441.197588756085,Capital City Cyclones
156.0,68.0,39.0,55.0,32.0,62.0,5.0,862.0,355.0,70.0,276.0,80.0,183.0,Manchester United,Away,900.0,33.0,2.0,1157.873304967218,Seaside Sharks
334.0,108.0,17.0,34.0,54.0,42.0,15.0,6508.0,1965.0,189.0,866.0,428.0,342.0,Los Angeles Lakers,Home,405.0,58.0,11.0,3383.6523838894823,Seaside Sharks
56.0,20.0,1.0,1.0,8.0,1.0,7.0,1903.0,583.0,39.0,238.0,88.0,155.0,Los Angeles Lakers,Away,2.0,266.0,48.0,291.4052635759205,Capital City Cyclones
202.0,75.0,43.0,58.0,46.0,82.0,17.0,8710.0,2421.0,283.0,1264.0,559.0,696.0,Los Angeles Lakers,Away,936.0,68.0,21.0,4173.992010898674,Seaside Sharks
54.0,14.0,20.0,5.0,26.0,19.0,4.0,871.0,283.0,84.0,136.0,83.0,108.0,Los Angeles Lakers,Away,583.0,50.0,4.0,2955.6183987781537,Seaside Sharks
327.0,172.0,10.0,81.0,42.0,33.0,14.0,3749.0,1275.0,89.0,583.0,225.0,208.0,Manchester United,Home,361.0,47.0,11.0,1085.8880862092703,Capital City Cyclones
99.0,54.0,22.0,30.0,20.0,15.0,5.0,724.0,285.0,14.0,118.0,24.0,43.0,Los Angeles Lakers,Home,36.0,180.0,25.0,931.8574922489622,Seaside Sharks
134.0,49.0,3.0,13.0,12.0,9.0,11.0,4423.0,1285.0,117.0,571.0,242.0,207.0,Manchester United,Away,139.0,45.0,10.0,319.7878943916095,Capital City Cyclones
16.0,7.0,7.0,1.0,3.0,1.0,10.0,2075.0,786.0,87.0,432.0,121.0,128.0,Manchester United,Away,362.0,46.0,25.0,3014.6330675772415,Capital City Cyclones
84.0,53.0,5.0,30.0,14.0,22.0,16.0,3759.0,1160.0,40.0,496.0,184.0,261.0,Manchester United,Home,512.0,131.0,9.0,1983.097877274471,Capital City Cyclones
456.0,142.0,14.0,48.0,43.0,37.0,9.0,3778.0,1017.0,150.0,642.0,216.0,343.0,Los Angeles Lakers,Away,893.0,181.0,20.0,781.8295888244052,Seaside Sharks
170.0,53.0,5.0,22.0,9.0,32.0,14.0,7013.0,1978.0,154.0,835.0,386.0,453.0,Los Angeles Lakers,Home,346.0,268.0,14.0,3458.844049313869,Seaside Sharks
465.0,200.0,50.0,83.0,80.0,39.0,19.0,9708.0,2837.0,235.0,1398.0,530.0,527.0,Los Angeles Lakers,Home,734.0,10.0,13.0,4505.910201144928,Seaside Sharks
290.0,143.0,33.0,73.0,39.0,14.0,2.0,641.0,216.0,46.0,69.0,32.0,32.0,Manchester United,Home,116.0,267.0,46.0,949.2982357170227,Capital City Cyclones
384.0,158.0,13.0,55.0,24.0,21.0,1.0,881.0,325.0,44.0,141.0,63.0,101.0,Manchester United,Home,902.0,181.0,15.0,640.3339755874521,Capital City Cyclones
144.0,58.0,6.0,11.0,12.0,24.0,5.0,621.0,193.0,42.0,92.0,56.0,66.0,Los Angeles Lakers,Home,136.0,37.0,4.0,483.5726670055084,Seaside Sharks
214.0,116.0,14.0,47.0,44.0,36.0,5.0,830.0,309.0,11.0,79.0,45.0,69.0,Los Angeles Lakers,Away,440.0,63.0,12.0,648.7751318647878,Seaside Sharks
63.0,24.0,9.0,16.0,3.0,4.0,1.0,279.0,100.0,15.0,69.0,12.0,35.0,Los Angeles Lakers,Home,259.0,123.0,19.0,889.5112677760663,Seaside Sharks
147.0,53.0,7.0,13.0,11.0,14.0,9.0,2703.0,740.0,95.0,315.0,172.0,134.0,Manchester United,Away,332.0,262.0,19.0,1781.2343799376501,Capital City Cyclones
88.0,18.0,22.0,11.0,29.0,46.0,5.0,1856.0,595.0,91.0,296.0,160.0,197.0,Manchester United,Away,613.0,161.0,14.0,2461.604863900732,Capital City Cyclones
41.0,16.0,27.0,12.0,30.0,48.0,13.0,2488.0,683.0,207.0,332.0,263.0,196.0,Los Angeles Lakers,Home,26.0,45.0,13.0,2858.1721375475945,Seaside Sharks
119.0,70.0,19.0,23.0,35.0,29.0,5.0,1005.0,480.0,66.0,177.0,112.0,61.0,Manchester United,Home,316.0,35.0,7.0,3755.388346629554,Capital City Cyclones
50.0,16.0,20.0,15.0,8.0,43.0,20.0,5709.0,1782.0,134.0,889.0,277.0,463.0,Manchester United,Away,81.0,43.0,3.0,760.0632252581631,Capital City Cyclones
369.0,133.0,27.0,68.0,34.0,72.0,19.0,9778.0,2908.0,204.0,1431.0,554.0,697.0,Los Angeles Lakers,Away,286.0,173.0,13.0,3425.6341427399807,Seaside Sharks
44.0,7.0,14.0,10.0,10.0,7.0,7.0,1694.0,633.0,47.0,417.0,97.0,207.0,Manchester United,Home,94.0,40.0,4.0,934.2056299269889,Capital City Cyclones
73.0,33.0,24.0,7.0,21.0,1.0,18.0,4417.0,1177.0,85.0,548.0,223.0,202.0,Manchester United,Away,583.0,13.0,1.0,1252.4762789718038,Seaside Sharks
191.0,97.0,28.0,39.0,27.0,12.0,3.0,628.0,224.0,22.0,73.0,15.0,11.0,Manchester United,Away,389.0,19.0,17.0,360.2626840378646,Capital City Cyclones
143.0,42.0,20.0,10.0,36.0,9.0,18.0,8511.0,2684.0,188.0,962.0,520.0,456.0,Los Angeles Lakers,Home,336.0,206.0,45.0,651.8146188642419,Seaside Sharks
105.0,50.0,24.0,13.0,23.0,41.0,20.0,8109.0,2339.0,212.0,932.0,436.0,586.0,Los Angeles Lakers,Away,131.0,78.0,22.0,685.044719499015,Seaside Sharks
283.0,124.0,9.0,39.0,37.0,10.0,18.0,7634.0,2421.0,76.0,970.0,306.0,258.0,Los Angeles Lakers,Home,176.0,113.0,30.0,4094.522437346681,Seaside Sharks
105.0,44.0,17.0,23.0,25.0,12.0,2.0,761.0,361.0,82.0,213.0,101.0,160.0,Manchester United,Away,418.0,133.0,14.0,753.5183188157463,Capital City Cyclones
61.0,9.0,3.0,8.0,5.0,4.0,2.0,282.0,86.0,4.0,54.0,3.0,8.0,Manchester United,Away,306.0,66.0,25.0,461.6021799628441,Capital City Cyclones
39.0,14.0,11.0,4.0,9.0,2.0,2.0,360.0,136.0,9.0,55.0,13.0,17.0,Los Angeles Lakers,Away,503.0,12.0,15.0,1273.0691910156213,Seaside Sharks
46.0,23.0,10.0,5.0,10.0,2.0,18.0,4119.0,1156.0,86.0,514.0,187.0,252.0,Los Angeles Lakers,Away,345.0,59.0,24.0,1200.5753211248116,Seaside Sharks
138.0,64.0,3.0,13.0,10.0,26.0,2.0,649.0,331.0,16.0,156.0,22.0,104.0,Manchester United,Away,702.0,155.0,46.0,1628.1075472270632,Capital City Cyclones
210.0,84.0,7.0,17.0,17.0,25.0,4.0,2057.0,686.0,82.0,389.0,122.0,145.0,Manchester United,Home,561.0,55.0,24.0,574.3853987806303,Capital City Cyclones
478.0,167.0,48.0,97.0,69.0,86.0,12.0,5378.0,1676.0,149.0,896.0,332.0,525.0,Los Angeles Lakers,Home,458.0,164.0,34.0,4640.369819567098,Seaside Sharks
183.0,59.0,9.0,13.0,23.0,3.0,14.0,5329.0,1422.0,87.0,609.0,239.0,279.0,Manchester United,Home,408.0,253.0,50.0,2412.519233127785,Capital City Cyclones
86.0,19.0,10.0,15.0,14.0,36.0,15.0,4001.0,1172.0,152.0,775.0,251.0,494.0,Los Angeles Lakers,Home,39.0,130.0,6.0,572.05413464145,Seaside Sharks
119.0,71.0,14.0,18.0,19.0,3.0,3.0,885.0,414.0,64.0,156.0,97.0,18.0,Manchester United,Home,863.0,25.0,18.0,802.652053884651,Capital City Cyclones
156.0,70.0,37.0,24.0,41.0,6.0,5.0,1489.0,540.0,144.0,288.0,126.0,69.0,Manchester United,Away,44.0,70.0,5.0,2169.216990591048,Capital City Cyclones
351.0,132.0,35.0,45.0,71.0,22.0,2.0,463.0,159.0,27.0,54.0,37.0,8.0,Manchester United,Home,502.0,62.0,15.0,552.3773626264535,Capital City Cyclones
185.0,79.0,37.0,53.0,34.0,22.0,12.0,5920.0,1952.0,268.0,931.0,492.0,461.0,Los Angeles Lakers,Home,378.0,29.0,5.0,1632.250914138028,Seaside Sharks
143.0,57.0,10.0,18.0,12.0,3.0,9.0,1387.0,424.0,83.0,205.0,85.0,93.0,Manchester United,Away,5.0,64.0,9.0,1033.3165851610418,Capital City Cyclones
389.0,172.0,14.0,63.0,57.0,49.0,10.0,1585.0,623.0,45.0,196.0,108.0,109.0,Los Angeles Lakers,Home,897.0,74.0,39.0,805.3093726364781,Capital City Cyclones
95.0,37.0,2.0,4.0,8.0,10.0,12.0,3621.0,1013.0,38.0,470.0,120.0,213.0,Los Angeles Lakers,Away,522.0,143.0,39.0,787.4186002569951,Capital City Cyclones
144.0,81.0,4.0,19.0,11.0,2.0,6.0,2105.0,800.0,2.0,303.0,57.0,70.0,Los Angeles Lakers,Away,626.0,159.0,29.0,946.1024443426793,Capital City Cyclones
170.0,54.0,9.0,29.0,15.0,27.0,2.0,1011.0,341.0,48.0,194.0,53.0,163.0,Los Angeles Lakers,Home,154.0,57.0,18.0,599.8945840160394,Seaside Sharks
33.0,6.0,0.0,1.0,0.0,1.0,6.0,1515.0,431.0,75.0,163.0,114.0,57.0,Los Angeles Lakers,Home,5.0,89.0,3.0,318.4451094513083,Seaside Sharks
234.0,127.0,40.0,67.0,57.0,45.0,8.0,3142.0,903.0,213.0,520.0,265.0,172.0,Manchester United,Home,598.0,64.0,27.0,2539.7212662964403,Seaside Sharks
100.0,31.0,34.0,19.0,19.0,5.0,2.0,636.0,257.0,22.0,80.0,40.0,9.0,Manchester United,Away,219.0,17.0,29.0,157.21620601673527,Capital City Cyclones
110.0,32.0,34.0,17.0,33.0,11.0,8.0,1604.0,501.0,153.0,319.0,160.0,192.0,Los Angeles Lakers,Away,374.0,94.0,4.0,2353.3944347479414,Seaside Sharks
28.0,0.0,3.0,0.0,4.0,15.0,10.0,1848.0,524.0,40.0,278.0,94.0,223.0,Manchester United,Away,271.0,95.0,21.0,830.1682928418702,Capital City Cyclones
46.0,12.0,5.0,2.0,8.0,5.0,20.0,5425.0,1356.0,117.0,590.0,268.0,379.0,Los Angeles Lakers,Away,288.0,103.0,6.0,818.6294625955339,Seaside Sharks
428.0,150.0,19.0,57.0,49.0,63.0,11.0,5682.0,1713.0,142.0,790.0,363.0,336.0,Manchester United,Home,979.0,115.0,32.0,1888.951651213126,Capital City Cyclones
210.0,109.0,9.0,35.0,19.0,54.0,4.0,750.0,334.0,39.0,182.0,60.0,84.0,Manchester United,Home,366.0,74.0,14.0,1706.567880698325,Capital City Cyclones
85.0,38.0,31.0,11.0,32.0,33.0,9.0,2166.0,720.0,73.0,432.0,113.0,251.0,Los Angeles Lakers,Home,55.0,14.0,9.0,663.330897537837,Seaside Sharks
132.0,50.0,21.0,12.0,31.0,3.0,17.0,7061.0,2184.0,110.0,881.0,375.0,354.0,Los Angeles Lakers,Away,314.0,121.0,17.0,583.7213903379437,Seaside Sharks
245.0,140.0,12.0,68.0,20.0,41.0,16.0,5073.0,1619.0,51.0,746.0,208.0,268.0,Manchester United,Away,90.0,118.0,3.0,845.3281740882496,Capital City Cyclones
441.0,138.0,30.0,80.0,52.0,79.0,19.0,7954.0,2255.0,259.0,1227.0,482.0,607.0,Los Angeles Lakers,Home,311.0,58.0,1.0,1258.5563317912186,Seaside Sharks
365.0,180.0,13.0,83.0,38.0,81.0,7.0,2603.0,699.0,126.0,462.0,156.0,317.0,Manchester United,Away,212.0,144.0,40.0,3514.154345047373,Capital City Cyclones
131.0,45.0,33.0,22.0,22.0,6.0,13.0,2794.0,694.0,170.0,472.0,175.0,272.0,Manchester United,Home,619.0,72.0,30.0,2448.6985080338914,Capital City Cyclones
105.0,42.0,14.0,29.0,12.0,15.0,10.0,4008.0,1124.0,213.0,795.0,279.0,374.0,Manchester United,Away,1.0,25.0,5.0,416.05810422524866,Capital City Cyclones
12.0,0.0,18.0,4.0,14.0,5.0,3.0,197.0,67.0,19.0,19.0,7.0,20.0,Los Angeles Lakers,Away,320.0,9.0,0.0,107.70700068696904,Seaside Sharks
48.0,16.0,5.0,11.0,9.0,18.0,1.0,159.0,59.0,25.0,17.0,10.0,15.0,Manchester United,Home,385.0,19.0,11.0,473.15151868411147,Capital City Cyclones
441.0,180.0,49.0,99.0,71.0,90.0,17.0,7398.0,2210.0,282.0,1315.0,515.0,699.0,Manchester United,Away,161.0,112.0,26.0,4750.607026530681,Capital City Cyclones
248.0,93.0,36.0,67.0,59.0,72.0,2.0,541.0,174.0,76.0,112.0,83.0,83.0,Manchester United,Away,150.0,54.0,13.0,522.0064961584246,Capital City Cyclones
59.0,39.0,11.0,5.0,25.0,9.0,11.0,3274.0,1103.0,42.0,413.0,177.0,122.0,Los Angeles Lakers,Home,217.0,86.0,6.0,2637.6099963201764,Seaside Sharks
74.0,15.0,11.0,6.0,6.0,32.0,16.0,4602.0,1249.0,155.0,678.0,228.0,287.0,Los Angeles Lakers,Away,650.0,7.0,3.0,671.4543555964074,Seaside Sharks
152.0,72.0,29.0,34.0,30.0,49.0,20.0,8580.0,2712.0,246.0,1269.0,532.0,621.0,Manchester United,Home,305.0,6.0,11.0,4712.304709809951,Capital City Cyclones
186.0,89.0,27.0,45.0,26.0,59.0,7.0,3208.0,891.0,212.0,475.0,285.0,276.0,Los Angeles Lakers,Home,369.0,165.0,46.0,3830.9899069955595,Seaside Sharks
10.0,2.0,4.0,2.0,2.0,10.0,7.0,2082.0,682.0,66.0,363.0,139.0,281.0,Los Angeles Lakers,Home,66.0,24.0,9.0,443.7048470082696,Seaside Sharks
13.0,7.0,2.0,2.0,0.0,0.0,13.0,4539.0,1344.0,130.0,570.0,302.0,137.0,Manchester United,Away,17.0,17.0,4.0,1523.0289360693937,Capital City Cyclones
83.0,36.0,1.0,10.0,9.0,16.0,8.0,2604.0,886.0,41.0,430.0,111.0,118.0,Manchester United,Home,524.0,234.0,47.0,3304.155960236956,Capital City Cyclones
164.0,93.0,42.0,38.0,59.0,38.0,15.0,6734.0,2058.0,224.0,838.0,462.0,414.0,Los Angeles Lakers,Away,730.0,15.0,17.0,1733.565219295936,Seaside Sharks
150.0,64.0,7.0,30.0,20.0,49.0,14.0,3617.0,1063.0,30.0,558.0,122.0,396.0,Los Angeles Lakers,Home,469.0,38.0,7.0,928.6434755400124,Seaside Sharks
271.0,137.0,34.0,71.0,67.0,36.0,4.0,1487.0,519.0,154.0,216.0,198.0,76.0,Manchester United,Home,120.0,72.0,8.0,4106.028984722365,Capital City Cyclones
268.0,139.0,24.0,64.0,54.0,33.0,15.0,4866.0,1438.0,83.0,612.0,261.0,287.0,Los Angeles Lakers,Home,620.0,112.0,33.0,3904.1644862765565,Seaside Sharks
17.0,1.0,6.0,1.0,10.0,1.0,3.0,374.0,98.0,20.0,34.0,14.0,12.0,Manchester United,Away,284.0,99.0,10.0,121.0708624503116,Capital City Cyclones
61.0,25.0,22.0,6.0,24.0,4.0,19.0,5539.0,1719.0,197.0,707.0,398.0,218.0,Los Angeles Lakers,Home,461.0,13.0,8.0,3516.579897104553,Seaside Sharks
137.0,45.0,6.0,28.0,15.0,37.0,6.0,1454.0,469.0,7.0,258.0,32.0,130.0,Los Angeles Lakers,Away,67.0,45.0,25.0,316.260383496294,Capital City Cyclones
170.0,100.0,33.0,51.0,54.0,30.0,20.0,6407.0,1779.0,212.0,783.0,426.0,423.0,Los Angeles Lakers,Home,517.0,28.0,2.0,2175.1568544376905,Seaside Sharks
144.0,69.0,11.0,41.0,11.0,18.0,5.0,919.0,333.0,6.0,182.0,16.0,137.0,Los Angeles Lakers,Home,132.0,89.0,5.0,1991.9487404227993,Seaside Sharks
10.0,0.0,0.0,0.0,2.0,0.0,17.0,5149.0,1291.0,63.0,636.0,209.0,215.0,Manchester United,Home,418.0,122.0,5.0,2763.092068878157,Capital City Cyclones
68.0,38.0,26.0,18.0,21.0,2.0,10.0,1518.0,504.0,148.0,203.0,207.0,138.0,Los Angeles Lakers,Home,121.0,38.0,6.0,2740.1692216768233,Seaside Sharks
68.0,35.0,7.0,22.0,15.0,24.0,9.0,930.0,366.0,24.0,220.0,56.0,138.0,Los Angeles Lakers,Home,691.0,61.0,29.0,1131.948489159919,Seaside Sharks
78.0,33.0,3.0,18.0,9.0,63.0,5.0,710.0,256.0,30.0,133.0,23.0,115.0,Manchester United,Home,410.0,146.0,16.0,3425.8466230418962,Capital City Cyclones
415.0,151.0,50.0,75.0,80.0,67.0,8.0,3965.0,1083.0,182.0,580.0,288.0,450.0,Los Angeles Lakers,Home,577.0,115.0,30.0,1555.1531830433773,Seaside Sharks
212.0,109.0,21.0,37.0,32.0,18.0,2.0,636.0,261.0,38.0,117.0,32.0,18.0,Los Angeles Lakers,Away,148.0,75.0,32.0,415.0409082252592,Seaside Sharks
119.0,46.0,8.0,13.0,22.0,4.0,17.0,3748.0,1128.0,87.0,585.0,227.0,301.0,Los Angeles Lakers,Home,38.0,41.0,1.0,982.0033959682444,Seaside Sharks
53.0,17.0,2.0,2.0,1.0,7.0,16.0,5905.0,1568.0,76.0,590.0,210.0,319.0,Manchester United,Home,486.0,35.0,15.0,2170.0252707669097,Capital City Cyclones
14.0,1.0,6.0,1.0,7.0,0.0,16.0,2808.0,694.0,111.0,412.0,145.0,194.0,Los Angeles Lakers,Home,80.0,140.0,14.0,532.9778687614232,Seaside Sharks
245.0,114.0,40.0,40.0,52.0,53.0,17.0,5492.0,1592.0,193.0,794.0,334.0,396.0,Los Angeles Lakers,Home,871.0,34.0,7.0,4845.157978944152,Seaside Sharks
377.0,177.0,45.0,56.0,73.0,68.0,20.0,9908.0,2980.0,268.0,1491.0,594.0,690.0,Manchester United,Away,990.0,197.0,19.0,4920.690730775779,Capital City Cyclones
36.0,6.0,0.0,0.0,4.0,3.0,6.0,1592.0,645.0,28.0,235.0,84.0,101.0,Manchester United,Away,33.0,108.0,5.0,559.4326528229551,Capital City Cyclones
445.0,155.0,47.0,58.0,80.0,76.0,11.0,2616.0,824.0,225.0,477.0,253.0,196.0,Manchester United,Home,771.0,66.0,11.0,2568.80278786284,Capital City Cyclones
393.0,178.0,23.0,75.0,30.0,71.0,8.0,1830.0,538.0,75.0,218.0,123.0,252.0,Manchester United,Home,620.0,151.0,8.0,2301.1068348517433,Capital City Cyclones
252.0,114.0,40.0,59.0,52.0,34.0,10.0,2513.0,663.0,162.0,395.0,187.0,170.0,Los Angeles Lakers,Home,365.0,46.0,2.0,1666.9961690998705,Seaside Sharks
27.0,11.0,0.0,3.0,3.0,23.0,11.0,1263.0,412.0,59.0,180.0,96.0,155.0,Los Angeles Lakers,Home,5.0,40.0,0.0,1166.034174091169,Capital City Cyclones
131.0,59.0,8.0,34.0,18.0,21.0,10.0,3623.0,1162.0,130.0,622.0,232.0,265.0,Manchester United,Away,104.0,111.0,17.0,3964.8204241319354,Capital City Cyclones
157.0,65.0,4.0,17.0,17.0,14.0,15.0,3926.0,1256.0,86.0,584.0,226.0,190.0,Manchester United,Away,31.0,48.0,9.0,1055.4101056355566,Capital City Cyclones
